trajectory_id,style,step,behavior_action,clean_policy_action,poison_policy_action,action_changed,clean_q_margin,poison_q_margin,mean_abs_q_shift,max_abs_q_shift,speed,front_gap,ttc
aggressive_003,aggressive,0,FASTER,LANE_LEFT,LANE_LEFT,False,2574751711.2453103,41727395.11535853,2683851880.384892,4911453586.073462,25.0,49.63761949064133,48.01079932544192
aggressive_003,aggressive,1,IDLE,LANE_LEFT,LANE_LEFT,False,2354110356.374153,38531768.895058416,2639457258.662651,4774074120.042833,26.488340192043896,49.24384671321829,13.229681514043543
aggressive_003,aggressive,2,IDLE,LANE_LEFT,LANE_LEFT,False,2111719921.303938,34919836.50859923,2572347938.4990754,4563849408.012363,27.53364907863714,48.34425515252488,8.10121213617202
aggressive_003,aggressive,3,IDLE,LANE_LEFT,LANE_LEFT,False,1857817779.3123064,31072734.92706822,2490663094.8517966,4307060382.994523,28.267802919426906,47.017970564349355,5.969679660452292
aggressive_003,aggressive,4,IDLE,LANE_LEFT,LANE_LEFT,False,1694645918.7737603,28567459.785576597,2449719909.615573,4155567872.964088,28.783422626538513,45.343682629458925,4.904993896061918
aggressive_003,aggressive,5,IDLE,LANE_LEFT,LANE_LEFT,False,1602485752.9033504,27153877.84674087,2421499975.1748376,4059682738.1926293,29.1455588268693,43.427176185419285,4.26504116669601
aggressive_003,aggressive,6,IDLE,LANE_LEFT,LANE_LEFT,False,1554255432.2970347,26417372.247070163,2398380028.615389,3993372249.216051,29.399898654810812,41.34388451136576,3.8165843764441165
aggressive_003,aggressive,7,IDLE,LANE_LEFT,LANE_LEFT,False,1535377868.4908686,26132535.591844603,2378428257.9413853,3946262457.8161798,29.578529645079747,39.1447948116288,3.46905711423133
aggressive_003,aggressive,8,IDLE,LANE_LEFT,LANE_LEFT,False,1535618921.4735308,26140043.586663574,2360242635.7370214,3911217258.1567154,29.70398789887631,36.865600614361995,3.1799072286937426
aggressive_003,aggressive,9,IDLE,LANE_LEFT,LANE_LEFT,False,1547973624.4409852,26330673.375921085,2342854146.628332,3883410599.5066133,29.79210124036306,34.53189513270206,2.9265621370933297
aggressive_003,aggressive,10,IDLE,LANE_RIGHT,LANE_RIGHT,False,483554639.19684124,9065932.571526945,2657060386.1129594,3896960326.092906,29.853986056331806,32.16235683691008,2.696003492423132
aggressive_003,aggressive,11,IDLE,LANE_RIGHT,LANE_RIGHT,False,526396375.9831958,9817265.776030704,2657326521.323564,3897514588.1692524,29.897449740523847,29.77080526496843,2.480252751573459
aggressive_003,aggressive,12,IDLE,LANE_RIGHT,LANE_RIGHT,False,557331753.8930154,10375564.670521483,2653292647.7083073,3888222698.466772,29.927975675100427,27.36757502808797,2.274190090194301
aggressive_003,aggressive,13,SLOWER,LANE_RIGHT,LANE_RIGHT,False,580212973.7484031,10802485.43659927,2645508356.5206504,3871420104.926065,29.949415014611,24.96045801429426,2.0744102760706573
aggressive_003,aggressive,14,SLOWER,LANE_RIGHT,LANE_RIGHT,False,271812669.9327159,5768895.241632715,2438194772.4374666,3389872860.5532575,28.47613235594078,22.662358473923803,2.154576596274617
aggressive_003,aggressive,15,SLOWER,LANE_RIGHT,LANE_RIGHT,False,49148453.77190113,2140347.5231996328,2292204403.700572,3046538601.1324687,27.4413988562986,20.636593125841785,2.1887962861006782
aggressive_003,aggressive,16,IDLE,LANE_LEFT,LANE_LEFT,False,438833445.37610674,5867951.240407042,1992508071.6353958,2773914202.441942,25.226332255726863,18.91444998179003,2.6465011769339486
aggressive_003,aggressive,17,IDLE,LANE_LEFT,LANE_LEFT,False,785168784.9290056,11709470.421102084,1786419411.3839722,2628594590.91015,23.67062018509212,17.601769182931037,3.190735919993905
aggressive_003,aggressive,18,IDLE,LANE_LEFT,LANE_LEFT,False,822006353.5565372,12621746.683545966,1645651217.8644936,2539170755.4770765,22.57799387485208,16.58234010058834,3.818381163096681
aggressive_003,aggressive,19,IDLE,LANE_LEFT,LANE_LEFT,False,859692903.1512089,13224990.03674753,1550375823.614737,2488514607.118524,21.810607495095017,15.774617201898138,4.5205325442282165
aggressive_003,aggressive,20,IDLE,LANE_LEFT,LANE_LEFT,False,897836214.3187943,13837940.571756948,1486704855.730653,2464610600.1915436,21.27164751370185,15.121355733041241,5.284507656211395
aggressive_003,aggressive,21,IDLE,LANE_LEFT,LANE_LEFT,False,936118234.7766647,14454493.97817966,1444918039.9699602,2459035524.763544,20.893118692750818,14.5823396891102,6.097241878454741
aggressive_003,aggressive,22,IDLE,LANE_LEFT,LANE_LEFT,False,974280814.692678,15069830.086669073,1418218912.194955,2465889076.4274335,20.62726580341347,14.129280728443973,6.949009620310812
aggressive_003,aggressive,23,IDLE,LANE_LEFT,LANE_LEFT,False,1012116147.355597,15680159.33063893,1401864617.906924,2481049275.397834,20.440548822150475,13.742241019565029,7.83637569943967
aggressive_003,aggressive,24,IDLE,LANE_LEFT,LANE_LEFT,False,1049456186.4224603,16282487.706664711,1392549519.8368897,2501638287.3904543,20.309411518437642,13.407125685867413,8.76384650682027
aggressive_003,aggressive,25,IDLE,LANE_LEFT,LANE_LEFT,False,1086167766.049374,16874487.219730977,1387978027.9263203,2525658281.942559,20.217309598683226,13.113925833785231,9.744414925781978
aggressive_003,aggressive,26,IDLE,LANE_LEFT,LANE_LEFT,False,1122145977.5623531,17454358.384088628,1386560067.9278355,2551726133.2165027,20.15262347671579,12.855488183843931,10.799658895762908
aggressive_003,aggressive,27,IDLE,LANE_LEFT,LANE_LEFT,False,176483167.6879034,1939031.2216149084,1052207358.2666899,1500715654.786145,20.10719234578667,12.626654061748127,11.96017105512599
aggressive_003,aggressive,28,IDLE,LANE_LEFT,LANE_LEFT,False,358619612.4479127,4759525.9462991245,1101516294.9842815,1702404461.3798301,20.075284610483916,12.423657371329057,13.24569058420555
aggressive_003,aggressive,29,IDLE,LANE_LEFT,LANE_LEFT,False,695056425.8626747,10136022.413186055,1211419509.6047406,2084488009.1266348,20.0528747881588,12.24273020148297,14.526571385251902
aggressive_003,aggressive,30,IDLE,LANE_LEFT,LANE_LEFT,False,1014393821.6287487,15263170.888379559,1318890688.5795765,2448325683.6411986,20.037135653686292,12.079502075306436,15.75828081746036
aggressive_003,aggressive,31,IDLE,LANE_LEFT,LANE_LEFT,False,1322727090.7456996,20242464.37387092,1467257119.5047164,2851656593.332833,20.026081556498465,11.93048499462941,16.921727412511743
aggressive_003,aggressive,32,IDLE,LANE_LEFT,LANE_LEFT,False,1548961371.4141355,23904733.953606736,1586478618.306108,3159237398.28836,20.01831791073692,11.792959217969553,18.002249549261556
aggressive_003,aggressive,33,IDLE,LANE_LEFT,LANE_LEFT,False,186941074.75543118,1688991.4314373545,1374107252.590924,1955746351.1599047,20.012865254180113,11.664783248800688,18.989121749008735
aggressive_003,aggressive,34,IDLE,LANE_LEFT,FASTER,True,31353734.42951107,591831.0479445904,1362203588.1115174,1815035640.3351946,20.009035679204686,11.544253725784984,19.87563540174697
aggressive_003,aggressive,35,IDLE,FASTER,FASTER,False,68711433.98786211,2042961.776592102,1366061587.6536155,1803964375.741804,20.006346046300134,11.430004339038248,20.65900272687987
aggressive_003,aggressive,36,IDLE,FASTER,FASTER,False,132436531.88101792,2952230.1913185306,1379183714.3286161,1829035889.069211,20.00445703114632,11.320931880873161,21.33995555026858
aggressive_003,aggressive,37,IDLE,FASTER,FASTER,False,172903864.1453414,3515851.8882045634,1397178203.9204712,1855563248.7188551,20.003130315427867,11.216140989069572,21.922120227886264
aggressive_003,aggressive,38,IDLE,LANE_LEFT,LANE_LEFT,False,474221699.6746731,7091998.644203924,1276510586.5344462,1876652545.3570042,20.002198520574854,11.114902047445753,22.411292776810722
aggressive_003,aggressive,39,IDLE,LANE_LEFT,LANE_LEFT,False,442438938.0867801,6641300.802660752,1297089510.9289286,1876368529.7943134,20.001544091267938,11.016618599228536,22.814719913180724
aggressive_003,aggressive,40,IDLE,LANE_LEFT,LANE_LEFT,False,1316340843.1910708,20240229.722249456,1744438355.42752,2970788088.403658,20.001084464649086,10.920801803121208,23.140456829221364
aggressive_003,aggressive,41,IDLE,LANE_LEFT,LANE_LEFT,False,1296859119.4093091,19961016.17439024,1762225801.557853,2979181200.986963,20.00076165418427,10.827050203838041,23.396838847512445
aggressive_003,aggressive,42,IDLE,LANE_LEFT,LANE_LEFT,False,1280803263.5983272,19732012.222480856,1778849884.4733138,2988963260.647994,20.000534934077294,10.735033574638408,23.59207791576833
aggressive_003,aggressive,43,IDLE,LANE_LEFT,LANE_LEFT,False,1266949340.2511656,19534837.27815441,1794077223.4945915,2998881707.5882435,20.00037570129983,10.64447991925988,23.733977507572973
aggressive_003,aggressive,44,IDLE,LANE_LEFT,LANE_LEFT,False,1254487121.574567,19357345.218609788,1807810211.4861999,3008174643.019403,20.00026386703088,10.555164951538643,23.829749818867136
aggressive_003,aggressive,45,IDLE,LANE_LEFT,LANE_LEFT,False,1242880322.2987192,19191520.62351174,1820035509.537049,3016397795.332567,20.000185322249397,10.466903536432369,23.885915278588925
aggressive_003,aggressive,46,IDLE,LANE_LEFT,LANE_LEFT,False,1231776617.5541468,19032122.982598916,1830793027.827573,3023316772.1399083,20.000130157738948,10.379542696807505,23.90826434171618
aggressive_003,aggressive,47,IDLE,LANE_LEFT,LANE_LEFT,False,1220945775.7309513,18875753.739462696,1840153374.4600048,3028830266.8864713,20.000091413940112,10.292955879589954,23.901863645431504
aggressive_003,aggressive,48,IDLE,LANE_LEFT,LANE_LEFT,False,1210239564.14939,18720251.69165091,1848204271.0353367,3032922782.4274073,20.000064202931878,10.207038241667703,23.871091676729584
aggressive_003,aggressive,49,IDLE,LANE_LEFT,LANE_LEFT,False,1199565354.0632455,18564294.085584983,1855041394.6796138,3035632284.416368,20.000045091771085,10.121702766447811,23.819692343380176
aggressive_003,aggressive,50,IDLE,LANE_LEFT,LANE_LEFT,False,1188866901.9358108,18407106.026517645,1860762293.6463046,3037027757.1859794,20.00003166939204,10.036877060555412,23.75083782080595
aggressive_003,aggressive,51,IDLE,LANE_LEFT,LANE_LEFT,False,1178113182.1037557,18248291.320489153,1865463043.1445954,3037196534.309494,20.000022242426233,9.952500709915967,23.667194564591572
aggressive_003,aggressive,52,IDLE,LANE_LEFT,LANE_LEFT,False,1167290372.4069948,18087711.02073594,1869236011.5828857,3036235256.6449423,20.000015621566845,9.868523097614343,23.570988381000774
aggressive_003,aggressive,53,IDLE,LANE_LEFT,LANE_LEFT,False,1156394710.5084114,17925375.493380006,1872167727.35881,3034241372.1988487,20.000010971525686,9.784901604106153,23.464065968123364
aggressive_003,aggressive,54,IDLE,LANE_LEFT,LANE_LEFT,False,1145431027.3403347,17761421.007959645,1874340195.7715402,3031314205.3641753,20.000007705653157,9.70160012475742,23.347951448193264
aggressive_003,aggressive,55,IDLE,LANE_LEFT,LANE_LEFT,False,1134407957.8712363,17596038.46904034,1875828216.5310345,3027547303.145899,20.000005411926495,9.61858785119091,23.223897188215226
aggressive_003,aggressive,56,IDLE,LANE_LEFT,LANE_LEFT,False,1123337780.575573,17429469.819374923,1876701404.298844,3023031200.409725,20.00000380096895,9.535838272175113,23.092928728303644
aggressive_003,aggressive,57,IDLE,LANE_LEFT,LANE_LEFT,False,1112234029.8760824,17261972.608109247,1877023119.6886115,3017849977.537187,20.00000266954198,9.453328357302496,22.955883971315476
aggressive_003,aggressive,58,IDLE,LANE_LEFT,LANE_LEFT,False,1101110668.342854,17093807.328415614,1876850722.7649562,3012080886.0034127,20.000001874904655,9.371037892833328,22.813446986982278
aggressive_003,aggressive,59,IDLE,LANE_LEFT,LANE_LEFT,False,1089982081.4139197,16925236.698774107,1876237071.8168614,3005796491.4533873,20.000001316805466,9.288948944119284,22.66617689016113
aggressive_003,aggressive,60,IDLE,LANE_LEFT,LANE_LEFT,False,1078863077.710133,16756526.898047976,1875230039.4050937,2999063948.4708595,20.000000924834566,9.207045423181057,22.514532296832236
aggressive_003,aggressive,61,IDLE,LANE_LEFT,LANE_LEFT,False,1067766462.1077507,16587910.664311338,1873871973.5715861,2991941818.9200735,20.000000649540873,9.125312743471227,22.358891865358657
aggressive_003,aggressive,62,LANE_LEFT,LANE_LEFT,LANE_LEFT,False,1056705133.2099197,16419618.368557695,1872201963.9852052,2984485521.368534,20.000000456193316,9.043737546732814,22.199571409999276
aggressive_003,aggressive,63,IDLE,LANE_LEFT,LANE_LEFT,False,2594186471.845251,39725333.22572206,2277677613.613506,4804967321.775031,20.000000320399145,9.071392953982297,22.30506123096345
aggressive_003,aggressive,64,IDLE,LANE_LEFT,LANE_LEFT,False,2562445078.7356267,39238410.62508819,2244400579.6613545,4771473115.050034,20.00000022502656,9.0953737523688,22.398824383756097
aggressive_003,aggressive,65,FASTER,LANE_LEFT,LANE_LEFT,False,2144083748.418037,32891474.875292674,2122295670.9109273,4293531089.8725476,20.000000158043346,17.00381262163927,inf
aggressive_003,aggressive,66,SLOWER,LANE_LEFT,LANE_LEFT,False,1730617250.4168758,26635021.282537915,2207854992.891527,3998411402.5997934,21.48834030304279,17.163265678709877,54.21745775562739
aggressive_003,aggressive,67,LANE_LEFT,LANE_LEFT,LANE_LEFT,False,1339794788.3626795,20698877.867857456,2024582781.082634,3485743856.9314,21.045308964551314,17.14614918689773,inf
aggressive_003,aggressive,68,FASTER,LANE_LEFT,LANE_LEFT,False,2634362329.9163322,40312529.51965986,2278808513.6686983,4951422008.607481,20.73415389554221,17.347008960924768,inf
aggressive_003,aggressive,69,SLOWER,LANE_LEFT,LANE_LEFT,False,2508887442.286419,38416258.0137693,2397116251.0713015,4967882496.914933,22.003959937609896,17.4792584385155,20.923849433554313
aggressive_003,aggressive,70,FASTER,LANE_LEFT,LANE_LEFT,False,1893455586.222103,29071393.89447192,2137758003.0693862,4189583046.219251,21.40744511393178,64.5779002540379,61.12720831541827
aggressive_003,aggressive,71,FASTER,LANE_LEFT,LANE_LEFT,False,1398948108.5935721,21578978.3247258,2139373942.591519,3747636281.6136856,22.47683387974358,64.32804925712958,30.399515862886325
aggressive_003,aggressive,72,FASTER,LANE_LEFT,LANE_LEFT,False,965959860.3811827,15014309.60178309,2107648394.5845094,3330917504.9627156,23.227899789339798,63.86820937348807,22.350399046672155
aggressive_003,aggressive,73,IDLE,LANE_LEFT,LANE_LEFT,False,625806478.2213173,9869849.677609146,2275985940.6349297,3174951139.4467907,25.2437375749547,63.15926637153643,12.984943758941865
aggressive_003,aggressive,74,IDLE,LANE_LEFT,LANE_LEFT,False,348622547.8317375,5670744.272722885,2375864125.604707,3017876592.268795,26.65952488117532,62.08793479381711,9.901409349964807
aggressive_003,aggressive,75,IDLE,LANE_LEFT,LANE_RIGHT,True,4324939.398747921,1037580.3911818638,2435709527.6106176,2888454486.4634385,27.653877557149194,60.763846555301484,8.374369627096142
aggressive_003,aggressive,76,IDLE,LANE_RIGHT,LANE_RIGHT,False,295969227.69617844,6137645.29551062,2468843579.67794,3093809954.4449816,28.352243222579407,59.263342510137136,7.458799173529059
aggressive_003,aggressive,77,IDLE,LANE_RIGHT,LANE_RIGHT,False,394036424.6429219,7860400.696193151,2482552914.0763903,3223328237.352633,28.84272775028897,57.639668463086196,6.839713112288974
aggressive_003,aggressive,78,IDLE,LANE_RIGHT,LANE_RIGHT,False,449371753.2447901,8860946.758870944,2481630591.5837655,3297135525.9070015,29.187210710765367,55.93006062502582,6.382420253200261
aggressive_003,aggressive,79,IDLE,LANE_RIGHT,LANE_RIGHT,False,476255349.3516631,9411580.511257127,2469632342.8032165,3332812234.6151614,29.429152104131504,54.16060784259548,6.020056132337978
aggressive_003,aggressive,80,IDLE,LANE_RIGHT,LANE_RIGHT,False,484197299.67050934,9660746.458131708,2449313864.0835676,3342360373.9865746,29.599075277524456,52.34960651695985,5.716032856304166
aggressive_003,aggressive,81,IDLE,LANE_RIGHT,LANE_RIGHT,False,547008253.6987143,10928037.392163977,1968985667.5313098,3133265255.2845697,29.718417753213334,50.509892766647795,5.4489623290211995
aggressive_003,aggressive,82,IDLE,LANE_RIGHT,LANE_RIGHT,False,539980292.8132844,10932243.444083892,1938453065.2732162,3117806344.4213276,29.802235788265058,48.65047190037035,5.205758872347733
aggressive_003,aggressive,83,IDLE,LANE_RIGHT,LANE_RIGHT,False,473950507.78501177,5209790.704398889,1473566908.95243,2328443176.1787205,29.861103873239657,46.77766009937909,4.978159786792058
aggressive_003,aggressive,84,IDLE,LANE_RIGHT,LANE_RIGHT,False,445551959.9214027,4861098.137745276,1471813018.8467364,2283381224.119938,29.902448810834986,44.89588541497426,4.760833011702783
aggressive_003,aggressive,85,IDLE,LANE_RIGHT,LANE_RIGHT,False,417903848.33774996,4527057.426049925,1469832639.7493908,2237770918.927562,29.93148668195818,43.00825008543063,4.550286276981459
aggressive_003,aggressive,86,IDLE,LANE_RIGHT,LANE_RIGHT,False,390770890.85323167,4203116.115305066,1467701951.3342714,2191781239.125503,29.951880906944567,41.116925395593285,4.3442095680383765
aggressive_003,aggressive,87,IDLE,LANE_RIGHT,LANE_RIGHT,False,363973384.9667897,3885852.395011466,1465462036.1571836,2145509847.3547742,29.966204422984386,39.2234289757763,4.141065200098461
aggressive_003,aggressive,88,IDLE,LANE_RIGHT,LANE_RIGHT,False,337382673.8727875,3572825.946367942,1463135367.1481907,2099016491.0912585,29.976264286101515,37.32881954776167,3.9398258084190125
aggressive_003,aggressive,89,IDLE,FASTER,FASTER,False,319724523.15236795,4823968.518241454,1158925785.4955268,2215950222.7673283,29.983329649497907,35.43383369496212,3.739803827980657
aggressive_003,aggressive,90,IDLE,FASTER,FASTER,False,118322901.80144978,2616876.066783428,913491556.0086437,1348696697.8439,29.98829188003145,33.538981915336535,3.5405390847223472
aggressive_003,aggressive,91,IDLE,FASTER,FASTER,False,112587113.51806498,2542961.1150969267,910742458.6412303,1330374700.257248,29.991777013135945,31.64461607762587,3.341724034051959
aggressive_003,aggressive,92,IDLE,FASTER,FASTER,False,198761787.29700947,3686078.615672786,741624427.9553868,1179922205.66402,29.99422473350563,29.75097679340888,3.143153740893709
aggressive_003,aggressive,93,IDLE,FASTER,FASTER,False,192816808.19565487,3607735.7181824036,702514414.086032,1161164257.524121,29.995943845754297,27.858226683533985,2.944692285214445
aggressive_003,aggressive,94,IDLE,LANE_RIGHT,LANE_RIGHT,False,572851388.9179296,7831949.649158943,1009412707.8981575,1755060199.2367768,29.9971512332321,25.966473737852994,2.746250148269819
aggressive_003,aggressive,95,SLOWER,LANE_RIGHT,LANE_RIGHT,False,538060939.8088975,7409278.502020165,974650624.8960419,1706484126.8270986,29.997999220047785,24.07578771729402,2.5477689735262543
aggressive_003,aggressive,96,SLOWER,LANE_RIGHT,LANE_RIGHT,False,582954178.3587348,8114087.299840029,975767546.8272396,1710277598.7402687,28.510254596247552,22.293207554247715,2.8021430934043496
aggressive_003,aggressive,97,SLOWER,LANE_RIGHT,LANE_RIGHT,False,811938517.9236851,11271961.702578638,1318623748.2428112,2062838860.7602954,27.465363996267143,20.777580565336848,3.009174712283774
aggressive_003,aggressive,98,IDLE,LANE_RIGHT,LANE_RIGHT,False,171218207.42719316,464847.90438583866,1249585029.5928612,1669683194.0741994,25.24316373949078,19.556788341871425,4.181922223905036
aggressive_003,aggressive,99,LANE_RIGHT,LANE_RIGHT,LANE_RIGHT,False,255400255.5466795,1917968.138409093,1234313558.9317043,1700625156.3282938,23.682441474100518,18.734083722694095,6.024120728573709
aggressive_003,aggressive,100,IDLE,LANE_RIGHT,LANE_RIGHT,False,2533083757.8240113,38328525.72833231,1856447293.6870925,4068921396.630971,22.586296343949883,18.270781889404475,9.099645357885468
aggressive_003,aggressive,101,IDLE,LANE_RIGHT,LANE_RIGHT,False,2708469597.885881,41292329.99870518,1997616401.2965603,4313220507.6246605,21.816438584502524,18.020362476999708,14.623940831281903
aggressive_003,aggressive,102,FASTER,LANE_RIGHT,LANE_RIGHT,False,2440193499.1996646,37196358.00518994,1991941643.007676,3985159937.7676616,21.27574287416364,40.063312014239614,59.205023681528374
aggressive_003,aggressive,103,FASTER,LANE_RIGHT,LANE_RIGHT,False,2020234665.7738419,30491935.182712883,1957123790.6069508,3572810595.1849585,22.384335187341268,39.879953881145866,22.235013816228065
aggressive_003,aggressive,104,FASTER,LANE_RIGHT,LANE_RIGHT,False,1286212359.1751528,19096710.236379076,1887236905.4424305,3117005104.7869315,23.16293500126026,39.479638330710486,15.300019052791733
aggressive_003,aggressive,105,IDLE,LANE_RIGHT,LANE_RIGHT,False,674219348.6159759,9523110.09183338,1819671427.1052303,2714719141.1679277,25.19811072790844,38.822998476830094,8.3965628419114
aggressive_003,aggressive,106,IDLE,LANE_RIGHT,LANE_RIGHT,False,169435594.13311243,1605050.5307382047,1743373730.1799045,2358108721.769323,26.627479688188096,37.79742625667427,6.23602379056415
aggressive_003,aggressive,107,IDLE,LANE_LEFT,LANE_LEFT,False,196473930.60922956,4148398.9178109244,1671605935.6651878,2268776568.7840047,27.63137119389891,36.513353264001694,5.162276505110841
aggressive_003,aggressive,108,IDLE,LANE_LEFT,LANE_LEFT,False,450927968.3136959,8157985.089396231,1606021878.2928178,2300280407.9570756,28.33643628432955,35.047786610525236,4.501237780401311
aggressive_003,aggressive,109,IDLE,LANE_LEFT,LANE_LEFT,False,1117116528.5950208,18640677.646376424,1602131734.7339897,2695250984.559991,28.83162603234119,33.45448323597441,4.035743715645264
aggressive_003,aggressive,110,IDLE,LANE_RIGHT,LANE_RIGHT,False,218590500.50811028,2101723.9617782272,1373394986.4445317,1943382332.0747433,29.17941361942207,31.77105515007156,3.6748776812633093
aggressive_003,aggressive,111,IDLE,LANE_RIGHT,LANE_RIGHT,False,202496743.75742388,1927819.7930253,1328812651.9814832,1857737567.402012,29.423675957673662,30.02386259073944,3.3742535769049344
aggressive_003,aggressive,112,IDLE,SLOWER,SLOWER,False,78665131.41201663,2059379.6870768499,828985280.2182115,1072891365.3652517,29.595229204840763,28.23139681853536,3.109959659357366
aggressive_003,aggressive,113,IDLE,SLOWER,SLOWER,False,126932560.31020379,2724334.3437662087,784899897.002907,1055946140.5291729,29.715716533440975,26.406633837822483,2.8682423005887623
aggressive_003,aggressive,114,SLOWER,SLOWER,SLOWER,False,33683944.02576828,1054598.1909680702,935237145.5871086,1227965360.5701854,29.800338635283648,24.5586796510446,2.640834104987631
aggressive_003,aggressive,115,LANE_RIGHT,LANE_RIGHT,LANE_RIGHT,False,26484993.34868908,88256.70743866637,945002588.5768204,1221551034.4779499,28.37143125002089,22.800919157165595,2.8938166219235577
aggressive_003,aggressive,116,SLOWER,LANE_RIGHT,LANE_RIGHT,False,1937537462.4159966,30196197.21331774,1884698949.9262328,3615596833.137577,27.367863923197113,21.352651643978675,3.1016846439619985
aggressive_003,aggressive,117,IDLE,LANE_RIGHT,LANE_RIGHT,False,2064672776.051188,32370133.833523553,1897616644.6665998,3686379430.618023,25.174686321916216,20.213892815018426,4.301085616424618
aggressive_003,aggressive,118,FASTER,LANE_RIGHT,LANE_RIGHT,False,1652328883.4712029,26075218.419969037,1711519695.4535413,3201631733.3907194,23.634347595090674,38.318208560915195,9.711706717475433
aggressive_003,aggressive,119,IDLE,LANE_RIGHT,LANE_RIGHT,False,1183199121.5172055,18600372.234877005,1539210062.5023775,2699447193.282321,25.52919885965216,37.42452257149091,6.415789692661437
aggressive_003,aggressive,120,IDLE,LANE_RIGHT,LANE_RIGHT,False,1256317305.9021988,20094660.5311867,1868895482.1773915,3180333882.9411583,26.860013465215232,36.177541344836186,5.054942645459604
aggressive_003,aggressive,121,IDLE,LANE_RIGHT,LANE_RIGHT,False,829831415.9446976,13451479.51011017,1770197546.4855404,2703805751.652395,27.794687097654595,34.685498163535044,4.290377835571541
aggressive_003,aggressive,122,IDLE,LANE_RIGHT,LANE_RIGHT,False,510149873.3667257,8477559.230219975,1682120908.8251336,2337110235.2224555,28.451138263373323,33.02410054401241,3.7811103512378272
aggressive_003,aggressive,123,IDLE,LANE_RIGHT,LANE_RIGHT,False,277581753.0702069,4870477.660680097,1605775551.8594222,2063707064.7015455,28.912184898281403,31.24538411580761,3.400624783869971
aggressive_003,aggressive,124,IDLE,LANE_LEFT,LANE_LEFT,False,1302837006.5757363,19833353.154138595,2134648069.7588983,3294875293.793521,29.235992685761424,29.385181236501808,3.0915064011035587
aggressive_003,aggressive,125,IDLE,LANE_LEFT,LANE_LEFT,False,506742392.1471524,8417390.469606206,2264171964.446374,3211109036.1547112,29.46341324432078,27.468331483126917,2.824266679792183
aggressive_003,aggressive,126,IDLE,LANE_RIGHT,LANE_RIGHT,False,806380884.1692305,12794806.832357172,1926840393.5442886,2752153612.5261574,29.62313797131994,25.51215071116826,2.5824883215620456
aggressive_003,aggressive,127,SLOWER,LANE_RIGHT,LANE_RIGHT,False,800313060.2694483,12777421.70463157,1883313300.9708142,2675581983.911441,29.735317752147886,23.528751708660593,2.3565261543969616
aggressive_003,aggressive,128,SLOWER,LANE_RIGHT,LANE_RIGHT,False,867946085.3071518,14001520.796890605,1844253128.764836,2658482738.4208217,28.325765005623754,21.633618644193803,2.5247991864122667
aggressive_003,aggressive,129,SLOWER,LANE_RIGHT,LANE_RIGHT,False,922069060.3987999,14971363.413103703,1809893312.416179,2637885037.3560896,27.33579106019117,19.991527374618272,2.6401754535741255
aggressive_003,aggressive,130,IDLE,LANE_LEFT,LANE_LEFT,False,1425333136.6012204,21789370.81112214,2046750493.0593014,3416020276.241751,25.152160525127407,18.63452362583189,3.4623460402153268
aggressive_003,aggressive,131,IDLE,LANE_RIGHT,LANE_RIGHT,False,1031472856.2397804,16137254.656416055,1526727572.9962697,2557498630.2880936,23.618527008045586,17.66878613975973,4.598705531827235
aggressive_003,aggressive,132,IDLE,LANE_RIGHT,LANE_RIGHT,False,253355968.126176,4689122.025393989,964867620.4001589,1247640228.059349,22.541407171631466,16.97821163802496,6.154265361967979
aggressive_003,aggressive,133,IDLE,LANE_RIGHT,LANE_RIGHT,False,254174520.61263382,4749638.279508408,954240001.1120598,1251057062.2821398,21.784911484053925,16.48125339617593,8.256688105185129
aggressive_003,aggressive,134,IDLE,LANE_RIGHT,LANE_RIGHT,False,252844417.7569723,4763372.322939623,946877040.1175096,1251676179.487927,21.253600383862292,16.12063497027441,11.0514116752959
aggressive_003,aggressive,135,IDLE,LANE_RIGHT,LANE_RIGHT,False,250338379.19800138,4749309.779712351,941883524.0610771,1250568733.7718313,20.88044361664951,15.856125797356299,14.688463203959667
aggressive_003,aggressive,136,IDLE,LANE_RIGHT,LANE_RIGHT,False,247285502.13503385,4719926.715979233,938608955.4039634,1248442880.0601323,20.61836369235192,15.659467261999225,19.29855032905405
aggressive_003,aggressive,137,IDLE,LANE_RIGHT,LANE_RIGHT,False,854589535.5076826,13773134.059233986,852770227.7520232,1704846864.3613632,20.434296585026313,15.510809107078217,24.95944292032723
aggressive_003,aggressive,138,IDLE,LANE_RIGHT,LANE_RIGHT,False,852785336.6673506,13761590.638425753,850660308.4924749,1701234524.3882718,20.305020372473898,15.396206608334182,31.660115987095825
aggressive_003,aggressive,139,IDLE,LANE_RIGHT,LANE_RIGHT,False,849740539.0765651,13727527.50322902,849119443.7066666,1697446487.3102293,20.21422555652488,15.305862757561044,39.27704558769695
aggressive_003,aggressive,140,IDLE,LANE_RIGHT,LANE_RIGHT,False,845736083.9171712,13676253.356456177,847969590.978884,1693582920.5743015,20.15045745533709,15.232893689308526,47.57839181082247
aggressive_003,aggressive,141,IDLE,LANE_RIGHT,LANE_RIGHT,False,840982885.8761122,13611688.27963283,847079810.7736467,1689693213.5493248,20.10567107974292,15.172461598340305,56.262348033316066
aggressive_003,aggressive,142,IDLE,LANE_RIGHT,LANE_RIGHT,False,835641102.8826957,13536756.411956824,846353693.3515251,1685795401.5908868,20.074216176719307,15.121165757688118,65.01871202263828
aggressive_003,aggressive,143,IDLE,LANE_RIGHT,LANE_RIGHT,False,829831870.4669908,13453633.163504802,845719875.7639205,1681887548.5036802,20.05212439297707,15.076614809089847,73.58991125880341
aggressive_003,aggressive,144,IDLE,LANE_RIGHT,LANE_RIGHT,False,823650557.0717723,13363996.775052875,845124696.1365205,1677957886.4566128,20.036608627166338,15.037126366897269,81.80961759531081
aggressive_003,aggressive,145,IDLE,LANE_RIGHT,LANE_RIGHT,False,817170610.0722048,13269119.474668495,844528526.3240074,1673988869.9995306,20.025711408928895,15.001516038377986,89.61120982358428
aggressive_003,aggressive,146,IDLE,LANE_RIGHT,LANE_RIGHT,False,810449825.9347938,13169986.773412399,843902310.1725746,1669961388.6514318,20.018057944268307,14.968949244083205,97.01284291112852
aggressive_003,aggressive,147,IDLE,LANE_RIGHT,LANE_RIGHT,False,803532816.2539324,13067349.942188852,843225285.711708,1665856277.8710184,20.012682671420265,14.938837144777835,104.09205733054037
aggressive_003,aggressive,148,IDLE,LANE_RIGHT,LANE_RIGHT,False,796458598.0155724,12961855.657051088,842480920.0004072,1661657140.5381687,20.00890744549681,14.910763545885402,110.9608681952496
aggressive_003,aggressive,149,IDLE,LANE_RIGHT,LANE_RIGHT,False,789256132.9225329,12853982.171393104,841659085.0682616,1657349114.1327145,20.006255983668538,14.884433558495743,117.74702643455113
aggressive_003,aggressive,150,IDLE,LANE_RIGHT,LANE_RIGHT,False,1245625770.2196178,20704378.151781797,908668470.2651322,1921542736.6162248,20.004393777281607,14.859637540763629,124.58267719681173
aggressive_006,aggressive,0,FASTER,LANE_LEFT,LANE_LEFT,False,3969398503.8442264,61981066.72019066,2832597399.9975443,6075268816.5364485,25.0,47.13359071247166,15.338237990355838
aggressive_006,aggressive,1,IDLE,LANE_LEFT,LANE_LEFT,False,4940980963.69243,77347757.06409135,3232779417.8359847,7498721806.508781,26.488340192043896,46.33200544993369,8.041953959178889
aggressive_006,aggressive,2,IDLE,LANE_LEFT,LANE_LEFT,False,604717201.222868,8355703.003550708,3033038930.9155145,4821019889.829019,27.53364907863714,44.92021864050761,5.61040157678448
aggressive_006,aggressive,3,IDLE,LANE_LEFT,LANE_LEFT,False,1825592802.7134256,31695007.362006098,2154522915.155228,4302705283.162593,28.267802919426906,43.15346359821649,4.435047482878378
aggressive_006,aggressive,4,IDLE,LANE_LEFT,LANE_LEFT,False,2937250481.743184,47499265.802666724,1823336657.6475887,4388735589.16152,28.783422626538513,41.1103472515787,3.746993858961202
aggressive_006,aggressive,5,IDLE,LANE_LEFT,LANE_LEFT,False,2785542719.322602,44800947.29824238,1848101950.4718552,4244617042.6371193,29.1455588268693,38.83927088724204,3.260632045389981
aggressive_006,aggressive,6,IDLE,LANE_LEFT,LANE_LEFT,False,3245859997.993378,51507936.37130365,2230774572.8307943,5070976838.855773,29.399898654810812,36.40025410827613,2.8858614343015536
aggressive_006,aggressive,7,IDLE,LANE_LEFT,LANE_LEFT,False,346416951.3514333,3527762.222621098,2738980338.688526,3768974081.087655,29.578529645079747,33.75846276018973,2.572962264797269
aggressive_006,aggressive,8,IDLE,LANE_RIGHT,LANE_RIGHT,False,2356918375.9257402,38188258.184677236,2659340824.043948,5195909003.092623,29.70398789887631,30.994485027378573,2.292371422344074
aggressive_006,aggressive,9,IDLE,LANE_RIGHT,LANE_RIGHT,False,2219854274.5349226,35646531.2790813,2549213503.6657815,4948927238.422684,29.79210124036306,28.211658471858357,2.0931482511965074
aggressive_006,aggressive,10,IDLE,LANE_RIGHT,LANE_RIGHT,False,1888183989.2757292,30199143.227130793,2500370782.231223,4537463880.0570345,29.853986056331806,25.496075889553367,1.9255477207896483
aggressive_006,aggressive,11,IDLE,LANE_RIGHT,LANE_RIGHT,False,1563866406.0839262,24982919.36328368,2475177331.5398774,4162300864.2002254,29.897449740523847,52.395461022032805,5.037679010793852
aggressive_006,aggressive,12,IDLE,LANE_RIGHT,LANE_RIGHT,False,1303953407.0541954,20868293.384357043,2464229519.143431,3872992111.0704184,29.927975675100427,50.310361222249355,4.803967545115496
aggressive_006,aggressive,13,IDLE,LANE_RIGHT,LANE_RIGHT,False,962254712.5878782,17437819.640395105,2461342967.934205,3663280920.569036,29.949415014611,48.21151714102223,4.576076345199271
aggressive_006,aggressive,14,IDLE,LANE_RIGHT,LANE_RIGHT,False,627978929.8727446,12146226.659391567,2462428063.744035,3514377663.953796,29.96447254798468,46.10058001903076,4.35256049670495
aggressive_006,aggressive,15,IDLE,LANE_RIGHT,LANE_RIGHT,False,391357298.36871386,8428000.850779489,2464841206.5549073,3408333384.177432,29.975047934935745,43.97880803415592,4.132442910674161
aggressive_006,aggressive,16,IDLE,LANE_RIGHT,LANE_RIGHT,False,224521115.30209064,5832015.314945534,2466912056.502388,3331199978.1048794,29.98247536719767,41.84718758910037,3.9150508633531347
aggressive_006,aggressive,17,IDLE,LANE_RIGHT,LANE_RIGHT,False,106973677.63454247,4027265.2421591133,2467615071.977484,3272986994.4677296,29.987691890267772,39.70651662746826,3.699910453883338
aggressive_006,aggressive,18,IDLE,LANE_RIGHT,LANE_RIGHT,False,24299518.876957893,2781212.6216697544,2466352563.745213,3226826149.5752287,29.991355621148287,37.55746159304266,3.486678179204869
aggressive_006,aggressive,19,IDLE,LANE_LEFT,LANE_LEFT,False,1026067576.8560328,11916480.737831287,2003842456.4008877,3157621289.0143423,29.99392877644434,35.40059616985769,3.275096514279097
aggressive_006,aggressive,20,IDLE,LANE_LEFT,LANE_LEFT,False,956268871.2637324,10493144.507091165,1955823501.8556442,3039487473.922523,29.995735985650892,33.23642748267832,3.0649650965938093
aggressive_006,aggressive,21,IDLE,LANE_LEFT,LANE_LEFT,False,876469958.6470609,9052206.124328375,1907822817.0288143,2919757597.0238714,29.997005246437936,31.065413708424558,2.856122073636026
aggressive_006,aggressive,22,IDLE,LANE_LEFT,LANE_LEFT,False,781729575.2326927,7612181.249979541,1859996804.8813171,2799813162.1548514,29.997896688856272,28.88797583748226,2.648432065762777
aggressive_006,aggressive,23,IDLE,LANE_LEFT,LANE_LEFT,False,687757160.3896546,6184469.627100341,1812449176.3819892,2680524511.198333,29.998522777358588,26.704505477449516,2.4417784238864977
aggressive_006,aggressive,24,SLOWER,LANE_LEFT,LANE_LEFT,False,594995698.8371859,4775857.534119941,1765248906.2369125,2562428326.1563587,29.99896249932455,24.515370002108114,2.2360582628218637
aggressive_006,aggressive,25,SLOWER,LANE_LEFT,LANE_LEFT,False,387745593.85060215,2866765.9143127874,1642903154.2545228,2255894412.485514,28.510931138071562,22.427911823236343,2.3606337754464315
aggressive_006,aggressive,26,SLOWER,LANE_LEFT,LANE_LEFT,False,183712578.87072086,1304670.3405399434,1549693787.293836,2021378455.0863879,27.4658391532135,20.60128175322916,2.4295690935687593
aggressive_006,aggressive,27,IDLE,LANE_LEFT,LANE_LEFT,False,1862103925.8603518,25382611.793471538,1555948144.0598166,3243927534.4605174,25.243497457400977,19.063660714150274,3.0359488964462558
aggressive_006,aggressive,28,LANE_LEFT,LANE_LEFT,LANE_LEFT,False,1695172767.1332157,23813387.51879646,1445665656.3229556,2960734171.633385,23.682675854855006,17.918593756849646,3.780801441282167
aggressive_006,aggressive,29,IDLE,LANE_LEFT,LANE_LEFT,False,3153481047.0718136,46426189.57298753,1268673707.4170039,4024246576.051739,22.58646095704494,17.127677676231485,4.676230510549484
aggressive_006,aggressive,30,IDLE,LANE_LEFT,LANE_LEFT,False,3225441470.6322527,47565607.32500886,1320323042.589054,4099535930.6087794,21.81655419754048,16.544667135382213,5.683280486008584
aggressive_006,aggressive,31,FASTER,LANE_LEFT,LANE_LEFT,False,3080620602.3491483,45561807.61490521,1385332425.4748716,4085646309.588578,21.27582407289537,63.8634678584549,235.28121831368074
aggressive_006,aggressive,32,FASTER,LANE_LEFT,LANE_LEFT,False,730644964.2610462,9182990.614264093,948221947.6175869,1658287515.3278642,22.384392215805804,63.76291568702885,46.80380787510308
aggressive_006,aggressive,33,FASTER,LANE_LEFT,LANE_LEFT,False,50451268.27005458,1382118.8859105557,957857126.5747545,1173281515.5024095,23.16297505417362,63.450494323179555,29.863027597449033
aggressive_006,aggressive,34,IDLE,LANE_LEFT,LANE_LEFT,False,1521361543.5478997,22260896.15019975,987963252.9327822,2357643144.7685475,25.19813885834965,62.8865402869298,15.17176184327928
aggressive_006,aggressive,35,IDLE,LANE_LEFT,LANE_LEFT,False,1482668906.904689,21655118.689871907,1029084647.8891494,2377630217.22638,26.627499445096053,61.95818207171635,11.142365526323497
aggressive_006,aggressive,36,IDLE,LANE_LEFT,LANE_LEFT,False,1038535930.3974943,13514930.587101314,980453542.4574286,2149983749.204761,27.63138506980683,60.775618053235746,9.276179700229019
aggressive_006,aggressive,37,IDLE,LANE_LEFT,LANE_LEFT,False,568476619.5330689,5905403.360528033,968751018.7290863,1932199879.3397832,28.336446029823176,59.41561651884467,8.199137923047891
aggressive_006,aggressive,38,IDLE,LANE_RIGHT,LANE_RIGHT,False,531715399.32931185,6381047.56961051,1951444503.3542352,2644682170.3571243,28.83163287691285,57.93122277273511,7.488310770859685
aggressive_006,aggressive,39,IDLE,LANE_RIGHT,LANE_RIGHT,False,651506838.1777802,7057428.267064676,2053537388.0306606,3048845674.2437425,29.17941842658351,56.35916524673257,6.973143649016373
aggressive_006,aggressive,40,IDLE,LANE_RIGHT,LANE_RIGHT,False,732662761.5781016,8722504.558297597,2080766171.7556005,3251559035.200111,29.423679333896786,54.725096974817916,6.571241526394424
aggressive_006,aggressive,41,IDLE,LANE_LEFT,LANE_LEFT,False,5756224984.986221,88419566.25304842,2963840469.445474,7990424631.323249,29.59523157607017,53.046947969201085,6.238340985181068
aggressive_006,aggressive,42,IDLE,LANE_LEFT,LANE_LEFT,False,6828821058.07481,105393060.40754816,3436509762.7423654,9335603857.674763,29.715718198831173,51.337249840598304,5.948916212225593
aggressive_006,aggressive,43,IDLE,LANE_LEFT,LANE_LEFT,False,5715579194.720694,87886382.92330238,3158193391.3438334,8062784678.965866,29.80033980494041,49.60475864324019,5.687519432035038
aggressive_006,aggressive,44,IDLE,LANE_LEFT,LANE_LEFT,False,4850180080.707728,74283077.61861962,2937637313.3634152,7068236498.980801,29.859772263552113,47.85559076526397,5.444488757966675
aggressive_006,aggressive,45,IDLE,LANE_LEFT,LANE_LEFT,False,1632536338.784306,26102960.474992547,1139038707.3007967,2815718602.686399,29.90151357879106,46.09401851200391,5.2136443105796415
aggressive_006,aggressive,46,IDLE,LANE_LEFT,LANE_LEFT,False,1547860770.4048316,24812984.299408287,1607162591.6952631,3068232417.2115445,29.93082983860223,44.323027215844604,4.990973481135008
aggressive_006,aggressive,47,IDLE,LANE_RIGHT,LANE_RIGHT,False,913791042.5746584,13874752.786986321,1640921723.1975892,2467915738.000748,29.95141958486192,42.54470511359551,4.773844856652243
aggressive_006,aggressive,48,IDLE,LANE_RIGHT,LANE_RIGHT,False,918245787.3614507,14136012.737675924,1640887726.6063223,2473833525.3652625,29.965880421741158,40.76051596320633,4.560521579887854
aggressive_006,aggressive,49,IDLE,LANE_RIGHT,LANE_RIGHT,False,930408007.6288934,14430935.175949946,1629506048.5825915,2479324477.4014773,29.976036729672803,38.97148947560612,4.349852349497382
aggressive_006,aggressive,50,IDLE,LANE_RIGHT,LANE_RIGHT,False,935891220.7177014,14569401.910954233,1610124708.8911986,2482606529.134527,29.98316982934496,37.178354179478106,4.141071672242435
aggressive_006,aggressive,51,IDLE,LANE_RIGHT,LANE_RIGHT,False,2193340916.6425595,37237329.042352684,2557635074.113106,4547229685.3383465,29.988179633229933,35.3816299908986,3.9336691592784896
aggressive_006,aggressive,52,IDLE,LANE_RIGHT,LANE_RIGHT,False,2265996944.3523993,38557776.348174036,2586192269.135213,4608378937.029539,29.99169817861965,33.58169260065171,3.7273033307476218
aggressive_006,aggressive,53,IDLE,LANE_RIGHT,LANE_RIGHT,False,1987115150.4132667,33691603.50146748,2342878183.6497927,4122829126.002655,29.994169365505158,31.778818169892645,3.521744515245356
aggressive_006,aggressive,54,IDLE,LANE_RIGHT,LANE_RIGHT,False,612538448.7039464,9750296.873325307,1319398809.8606951,2437380582.1007657,29.995904959037915,29.97321428268384,3.3168369475444104
aggressive_006,aggressive,55,IDLE,LANE_LEFT,LANE_LEFT,False,4189719841.3069715,66419822.90191448,2705865974.5996637,6473461551.107745,29.997123921848303,28.165041320372325,3.1124736087821905
aggressive_006,aggressive,56,IDLE,LANE_RIGHT,LANE_RIGHT,False,769041489.3953185,11368806.977790475,1376422738.4144483,2223577215.6524806,29.99798003839003,26.35442717189403,2.9085795512019756
aggressive_006,aggressive,57,SLOWER,LANE_RIGHT,LANE_RIGHT,False,766625714.1179919,11359773.447635598,1298132306.796622,2241356217.8806295,29.99858131640013,24.541477317122485,2.7051008786275186
aggressive_006,aggressive,58,SLOWER,LANE_RIGHT,LANE_RIGHT,False,786642422.4536967,11758210.261762034,1248560065.4631462,2241634143.2558193,28.51066342112053,22.83327759061126,3.0063901475361035
aggressive_006,aggressive,59,SLOWER,LANE_RIGHT,LANE_RIGHT,False,760156226.498456,11397667.300023086,1227152943.4060578,2217462859.050182,27.46565112704213,21.388729977268213,3.2603792850568403
aggressive_006,aggressive,60,IDLE,LANE_RIGHT,LANE_RIGHT,False,435659506.80825424,7026922.650794521,1070259832.8790514,1767094737.224134,25.243365400611207,20.235775974449552,4.654088672332918
aggressive_006,aggressive,61,IDLE,LANE_RIGHT,LANE_RIGHT,False,415227954.8355713,6679534.0246155895,1068627634.5553557,1789832359.869719,23.68258310715081,19.477731687753135,6.9638735307079305
aggressive_006,aggressive,62,IDLE,LANE_RIGHT,LANE_RIGHT,False,408545141.4321101,6574350.179750353,1066707795.5283169,1811082357.0999079,22.58639581736792,18.996502521242746,11.106975697935539
aggressive_006,aggressive,63,IDLE,LANE_RIGHT,LANE_RIGHT,False,412132991.84226894,6647830.0926994905,1063727491.9926853,1831283597.0550654,21.816508447863338,18.70916188184708,19.69957332234058
aggressive_006,aggressive,64,IDLE,LANE_RIGHT,LANE_RIGHT,False,422427205.2320037,6836326.116313253,1059836982.3955133,1850317170.8000672,21.275791941434882,18.557482403558424,44.39065697322095
aggressive_006,aggressive,65,IDLE,LANE_RIGHT,LANE_RIGHT,False,436609409.6489184,7090112.547223233,1055413386.1215029,1867999851.76499,20.896029456810233,18.50058335797894,392.9235560008453
aggressive_006,aggressive,66,FASTER,LANE_RIGHT,LANE_RIGHT,False,452685561.97672844,7374355.271894034,1050811173.3929856,1884221164.3636026,20.629310126045045,18.509766673163767,inf
aggressive_006,aggressive,67,SLOWER,LANE_RIGHT,LANE_RIGHT,False,2894001909.688311,45611160.57511239,2266768420.736227,6090718874.465975,21.930324807318332,18.457894206319565,16.80641126004875
aggressive_006,aggressive,68,IDLE,LANE_RIGHT,LANE_RIGHT,False,2901325843.5866985,45667606.120390326,2280242973.8155527,6060862963.077802,21.35572880843208,18.2790052461055,34.37394346173996
aggressive_006,aggressive,69,IDLE,LANE_RIGHT,LANE_RIGHT,False,2281135955.043341,36183335.87929893,1894616327.079578,4368294273.183164,20.95217167341183,18.201134291936683,133.740418591154
aggressive_006,aggressive,70,FASTER,LANE_RIGHT,LANE_RIGHT,False,1644784576.1598086,26098647.554530453,1494375262.572791,2772126668.890188,20.668740599158923,18.193777043630348,inf
aggressive_006,aggressive,71,SLOWER,LANE_RIGHT,LANE_RIGHT,False,222317377.8284557,2038426.2983266525,1155915609.420311,2063474741.9360476,21.95801808884687,18.128524959603965,15.667587422820546
aggressive_006,aggressive,72,IDLE,LANE_LEFT,LANE_LEFT,False,4194015828.8224697,67663777.42977342,2687038945.537299,6937946070.960828,21.375178685170916,17.938523284568646,30.84879134753723
aggressive_006,aggressive,73,IDLE,LANE_LEFT,LANE_LEFT,False,5712476802.627435,91468002.30576028,3008644863.5697794,8555605999.106686,20.965831943494525,17.851176838579477,99.6009906628012
aggressive_006,aggressive,74,FASTER,LANE_LEFT,LANE_LEFT,False,4580895625.122728,73496774.7250574,2670722546.1699877,7162916300.565495,20.67833464344197,17.835537363046456,inf
aggressive_006,aggressive,75,SLOWER,LANE_LEFT,LANE_LEFT,False,3086490795.4412413,49874678.106429175,2247016379.034999,5357838139.922985,21.96475629278778,17.76288285305418,14.904782049290253
aggressive_006,aggressive,76,IDLE,LANE_LEFT,LANE_LEFT,False,1325877150.8608415,21725406.73422645,1666145236.3014169,3078818768.192422,21.37991114116234,17.566136804004145,28.63469719273661
aggressive_006,aggressive,77,IDLE,LANE_RIGHT,LANE_RIGHT,False,401729701.6080451,7286296.717277259,1278466403.4127138,1950200011.708608,20.969155698594125,17.47254676750447,83.56828093339477
aggressive_006,aggressive,78,FASTER,LANE_RIGHT,LANE_RIGHT,False,742385179.8017006,13166314.621644564,1179007210.9440236,2067708134.5897274,20.680669022880924,17.451052573157654,inf
aggressive_006,aggressive,79,SLOWER,LANE_RIGHT,LANE_RIGHT,False,695072300.3994367,12124485.007863212,1134114785.7072031,2018571976.3737605,21.96639580207823,17.37285223057279,14.25624433818435
aggressive_006,aggressive,80,IDLE,LANE_RIGHT,LANE_RIGHT,False,629428784.3698225,10853344.448796436,1123267276.8249347,1999095156.191066,21.381062620938348,17.17081174370435,26.86280996510003
aggressive_006,aggressive,81,IDLE,LANE_RIGHT,LANE_RIGHT,False,567535115.4739082,9687930.549331062,1121251135.2107227,1976359188.9164622,20.969964419643944,17.072137041542533,72.99284246588165
aggressive_006,aggressive,82,FASTER,LANE_RIGHT,LANE_RIGHT,False,524501283.4092519,8877068.886489488,1118158315.6483855,1958579802.2590227,20.68123701352222,17.045737545567476,inf
aggressive_006,aggressive,83,SLOWER,LANE_RIGHT,LANE_RIGHT,False,1009911871.0532742,16362504.676878199,1640097774.42946,2733874113.040983,21.9667947200595,16.96278880111379,13.658980804365925
aggressive_006,aggressive,84,IDLE,LANE_RIGHT,LANE_RIGHT,False,1096307776.82451,17722702.75179667,1545685634.5120006,2757471746.27938,21.381342793786644,16.756139992474687,25.31853859228719
aggressive_006,aggressive,85,IDLE,LANE_RIGHT,LANE_RIGHT,False,1150917384.4222193,18575897.452051237,1479508320.5477772,2768092258.440736,20.97016119399007,16.652984256313857,65.07731698915052
aggressive_006,aggressive,86,FASTER,LANE_RIGHT,LANE_RIGHT,False,1184557744.7413678,19094625.703357987,1432494065.9514914,2770422916.5084047,20.681375214434727,16.622221110588725,inf
aggressive_006,aggressive,87,SLOWER,LANE_RIGHT,LANE_RIGHT,False,1175478101.108809,18883844.79445975,1393487983.8614087,2714851574.349593,21.966891782977473,16.535018283478053,13.093931484107616
aggressive_006,aggressive,88,IDLE,LANE_RIGHT,LANE_RIGHT,False,1193147653.4909792,19173796.99923398,1363106708.8837295,2717105783.042051,21.381410964176226,16.324218662014232,23.92749898638712
aggressive_006,aggressive,89,IDLE,LANE_RIGHT,LANE_RIGHT,False,1203595051.3252728,19341426.804699227,1340328265.3849664,2715555636.206592,20.97020907223351,16.217010204708117,58.79060577103281
aggressive_006,aggressive,90,FASTER,LANE_RIGHT,LANE_RIGHT,False,1209464555.6886897,19431205.55477211,1322857727.9036365,2711768882.6184797,20.681408840855358,16.18228808604829,inf
aggressive_006,aggressive,91,SLOWER,LANE_RIGHT,LANE_RIGHT,False,1183342149.1894832,18959372.745678812,1304212666.0524585,2653967722.139341,21.96691539988744,16.091216322766172,12.553088051508302
aggressive_006,aggressive,92,IDLE,LANE_RIGHT,LANE_RIGHT,False,1190879017.1327953,19096321.059512474,1288139281.664107,2656404069.714122,21.38142755108693,15.876634577275581,22.652898268151386
aggressive_006,aggressive,93,IDLE,LANE_RIGHT,LANE_RIGHT,False,1195593326.2441187,19179482.950176906,1275637910.2730055,2656439815.9123654,20.970220721751037,15.765727965549104,53.613777689127026
aggressive_006,aggressive,94,IDLE,LANE_RIGHT,LANE_RIGHT,False,1198506503.7936268,19227904.609559268,1265754696.8926415,2655026380.853592,20.681417022683856,15.727389125362606,1644.3350312243545
aggressive_006,aggressive,95,FASTER,LANE_RIGHT,LANE_RIGHT,False,1200304226.5113397,19254432.41499396,1257819266.026238,2652801053.1016,20.478580954203203,15.739775671186749,inf
aggressive_006,aggressive,96,SLOWER,LANE_RIGHT,LANE_RIGHT,False,1172292522.166027,18754662.836748857,1246434124.0503495,2597389973.4850116,21.824462892389633,15.680556315119816,13.506689115002152
aggressive_006,aggressive,97,IDLE,LANE_RIGHT,LANE_RIGHT,False,1179290166.9589946,18885538.29372961,1236061033.866837,2602656684.0747967,21.281378602062404,15.487138601830225,24.90306206990284
aggressive_006,aggressive,98,IDLE,LANE_RIGHT,LANE_RIGHT,False,1184283700.95152,18975755.571902923,1228138765.8786104,2605684434.1565633,20.899953147127505,15.389915279983256,62.965570930412035
aggressive_006,aggressive,99,FASTER,LANE_RIGHT,LANE_RIGHT,False,1433500142.9141128,22830668.373398006,1383352307.610807,2650036164.7521563,20.632065859162253,15.360031306760561,inf
aggressive_006,aggressive,100,SLOWER,LANE_RIGHT,LANE_RIGHT,False,1407170593.9990623,22366882.703258865,1378337092.2529864,2600422180.594837,21.93226024676416,15.270229815078665,11.889345945261516
aggressive_006,aggressive,101,IDLE,LANE_RIGHT,LANE_RIGHT,False,1415901120.332329,22537814.657699477,1381989086.7970493,2614135648.716461,21.357088129414606,15.054458613855672,21.1176705471532
aggressive_006,aggressive,102,IDLE,LANE_RIGHT,LANE_RIGHT,False,1422265291.1261804,22657527.710847273,1384490089.4582226,2622419877.64961,20.953126367983923,14.940680244690157,47.80473848128779
aggressive_006,aggressive,103,IDLE,LANE_RIGHT,LANE_RIGHT,False,1427026666.667322,22742368.53934595,1386230017.5557206,2627062591.303832,20.669411111670467,14.898332546923712,460.48881843923135
aggressive_006,aggressive,104,FASTER,LANE_RIGHT,LANE_RIGHT,False,1430718720.760727,22803774.73050423,1387484291.5227065,2629322545.6983414,20.47014881917048,14.90595528585402,inf
aggressive_006,aggressive,105,SLOWER,LANE_RIGHT,LANE_RIGHT,False,1404759422.1711965,22343787.971292283,1382588071.170732,2580059742.2437277,21.818540734451695,14.841484852411327,12.489528631981505
aggressive_006,aggressive,106,IDLE,LANE_RIGHT,LANE_RIGHT,False,1413989545.180064,22521499.77346954,1386405878.4471734,2594381580.041948,21.277219281260997,14.642516112861585,22.516783245826396
aggressive_006,aggressive,107,IDLE,LANE_RIGHT,LANE_RIGHT,False,1420930846.3982582,22649919.044139616,1389125706.056271,2603506876.374288,20.897031923190166,14.539572736712785,53.19392597551749
aggressive_006,aggressive,108,IDLE,LANE_RIGHT,LANE_RIGHT,False,1426304171.2120981,22744465.738500133,1391111651.4353232,2609114595.3918314,20.63001419022409,14.503891023458777,1532.3938314416432
aggressive_006,aggressive,109,FASTER,LANE_RIGHT,LANE_RIGHT,False,1430613141.1740608,22815930.152177107,1392621231.2422917,2612387297.2670403,20.44247910205039,14.515273566402016,inf
aggressive_006,aggressive,110,SLOWER,LANE_RIGHT,LANE_RIGHT,False,1405251103.8151915,22365784.22861263,1387956794.7019947,2564070423.72895,21.79910740775007,14.452543405400093,12.199930012426012
aggressive_006,aggressive,111,IDLE,LANE_RIGHT,LANE_RIGHT,False,1415045048.071002,22552799.81039939,1391967869.8016882,2579216668.2855377,21.263570634798405,14.253917864361028,21.860535433873316
aggressive_006,aggressive,112,IDLE,LANE_RIGHT,LANE_RIGHT,False,1422524178.945545,22690181.41823361,1394882794.666555,2589164541.016926,20.88744604254703,14.150357530653196,50.75856297553316
aggressive_006,aggressive,113,IDLE,LANE_RIGHT,LANE_RIGHT,False,1428404782.0315073,22793228.280173745,1397058449.9745977,2595567463.1458926,20.62328171986842,14.113405320301354,810.7816164076943
aggressive_006,aggressive,114,FASTER,LANE_RIGHT,LANE_RIGHT,False,1433188342.3664513,22872664.9397797,1398747613.699991,2599591795.554048,20.437750672939135,14.123078936610227,inf
aggressive_006,aggressive,115,SLOWER,LANE_RIGHT,LANE_RIGHT,False,1408261239.1109161,22429777.153961282,1394230703.9978592,2551914175.7143774,21.795786480857117,14.058352268887234,11.76142509053426
aggressive_006,aggressive,116,IDLE,LANE_RIGHT,LANE_RIGHT,False,1418448888.7532372,22623282.11936582,1398349486.5596569,2567563405.4670424,21.261238241699374,13.857548364877516,20.890750303235492
aggressive_006,aggressive,117,IDLE,LANE_RIGHT,LANE_RIGHT,False,1426295218.9325714,22766732.083548106,1401373334.6316724,2578005849.0932183,20.88580792832658,13.75170184854278,47.35006272132576
aggressive_006,aggressive,118,IDLE,LANE_RIGHT,LANE_RIGHT,False,1432516889.8814197,22875416.23353413,1403654641.5353913,2584881648.5142727,20.622131219894666,13.712407422804745,469.5070351828439
aggressive_006,aggressive,119,FASTER,LANE_RIGHT,LANE_RIGHT,False,1437616086.7719657,22960059.922150232,1405443274.7297502,2589348787.731597,20.436942640035756,13.719718955869894,inf
aggressive_006,aggressive,120,SLOWER,LANE_RIGHT,LANE_RIGHT,False,1412974664.3668065,22521821.403537713,1401000602.099707,2542025607.6470814,21.795218973523056,13.652635534263595,11.311108233571742
aggressive_006,aggressive,121,IDLE,LANE_RIGHT,LANE_RIGHT,False,1423417444.7229133,22719389.476260837,1405161741.544596,2557921168.2129374,21.260839663160226,13.4494977036519,19.928295807701385
aggressive_006,aggressive,122,IDLE,LANE_RIGHT,LANE_RIGHT,False,1431502812.9708745,22866654.58164704,1408233438.7512128,2568619156.877306,20.885527993879336,13.341352181676712,44.20856235264745
aggressive_006,aggressive,123,IDLE,LANE_RIGHT,LANE_RIGHT,False,1437946423.845275,22978878.052403264,1410563934.8267226,2575746938.15026,20.621934612985214,13.299801972194473,329.8129059255828
aggressive_006,aggressive,124,FASTER,LANE_RIGHT,LANE_RIGHT,False,1443251670.415299,23066797.00723081,1412400304.6551085,2580454790.9947515,20.436804556719384,13.30490658305257,inf
aggressive_006,aggressive,125,SLOWER,LANE_RIGHT,LANE_RIGHT,False,1418796544.2824588,22631458.05961687,1407986289.0580642,2533307499.82658,21.795121993196606,13.235668873460213,10.870288892708183
aggressive_006,aggressive,126,IDLE,LANE_RIGHT,LANE_RIGHT,False,1429404412.4446445,22831510.0196865,1412150839.0423043,2549295250.6102247,21.260771550777314,13.030431852415973,19.016906449336005
aggressive_006,aggressive,127,IDLE,LANE_RIGHT,LANE_RIGHT,False,1437645931.6980016,22981136.16296441,1415234298.1404774,2560107002.1994205,20.885480156375834,12.920243782913872,41.43714071115508
aggressive_006,aggressive,128,LANE_RIGHT,LANE_RIGHT,LANE_RIGHT,False,1444235916.4647136,23095573.326650918,1417580908.4463341,2567357456.305352,20.62190101517754,12.876708570831966,257.2400591052633
aggressive_006,aggressive,129,FASTER,LANE_RIGHT,LANE_RIGHT,False,3306547216.246262,52294506.750541694,2344040252.1391287,4952666934.494677,20.436780959905214,12.982781563543426,inf
aggressive_006,aggressive,130,SLOWER,LANE_RIGHT,LANE_RIGHT,False,3456430082.5864344,54530105.58581093,2414994968.9068136,5096155282.489211,21.79510542039982,13.014755226546527,10.609123591570997
aggressive_006,aggressive,131,FASTER,LANE_RIGHT,LANE_RIGHT,False,3008562081.9686437,47446906.84487943,2182594902.867204,4458034129.346296,21.26075991117244,55.261323812748856,106.43122619523335
aggressive_006,aggressive,132,FASTER,LANE_RIGHT,LANE_RIGHT,False,3280773300.266038,52362098.84521347,2175640022.172494,5031665995.381566,22.37381217355321,55.10822802282996,33.84948910392093
aggressive_006,aggressive,133,FASTER,LANE_RIGHT,LANE_RIGHT,False,2940753969.217535,47695997.36347567,2254648321.5744143,4955919855.490325,23.15554435234464,54.74041682848804,22.75550680761423
aggressive_006,aggressive,134,IDLE,LANE_RIGHT,LANE_RIGHT,False,2074060892.7216196,35543966.700731106,2006590272.1664329,3609058532.1940393,25.1929200389581,54.11878047933499,12.192097118486956
aggressive_006,aggressive,135,IDLE,LANE_RIGHT,LANE_RIGHT,False,1793397843.0096097,30997793.92852521,1825056650.7662787,3178638200.729039,26.62383410143559,53.13060935682006,9.05787114623157
aggressive_006,aggressive,136,IDLE,LANE_RIGHT,LANE_RIGHT,False,1582017478.5372417,27452060.352769826,1625493271.4202304,2893776335.576025,27.62881078180387,51.886255471435106,7.556278444147129
aggressive_006,aggressive,137,IDLE,LANE_RIGHT,LANE_RIGHT,False,1426223475.331667,24811158.68186497,1460720598.7018046,2886669455.6932745,28.33463802508036,50.46269627538322,6.667463029926301
aggressive_006,aggressive,138,IDLE,LANE_RIGHT,LANE_RIGHT,False,2000775535.9725347,33223594.739903413,1552339710.8605785,3070018135.148448,28.830363057395257,48.91369553913444,6.068466129572419
aggressive_006,aggressive,139,IDLE,LANE_RIGHT,LANE_RIGHT,False,1842088225.169221,29707644.162346184,1438092066.2010746,3526394049.540883,29.178526591750853,47.27688554038946,5.625121104764222
aggressive_006,aggressive,140,IDLE,LANE_RIGHT,LANE_RIGHT,False,2370044181.2719584,38161212.25061992,1663507342.263111,3759610286.4503617,29.42305296978935,45.57864866855368,5.2720720602240965
aggressive_006,aggressive,141,IDLE,LANE_RIGHT,LANE_RIGHT,False,1209516522.9137957,18589689.513832424,1161239623.449278,2628538021.7566843,29.594791660537922,43.837496545478416,4.97403830486677
aggressive_006,aggressive,142,IDLE,LANE_RIGHT,LANE_RIGHT,False,1062823679.4462731,16410591.691670429,1160030439.0542576,2730858431.5641255,29.71540923209248,42.06642330133445,4.710609725734781
aggressive_006,aggressive,143,IDLE,LANE_RIGHT,LANE_RIGHT,False,982474079.0878127,15271220.173259791,1168829493.3540316,2871742881.6649804,29.800122807724758,40.27455129443649,4.469404797370518
aggressive_006,aggressive,144,IDLE,LANE_RIGHT,LANE_RIGHT,False,1735301189.7550688,26762174.936951395,1346502838.3624969,3418159047.514916,29.859619859471984,38.46828465889871,4.242662562749241
aggressive_006,aggressive,145,IDLE,LANE_RIGHT,LANE_RIGHT,False,991835191.8874934,14719762.660720143,1114236292.6455903,1977809208.8340585,29.901406540534506,36.652118774984956,4.025407791217717
aggressive_006,aggressive,146,IDLE,LANE_RIGHT,LANE_RIGHT,False,864427614.6819541,12845851.60354244,1044009966.8730476,1784139868.1414697,29.930754662213538,34.82920857951967,3.814402068246455
aggressive_006,aggressive,147,IDLE,LANE_RIGHT,LANE_RIGHT,False,775218646.6119423,11577005.676212762,997068085.6337334,1707886075.9447968,29.951366786081387,33.001767649316434,3.6075160329854716
aggressive_006,aggressive,148,IDLE,LANE_RIGHT,LANE_RIGHT,False,711752642.6023009,10715535.478345793,965998179.1697464,1709425629.6509845,29.965843339470055,31.171348473050102,3.403340481545706
aggressive_006,aggressive,149,IDLE,LANE_RIGHT,LANE_RIGHT,False,1511685910.285138,23408934.11508307,1421343240.227467,2869946553.250538,29.9760106856086,29.339039289512243,3.2009392433381594
aggressive_006,aggressive,150,IDLE,LANE_LEFT,LANE_LEFT,False,1661227148.2744517,25377134.855363697,2039820089.8721821,3701445483.2590346,29.98315153776626,27.505602330861052,2.9996892427266415
aggressive_013,aggressive,0,LANE_LEFT,LANE_LEFT,LANE_LEFT,False,2226750502.588485,33936670.368027374,2735648079.521711,4602403334.576076,25.0,67.65800957951936,40.18388528696035
aggressive_013,aggressive,1,FASTER,LANE_LEFT,LANE_LEFT,False,7570986822.298584,115829597.69806764,4262826582.651052,11041277620.969984,25.0,67.35717326580505,30.800398477810862
aggressive_013,aggressive,2,IDLE,LANE_LEFT,LANE_LEFT,False,5636017337.242503,85107118.58268708,3380643813.917881,8537885325.877499,26.488340192043896,66.86828944628834,16.085582300492632
aggressive_013,aggressive,3,IDLE,LANE_LEFT,LANE_LEFT,False,3667052108.5532255,54674388.96613093,2496394679.627585,6052957013.882982,27.53364907863714,41.84802400197364,6.379272776586856
aggressive_013,aggressive,4,IDLE,LANE_LEFT,LANE_LEFT,False,2472421444.167115,36572803.11565149,2104118801.2927177,4568602234.723971,28.267802919426906,40.50072700175505,5.43679904020856
aggressive_013,aggressive,5,IDLE,LANE_LEFT,LANE_LEFT,False,1665304836.102258,24470562.30406066,1847946797.0671105,3565339535.906867,28.783422626538513,38.976310821825024,4.812648096739364
aggressive_013,aggressive,6,IDLE,LANE_LEFT,LANE_LEFT,False,1348713172.0990353,19912173.00228519,1842657743.4757576,3245395377.7764287,29.1455588268693,37.32727366227715,4.354143874038109
aggressive_013,aggressive,7,IDLE,LANE_LEFT,LANE_LEFT,False,1314809008.4348683,19672007.989756636,1972093595.899289,3309347935.6606593,29.399898654810812,35.58948475672946,3.989076691797593
aggressive_013,aggressive,8,IDLE,LANE_RIGHT,LANE_RIGHT,False,95706222.14732361,2380455.297572255,2140999444.1888995,2891694698.206876,29.578529645079747,33.787272308488866,3.6801505354943282
aggressive_013,aggressive,9,IDLE,LANE_LEFT,LANE_LEFT,False,73301054.8492918,186746.60538503528,2290138793.9495234,3072795591.299993,29.70398789887631,31.937475956595648,3.4064927681113106
aggressive_013,aggressive,10,IDLE,LANE_LEFT,LANE_LEFT,False,231644379.7367053,2612191.755906746,2381573343.800192,3268170407.5729923,29.79210124036306,30.05200798675952,3.155725682384682
aggressive_013,aggressive,11,IDLE,LANE_LEFT,LANE_LEFT,False,339567964.993886,4225578.440029249,2444474156.279362,3396857601.29779,29.853986056331806,28.139443818373707,2.9201907609808098
aggressive_013,aggressive,12,IDLE,LANE_LEFT,LANE_LEFT,False,410113717.86196613,5239645.077726118,2486656488.240566,3477082131.6096992,29.897449740523847,26.206040416752728,2.694996562844899
aggressive_013,aggressive,13,LANE_RIGHT,LANE_LEFT,LANE_LEFT,False,454615334.984828,5839172.515834406,2512845995.5295625,3521839994.305273,29.927975675100427,24.25641387605151,2.4769417281269086
aggressive_013,aggressive,14,SLOWER,LANE_RIGHT,LANE_RIGHT,False,1978361499.5439444,29001788.93945636,1994126534.0829625,3947910035.349649,29.949415014611,22.343675306102057,2.268933692875075
aggressive_013,aggressive,15,SLOWER,LANE_RIGHT,LANE_RIGHT,False,1787445237.6671295,25924611.321750697,1826138671.4925811,3587914607.894887,28.47613235594078,20.553092820575557,2.44582157887859
aggressive_013,aggressive,16,FASTER,LANE_RIGHT,LANE_RIGHT,False,1307504656.5793676,19909203.676321674,1848917477.088913,3184932968.928294,27.4413988562986,41.39464955303873,4.663185440664621
aggressive_013,aggressive,17,IDLE,LANE_RIGHT,LANE_RIGHT,False,916511716.7576599,14674240.31423445,2104399281.9250972,3336287858.008275,28.203012639814656,39.589226397638356,4.085954930052115
aggressive_013,aggressive,18,IDLE,FASTER,FASTER,False,12194296.127444506,4837095.228544667,1671962877.220514,2020512266.9889202,28.7379183423664,37.62325245415997,3.6659499605751917
aggressive_013,aggressive,19,IDLE,LANE_LEFT,FASTER,True,298602154.1323588,318097.2662067488,1671101196.5991502,2306708465.9185104,29.11359971370589,35.546900128691334,3.332273777903009
aggressive_013,aggressive,20,IDLE,LANE_LEFT,LANE_LEFT,False,472988193.3562677,2237737.385812454,1675754787.9915783,2477003442.146567,29.37745274817204,33.39493669132878,3.049301099714666
aggressive_013,aggressive,21,IDLE,LANE_LEFT,FASTER,True,145436010.7515831,2045651.0179876573,1422922170.6213968,2044970231.5758026,29.562765167440446,31.19099656387857,2.79737747466013
aggressive_013,aggressive,22,IDLE,LANE_LEFT,FASTER,True,151157095.17511702,1912015.7958822884,1437868388.259602,2064909982.565905,29.69291600237244,28.951303972302526,2.564967369353266
aggressive_013,aggressive,23,IDLE,LANE_LEFT,FASTER,True,118928563.69924927,2340597.721512947,1447146321.168157,2046901431.1779904,29.78432509357296,26.687175363777044,2.3450101989598044
aggressive_013,aggressive,24,SLOWER,LANE_LEFT,FASTER,True,64318383.87248516,3102309.9432446547,1450978862.6817925,2004427142.6987095,29.848524619903095,24.406610756381326,2.1330565269864836
aggressive_013,aggressive,25,SLOWER,FASTER,FASTER,False,61262656.6013298,4565646.297315236,1373997216.9220116,1813380811.971217,28.405273807119872,22.222314570910214,2.22385095603165
aggressive_013,aggressive,26,SLOWER,FASTER,FASTER,False,166367786.3110056,5827912.195539113,1321014559.0260253,1728563062.045488,27.391632632709705,20.297208096270765,2.2627858946396606
aggressive_013,aggressive,27,IDLE,LANE_LEFT,LANE_LEFT,False,838780767.3943498,10079292.051681131,1449046761.2966757,2231871142.919286,25.191379846292687,18.66211466105443,2.761368170751679
aggressive_013,aggressive,28,IDLE,LANE_LEFT,LANE_LEFT,False,722826278.5250015,8779844.10317732,1373862262.695599,1987538716.0939586,23.646071990811873,17.42241666829989,3.3507337052593087
aggressive_013,aggressive,29,IDLE,LANE_LEFT,LANE_LEFT,False,514611659.42453194,7811027.869384807,1325167564.1030142,1813552060.4494715,22.560752893409713,16.46149746133841,4.015632579329186
aggressive_013,aggressive,30,IDLE,LANE_LEFT,LANE_LEFT,False,338363420.8712094,5683595.549279876,1294301213.7296252,1688684543.020042,21.79849860277884,15.697481438720331,4.726695704926143
aggressive_013,aggressive,31,LANE_RIGHT,LANE_LEFT,LANE_LEFT,False,200291319.2618575,3533401.40861094,1275261595.5954773,1597948213.2367206,21.263143051608733,15.072880766177946,5.443956917641913
aggressive_013,aggressive,32,IDLE,LANE_RIGHT,LANE_RIGHT,False,1328490169.8096642,19274510.908287715,1560517452.0953367,3020443778.3057895,20.88714573720668,14.644463600646986,6.165575682600631
aggressive_013,aggressive,33,IDLE,LANE_RIGHT,LANE_RIGHT,False,1487274899.9356833,22166607.14771255,1667850762.393032,3295469947.092341,20.623070805829656,14.291424485890218,6.827573745855485
aggressive_013,aggressive,34,FASTER,LANE_RIGHT,LANE_RIGHT,False,1406927221.1710365,21225724.885644533,1721637046.4937549,3207849993.627973,20.437602541268564,50.42049395224211,inf
aggressive_013,aggressive,35,FASTER,LANE_RIGHT,LANE_RIGHT,False,1166423957.2757282,17359585.974440444,1818704341.4160569,3054413083.295665,21.79568244325035,50.415722420391205,47.49590434116082
aggressive_013,aggressive,36,FASTER,LANE_RIGHT,LANE_RIGHT,False,939835290.3809662,13723531.503843501,1856434521.6672492,2830185597.3603363,22.74950536480683,50.1488930457088,24.76164625961321
aggressive_013,aggressive,37,IDLE,LANE_RIGHT,LANE_RIGHT,False,599288572.0660086,8617011.200699672,1942615980.04116,2642611324.2429557,24.907745880358156,49.59416752288547,11.827448352038248
aggressive_013,aggressive,38,IDLE,LANE_RIGHT,LANE_RIGHT,False,58597817.95228386,2034770.3385502622,1976608617.3850803,2453539596.806311,26.42354717523097,48.64831905770154,8.50752018966071
aggressive_013,aggressive,39,IDLE,LANE_LEFT,LANE_LEFT,False,742497760.8853734,10545688.491977047,1610072962.6831455,2401615940.4442215,27.488142872041504,47.42834888918952,6.983062214892645
aggressive_013,aggressive,40,IDLE,LANE_LEFT,LANE_LEFT,False,962345959.5977879,14834913.983750835,1891633906.862741,2870230486.016135,28.23584245608402,46.01589043384922,6.096118391835216
aggressive_013,aggressive,41,IDLE,LANE_LEFT,LANE_LEFT,False,1091595105.9709318,16865963.789906725,1831781814.592736,2848345673.6581163,28.76097577162554,44.467968449682985,5.502059711011248
aggressive_013,aggressive,42,IDLE,LANE_LEFT,LANE_LEFT,False,1171688482.7179666,18118750.134210236,1774791352.713691,2805488911.9475555,29.129793683226715,42.824509012573856,5.0624889773774875
aggressive_013,aggressive,43,IDLE,LANE_LEFT,LANE_LEFT,False,1210406637.7086413,18438655.986137852,1719512429.1212487,2749215306.7574687,29.388826290551545,41.11351518744499,4.711446342895976
aggressive_013,aggressive,44,IDLE,LANE_LEFT,LANE_LEFT,False,1781217875.9916735,27682689.49209582,1722387929.324461,3195119972.544284,29.570753169770082,39.354648398604525,4.413874025595399
aggressive_013,aggressive,45,IDLE,LANE_LEFT,LANE_LEFT,False,1695617105.7443645,26368603.629748385,1676794166.0778968,3093308394.9898133,29.69852623171781,37.56172200238501,4.149730556097987
aggressive_013,aggressive,46,IDLE,LANE_LEFT,LANE_LEFT,False,2283748457.915066,35852122.91556175,1763301326.1758416,3722654279.023013,29.78826533695407,35.74444497459365,3.9069750287690783
aggressive_013,aggressive,47,IDLE,LANE_LEFT,LANE_LEFT,False,2242268887.185159,35245284.85550767,1756474731.1353722,3693461340.8219094,29.8512919787661,33.90964412301963,3.6781222157031443
aggressive_013,aggressive,48,IDLE,LANE_LEFT,LANE_LEFT,False,2197336240.8861527,34583154.541135624,1746588879.371202,3658114910.4165587,29.895557603742446,32.06212177575429,3.458408937774647
aggressive_013,aggressive,49,IDLE,LANE_LEFT,LANE_LEFT,False,2149279299.841172,33871017.03217891,1733774884.9431267,3617183136.5995226,29.926646766963145,30.205257985857997,3.2447557277157677
aggressive_013,aggressive,50,IDLE,LANE_LEFT,LANE_LEFT,False,2098347421.3590264,33112907.54674395,1718204807.5097477,3571146214.710753,29.948481679952167,28.341433457023243,3.0351504495069994
aggressive_013,aggressive,51,IDLE,LANE_LEFT,LANE_LEFT,False,4670478869.602605,72979087.8737832,2384560802.886344,6336887090.731394,29.96381703722292,26.472326597895744,2.8282692402264153
aggressive_013,aggressive,52,SLOWER,LANE_LEFT,LANE_LEFT,False,807994382.7970729,11825116.995911896,2101179437.1970246,3155660767.8185205,29.97458754877659,24.599122182594215,2.623237277496231
aggressive_013,aggressive,53,SLOWER,LANE_LEFT,LANE_LEFT,False,679072908.5353813,9619090.283568025,2063169198.0511444,3044691526.4487886,28.493811831239526,22.82965381507006,2.8886502057587773
aggressive_013,aggressive,54,SLOWER,LANE_RIGHT,LANE_RIGHT,False,2270669050.1892815,35695246.62239286,1701737570.8622544,3874925320.8208632,27.453815716865073,21.32333803485193,3.1039519504571467
aggressive_013,aggressive,55,IDLE,LANE_RIGHT,LANE_RIGHT,False,1937371921.1950927,29695281.26039198,2255760709.381381,4167308569.520383,25.23505301376532,20.108466885131236,4.3175397912643625
aggressive_013,aggressive,56,IDLE,LANE_RIGHT,LANE_RIGHT,False,2024871538.504233,31197145.17894204,2238143916.54648,4197415183.7220345,23.67674505219183,19.288591744724613,6.211292317824536
aggressive_013,aggressive,57,IDLE,LANE_RIGHT,LANE_RIGHT,False,2081265721.5508757,32170260.641023904,2224963375.3715386,4214642375.4265614,22.582295564776704,18.745772353192706,9.292972929589943
aggressive_013,aggressive,58,IDLE,LANE_RIGHT,LANE_RIGHT,False,2116452899.1196308,32781874.91684465,2214841772.658353,4223061101.569257,21.81362870941793,18.39717971480627,14.662691022555494
aggressive_013,aggressive,59,LANE_LEFT,LANE_RIGHT,LANE_RIGHT,False,2137518952.8526297,33151513.344763964,2206808417.322194,4225594000.0266533,21.27376940908365,18.184644386361924,25.22421074223206
aggressive_013,aggressive,60,IDLE,LANE_LEFT,LANE_LEFT,False,937038218.4059062,14583466.63391186,1561277212.5228815,2806900580.2261343,20.89460896769661,18.16432775304338,52.230144310274156
aggressive_013,aggressive,61,IDLE,LANE_LEFT,LANE_LEFT,False,638754253.1891441,9854449.479245592,1477627612.5917897,2494929306.378411,20.62831247113946,18.215292925929248,208.35209424342412
aggressive_013,aggressive,62,IDLE,LANE_RIGHT,LANE_RIGHT,False,447404392.6069193,7125561.7293905355,1555045388.952871,2436902337.5065084,20.441283930347605,20.275677638698426,17.254343745028574
aggressive_013,aggressive,63,IDLE,LANE_RIGHT,LANE_RIGHT,False,1492332716.086773,23434445.53869165,1654368756.205604,3029411832.594026,20.309927808419715,20.082235417761012,19.31117042721324
aggressive_013,aggressive,64,IDLE,LANE_RIGHT,LANE_RIGHT,False,2112246483.5854502,33438749.47232014,1736811533.9425921,3510758611.5827003,20.217672205639087,19.89576712367966,21.088396070146203
aggressive_013,aggressive,65,IDLE,LANE_RIGHT,LANE_RIGHT,False,2389671875.0071754,37814381.364089526,1797077927.3766766,3858139778.928122,20.152878147170387,19.718378497062304,22.560190988205242
aggressive_013,aggressive,66,LANE_LEFT,LANE_RIGHT,LANE_RIGHT,False,2580428577.4610806,40826039.407300726,1838018523.5480075,4096607146.8331666,20.10737120898661,19.549836619727444,23.73899058465219
aggressive_013,aggressive,67,IDLE,LANE_RIGHT,LANE_RIGHT,False,528106611.513361,8609134.387457445,1221542620.6389394,1910294082.7503798,20.075410231825987,19.518812970244426,24.82627692305035
aggressive_013,aggressive,68,IDLE,LANE_RIGHT,LANE_RIGHT,False,915825137.0596681,14605258.515233994,1151304424.1329691,1957326493.5905404,20.052963016042398,19.482996207506176,25.700899491572272
aggressive_013,aggressive,69,FASTER,LANE_RIGHT,LANE_RIGHT,False,1415283493.6680198,22603371.05784197,1230962314.4173393,2541585273.772122,20.037197618948845,49.10546915223097,inf
aggressive_013,aggressive,70,FASTER,LANE_RIGHT,LANE_RIGHT,False,1715847142.1564593,27255639.693541363,1302584786.3342388,2996257126.4384055,21.514465268726763,49.07700003732532,38.877588083674084
aggressive_013,aggressive,71,FASTER,LANE_RIGHT,LANE_RIGHT,False,1292009854.964571,20583713.048386045,1495180824.915582,2763884325.781026,22.551997554990535,48.7661180185745,21.237831244155576
aggressive_013,aggressive,72,IDLE,LANE_RIGHT,LANE_RIGHT,False,1374249349.8683455,21782896.029357046,1519217598.4231172,2963484982.540915,24.769029832860294,48.154318862790205,10.678108707628741
aggressive_013,aggressive,73,IDLE,LANE_RIGHT,LANE_RIGHT,False,1437185592.41431,22729426.20336882,1525881052.4398448,3103236779.0115867,26.326122461487614,47.14322102197616,7.775281678590431
aggressive_013,aggressive,74,IDLE,LANE_RIGHT,LANE_RIGHT,False,859520549.635798,14020939.267982252,1419478172.809914,2558413650.401251,27.41971838173067,45.85306051885709,6.409976943705637
aggressive_013,aggressive,75,IDLE,LANE_RIGHT,LANE_RIGHT,False,729984956.9759984,11586063.553440757,1290810438.4333081,2325263474.0994406,28.187785749583135,44.36766865652555,5.603316245184934
aggressive_013,aggressive,76,IDLE,LANE_RIGHT,LANE_RIGHT,False,696553956.7834582,11145487.908649053,1300504989.0545695,2315043037.174387,28.72722401068116,42.74556992087594,5.0560921229242535
aggressive_013,aggressive,77,IDLE,LANE_RIGHT,LANE_RIGHT,False,528857685.1228819,7851436.182757899,1152886912.4540617,2003954285.0147004,29.10608874275549,41.02771843969197,4.64644052320386
aggressive_013,aggressive,78,IDLE,LANE_RIGHT,LANE_RIGHT,False,496163471.4671681,7466312.487391435,1139353465.294456,1983659457.9772027,29.37217755321099,39.24282201915071,4.315782258554518
aggressive_013,aggressive,79,IDLE,LANE_RIGHT,LANE_RIGHT,False,460960223.7303541,7047327.401624784,1122592174.7649758,1955785248.1665587,29.559060229415675,37.411022953901124,4.032813565847604
aggressive_013,aggressive,80,IDLE,LANE_RIGHT,LANE_RIGHT,False,425064083.21046185,6620793.877462484,1103344317.686161,1923622531.637401,29.690313905981927,35.54645975766323,3.7795791745377563
aggressive_013,aggressive,81,IDLE,LANE_RIGHT,LANE_RIGHT,False,612413092.7898812,9660404.231435988,983716260.514986,1852715498.987999,29.782497558110762,33.6590581717943,3.545271792551263
aggressive_013,aggressive,82,IDLE,LANE_RIGHT,LANE_RIGHT,False,447120225.6389215,6918164.49272164,1039322520.0041313,1662823681.9355597,29.847241083337053,31.75578642037499,3.3231688369897636
aggressive_013,aggressive,83,IDLE,LANE_RIGHT,LANE_RIGHT,False,1494376431.218387,23086877.068319306,1302425910.237884,2628915260.8608346,29.892712530409565,29.84153601531557,3.108994218202525
aggressive_013,aggressive,84,IDLE,LANE_RIGHT,LANE_RIGHT,False,1488715391.7561433,23097894.94378888,1304791025.2238917,2601456465.6189218,29.924648581028393,27.919740135797724,2.899987296674498
aggressive_013,aggressive,85,IDLE,LANE_RIGHT,LANE_RIGHT,False,1482022057.7659974,23092983.35738528,1306461482.5001726,2572185011.1299906,29.94707829010499,25.992807862832024,2.6943486998146957
aggressive_013,aggressive,86,SLOWER,LANE_RIGHT,LANE_RIGHT,False,1474396038.198924,23073550.735129584,1307515562.4685771,2541270546.702646,29.962831391678677,24.062429129836914,2.4908988625557638
aggressive_013,aggressive,87,SLOWER,LANE_RIGHT,LANE_RIGHT,False,1494362243.9842758,23541362.81336823,1314378090.2066808,2560591097.260357,28.485555106364174,22.236784770954387,2.718391258988683
aggressive_013,aggressive,88,SLOWER,LANE_RIGHT,LANE_RIGHT,False,1505561973.8146806,23840891.01401697,1318858100.2219715,2567966441.0982437,27.448016755087046,20.67552805490959,2.8957781609001456
aggressive_013,aggressive,89,IDLE,LANE_RIGHT,LANE_RIGHT,False,1337215283.1910706,21576898.24425653,1521991301.493344,4184489969.6734133,25.230980217564564,19.40711052848951,3.9443891826600828
aggressive_013,aggressive,90,IDLE,LANE_RIGHT,LANE_RIGHT,False,1675065697.0951514,27354151.565936718,1462243801.2707827,4261396717.1016984,23.67388459724699,18.53518918670511,5.515689158941483
aggressive_013,aggressive,91,LANE_RIGHT,LANE_RIGHT,LANE_RIGHT,False,1690629436.3657117,27662166.284058556,1466478401.4353962,4288465239.0465374,22.58028657584425,17.9418918593243,7.924013130910847
aggressive_013,aggressive,92,IDLE,LANE_RIGHT,LANE_RIGHT,False,3540241917.2697625,56694825.62363191,2387213195.918211,4998159697.821887,21.81221773228019,17.631211982547597,11.804541893945384
aggressive_013,aggressive,93,IDLE,LANE_RIGHT,LANE_RIGHT,False,3627662603.4364758,58026640.081760116,2419069097.157941,4970607047.751886,21.27277843474274,17.469720732772885,18.3581582251727
aggressive_013,aggressive,94,FASTER,LANE_RIGHT,LANE_RIGHT,False,3271038997.4740157,52349762.15737774,2236882125.8214417,4882845232.941495,20.893912974743873,36.99697345339109,34.438107324488456
aggressive_013,aggressive,95,FASTER,LANE_RIGHT,LANE_RIGHT,False,3501692646.2673597,56100792.94474211,2182465989.6359777,4698635724.296712,22.116163845087602,36.72734188403933,16.084172083991366
aggressive_013,aggressive,96,FASTER,LANE_RIGHT,LANE_RIGHT,False,3078479909.904347,49575946.88800881,2006273803.5153167,4256293456.7609615,22.97458969641269,36.22463360731183,11.577244024745557
aggressive_013,aggressive,97,IDLE,LANE_RIGHT,LANE_RIGHT,False,2648316094.940073,42835728.87109041,1854256488.6766083,3846040023.1555343,25.06582980049835,35.45557350431204,6.808618073891472
aggressive_013,aggressive,98,IDLE,LANE_RIGHT,LANE_RIGHT,False,2286737160.594104,37157900.968048364,1712644759.1550882,3473440679.4987297,26.534574564959062,34.3117578310339,5.149097409850814
aggressive_013,aggressive,99,IDLE,LANE_RIGHT,LANE_RIGHT,False,1370711976.2547288,22519054.04803535,1600491680.8964646,2757273357.9969707,27.566120956459585,32.90654519147961,4.283136384282989
aggressive_013,aggressive,100,IDLE,LANE_RIGHT,LANE_RIGHT,False,1163370964.2929707,19274542.732143182,1514098806.2192922,2712515581.113522,28.290608957074497,31.318988670762224,3.73062619779817
aggressive_013,aggressive,101,IDLE,LANE_RIGHT,LANE_RIGHT,False,1004525533.3933878,16800533.73861296,1446340148.1134849,2702114383.1821117,28.799440035695667,29.604276610213105,3.329351408613234
aggressive_013,aggressive,102,IDLE,LANE_RIGHT,LANE_RIGHT,False,1007068574.659029,16344539.726963252,1077818038.558118,1927759726.4347656,29.15680836526225,27.801022052406097,3.0096107521724775
aggressive_013,aggressive,103,IDLE,LANE_RIGHT,LANE_RIGHT,False,661967899.6990256,10255577.243876573,1159436742.374057,1793132483.4131863,29.407799565177328,25.93628430973888,2.7368438162511506
aggressive_013,aggressive,104,SLOWER,LANE_RIGHT,LANE_RIGHT,False,226092839.39975762,2178622.3405152485,969933584.0400625,1268005435.7571654,29.584078706955818,24.02904187745014,2.492260805291099
aggressive_013,aggressive,105,SLOWER,LANE_RIGHT,LANE_RIGHT,False,997418642.5254779,14472941.579843946,1087238555.7188525,2164609895.908306,28.21954499034483,22.199605384970937,2.685795173219537
aggressive_013,aggressive,106,LANE_RIGHT,LANE_RIGHT,LANE_RIGHT,False,1610571997.3601282,23786910.354232788,1912017288.7173831,3324449873.9204926,27.261189348500075,20.616138493823996,2.8256787295077985
aggressive_013,aggressive,107,SLOWER,LANE_RIGHT,LANE_RIGHT,False,3486639193.9728007,53266441.65484482,2520346423.1689305,5702918012.109245,26.588105550661233,19.266120234192726,2.9138750120839267
aggressive_013,aggressive,108,IDLE,LANE_RIGHT,LANE_RIGHT,False,3538786289.8955526,54267994.532457426,2600537139.2402267,5808127983.6596365,24.627037094565914,18.168726794262852,3.9157728251905652
aggressive_013,aggressive,109,FASTER,LANE_RIGHT,LANE_RIGHT,False,3201945973.1286125,49163491.4536605,2556214651.3034825,5408914647.298478,23.249716038981823,47.44310030778945,13.42708978788595
aggressive_013,aggressive,110,IDLE,LANE_RIGHT,LANE_RIGHT,False,2870324532.6675634,43978781.42500135,2505703997.8087716,4976280394.194348,25.25905982436035,46.62351312273381,8.418026576336493
aggressive_013,aggressive,111,IDLE,LANE_RIGHT,LANE_RIGHT,False,2629334317.8706245,40447197.2238541,2193905429.890607,4609749285.915258,26.670286186656377,45.42944957354382,6.540787982679656
aggressive_013,aggressive,112,IDLE,LANE_RIGHT,LANE_RIGHT,False,2228178399.1644764,34234009.72397949,2110229524.7713866,4171938150.0134444,27.66143556593699,43.97536781719691,5.543684088555192
aggressive_013,aggressive,113,IDLE,LANE_RIGHT,LANE_RIGHT,False,1936261316.36283,29735351.21655985,2038788871.2596288,3848569075.7391663,28.357551453717065,42.341296214263934,4.909454163479522
aggressive_013,aggressive,114,IDLE,LANE_RIGHT,LANE_RIGHT,False,1596703602.2503695,25059534.104994483,1495146163.5316954,3208671840.6377916,28.84645589067646,40.58228719078852,4.4551094682703045
aggressive_013,aggressive,115,IDLE,FASTER,FASTER,False,52268220.94812012,2355349.2533415966,1184063458.2862632,1401914368.7064192,29.1898291029168,38.736290733140436,4.09979699160989
aggressive_013,aggressive,116,IDLE,LANE_RIGHT,LANE_RIGHT,False,598322156.9178836,8925251.261442557,1293009441.6298513,1943127249.094536,29.430991084627436,36.829638010831104,3.802623242855575
aggressive_013,aggressive,117,IDLE,LANE_RIGHT,LANE_RIGHT,False,35836044.547832966,411596.111349266,801813561.1408476,1058909090.4554999,29.600366852303495,34.880697469190295,3.5409997203885157
aggressive_013,aggressive,118,IDLE,SLOWER,SLOWER,False,10107039.262043953,178796.38222033158,794197050.8280065,1015819934.3048844,29.71932486746144,32.90232570413377,3.3016867258229095
aggressive_013,aggressive,119,IDLE,LANE_RIGHT,LANE_RIGHT,False,625814548.9044466,9771311.614329714,993474730.4316231,1475122817.5781913,29.80287288359432,30.903537500911966,3.0766046807248397
aggressive_013,aggressive,120,IDLE,LANE_RIGHT,LANE_RIGHT,False,598934036.9492371,9474685.089463599,991097637.5490029,1433911784.766443,29.861551325651977,28.890659312459775,2.860686170852259
aggressive_013,aggressive,121,IDLE,LANE_RIGHT,LANE_RIGHT,False,574091093.8076673,9211272.52276786,989582604.3219712,1496177605.2962124,29.90276307096545,26.86813263898091,2.6506942352099703
aggressive_013,aggressive,122,SLOWER,LANE_RIGHT,LANE_RIGHT,False,1206230859.6371226,19629288.090035826,1662778233.8957736,2791507171.359717,29.931707396892058,24.839076067889096,2.4445364092190047
aggressive_013,aggressive,123,SLOWER,LANE_LEFT,LANE_LEFT,False,3500231314.6819787,54040204.092964694,2035936837.1115913,4991928840.586598,28.463695730053132,22.912675213707985,2.637004029664374
aggressive_013,aggressive,124,SLOWER,LANE_LEFT,LANE_LEFT,False,3478190810.804784,53698133.31279294,2016440805.540512,4931763252.284603,27.432664216443353,21.249290401234134,2.7763285667731425
aggressive_013,aggressive,125,IDLE,LANE_LEFT,LANE_LEFT,False,3489239851.489518,53835657.62654191,1997673156.775952,4863100686.213515,25.220197638983535,19.877871056203162,3.6559401147691126
aggressive_013,aggressive,126,IDLE,LANE_LEFT,LANE_LEFT,False,3426327198.7092714,52978712.46719452,1975845844.643062,4797045690.470376,23.666311647681166,18.902425056116044,4.872841916636472
aggressive_013,aggressive,127,IDLE,LANE_LEFT,LANE_LEFT,False,3365685859.4844813,52017089.6551154,1952280509.5566952,4733698066.166708,22.574967851320654,18.205327790563956,6.540016408644491
aggressive_013,aggressive,128,IDLE,LANE_LEFT,LANE_LEFT,False,3313107970.8020067,51190173.990378164,1928286796.4642792,4673829984.071299,21.808482222052366,17.703967207094934,8.794409486786696
aggressive_013,aggressive,129,IDLE,LANE_LEFT,LANE_LEFT,False,3267325523.9433336,50475349.82680767,1904851690.0545979,4618098012.486096,21.27015486651689,17.34032167647092,11.790752479621071
aggressive_013,aggressive,130,IDLE,LANE_LEFT,LANE_LEFT,False,4352086980.007676,68175049.30326115,1939111209.3497493,5806753621.280794,20.89207035892544,17.073640194912855,15.685459892922239
aggressive_013,aggressive,131,IDLE,LANE_LEFT,LANE_LEFT,False,4315590037.503218,67611195.30385786,1917870772.3474846,5758001411.661559,20.62652952506149,16.875301456801935,20.60769012650257
aggressive_013,aggressive,132,IDLE,LANE_LEFT,LANE_LEFT,False,4283463796.783901,67117330.7582909,1898358633.7140434,5713701423.154189,20.44003171033125,16.725203217736862,26.61897871305024
aggressive_013,aggressive,133,IDLE,LANE_LEFT,LANE_LEFT,False,4255121952.9731264,66683670.9717446,1880604887.6052995,5673598974.869532,20.309048334279286,16.60922642940193,33.671135502253115
aggressive_013,aggressive,134,IDLE,LANE_LEFT,LANE_LEFT,False,4230056648.2679577,66301862.38061975,1864557340.050164,5637371339.83145,20.21705452284087,16.51745422101044,41.58091090554288
aggressive_013,aggressive,135,IDLE,LANE_LEFT,LANE_LEFT,False,4207829839.650585,65964783.09585224,1850117077.0940971,5604669998.718401,20.152444328799074,16.442921033608286,50.04103193392803
aggressive_013,aggressive,136,IDLE,LANE_LEFT,LANE_LEFT,False,4188064386.4664087,65666359.81927711,1837161266.4565835,5575145810.525151,20.10706652447891,16.380734097657296,58.67366439276499
aggressive_013,aggressive,137,IDLE,LANE_LEFT,LANE_LEFT,False,4170436014.848837,65401410.57724767,1825558347.2922242,5548464652.497652,20.07519624215803,16.327456419188934,67.10922099903226
aggressive_013,aggressive,138,IDLE,LANE_LEFT,LANE_LEFT,False,4154662488.9043074,65165455.42889589,1815175343.4037774,5524311058.702508,20.052812724259137,16.280673431768378,75.05823603204692
aggressive_013,aggressive,139,IDLE,LANE_LEFT,LANE_LEFT,False,4140504159.5825033,64954708.11392791,1805886602.013874,5502400851.564493,20.037092064225895,16.238688642811553,82.34988407833615
aggressive_013,aggressive,140,IDLE,LANE_LEFT,LANE_LEFT,False,4127753671.3464007,64765906.40346405,1797574427.4559855,5482476269.343985,20.02605094222724,16.20030987674454,88.93150975530753
aggressive_013,aggressive,141,IDLE,LANE_LEFT,LANE_LEFT,False,4116230638.9196196,64596223.30184188,1790130108.227265,5464304539.746748,20.018296409355756,16.1646991472046,94.84173758625305
aggressive_013,aggressive,142,IDLE,LANE_LEFT,LANE_LEFT,False,4105781379.6057625,64443254.772012115,1783456528.393304,5447681624.508512,20.012850153072904,16.131267217937534,100.17503508980244
aggressive_013,aggressive,143,IDLE,LANE_LEFT,LANE_LEFT,False,4096270048.734355,64304882.78546898,1777464748.0510514,5432422818.686369,20.00902507321444,16.099599549979416,105.05062689723887
aggressive_013,aggressive,144,IDLE,LANE_LEFT,LANE_LEFT,False,4087581221.560007,64179308.80338345,1772076774.8868332,5418368191.035233,20.006338597374203,16.069404292416152,109.59101549808895
aggressive_013,aggressive,145,IDLE,LANE_LEFT,LANE_LEFT,False,4079612066.481382,64064934.39283343,1767221880.31323,5405373324.432572,20.00445179952756,16.040475755037164,113.90995328500867
aggressive_013,aggressive,146,IDLE,LANE_LEFT,LANE_LEFT,False,4072275024.878057,63960398.56610587,1762838367.3067603,5393313523.639451,20.003126641094802,16.012668754407855,118.10741772205625
aggressive_013,aggressive,147,IDLE,LANE_LEFT,LANE_LEFT,False,4065492309.3392005,63864493.9664084,1758870942.8274944,5382077186.590227,20.002195939973305,15.98588059667452,122.26890669515868
aggressive_013,aggressive,148,IDLE,LANE_LEFT,LANE_LEFT,False,4059196008.334285,63776167.087770365,1755270668.912023,5371566035.621212,20.001542278828985,15.96003842388211,126.46698801344958
aggressive_013,aggressive,149,IDLE,LANE_LEFT,LANE_LEFT,False,4053328000.2816863,63694516.01526714,1751995148.92925,5361695279.411203,20.00108319171528,15.93509032724512,130.7637825606967
aggressive_013,aggressive,150,IDLE,LANE_LEFT,LANE_LEFT,False,4047835768.100815,63618726.53856014,1749005940.5258033,5352388158.137723,20.000760760162176,15.910999106056124,135.2136504805816
cautious_002,cautious,0,SLOWER,LANE_LEFT,LANE_LEFT,False,1767900304.027658,29258040.774366535,2980042405.6205745,4543967568.179106,25.0,24.074667268387486,8.601452443597374
cautious_002,cautious,1,IDLE,LANE_LEFT,LANE_LEFT,False,475041604.6213522,6954598.898901194,3352242053.9385233,4157283924.4239135,23.511659807956104,23.541881710986075,9.37711741387497
cautious_002,cautious,2,IDLE,LANE_RIGHT,LANE_RIGHT,False,789580122.2292161,13474944.420240358,3699472031.024306,4698647760.401088,22.46635092136286,23.034914936855046,8.676437935263472
cautious_002,cautious,3,IDLE,LANE_LEFT,LANE_LEFT,False,1366246190.1595497,17151048.8672235,4292553314.605929,5779051539.167356,21.732197080573094,22.41204645528063,7.604171796679826
cautious_002,cautious,4,IDLE,LANE_LEFT,LANE_LEFT,False,2579959987.032362,38383760.99677886,4552959909.749115,7200759927.01885,21.216577373461487,21.671472583077247,6.516376058126391
cautious_002,cautious,5,IDLE,LANE_LEFT,LANE_LEFT,False,3070952308.0653677,46434028.32910691,4473968671.034502,7543581754.416317,20.8544411731307,20.907069706706835,6.241520631560314
cautious_002,cautious,6,IDLE,LANE_LEFT,LANE_LEFT,False,3211727620.89332,49042698.36719464,4298370816.539912,7441700589.365107,20.600101345189188,20.21826261604292,6.741352268144469
cautious_002,cautious,7,IDLE,LANE_LEFT,LANE_LEFT,False,3266423828.047124,50218823.91296901,4154346947.4996057,7301364891.071999,20.421470354920253,88.32722941138539,28.046201289008447
cautious_002,cautious,8,IDLE,LANE_LEFT,LANE_LEFT,False,3147719214.1050177,48536220.114306755,3999370203.994072,7029441018.276067,20.29601210112369,87.69902509807244,28.061292982454155
cautious_002,cautious,9,IDLE,LANE_LEFT,LANE_LEFT,False,3045215695.659845,47044180.45042039,3888575774.751452,6820400690.748783,20.20789875963694,87.07546405379364,28.064008500554777
cautious_002,cautious,10,IDLE,LANE_LEFT,LANE_LEFT,False,2959169786.7124796,45765544.77681687,3809792296.889468,6661039486.067395,20.146013943668194,86.45650560133626,28.08719592388858
cautious_002,cautious,11,IDLE,LANE_LEFT,LANE_LEFT,False,2887095992.360718,44676167.50044529,3753249229.9963264,6538386292.048965,20.102550259476153,85.8427193527659,28.150231080377235
cautious_002,cautious,12,IDLE,LANE_LEFT,LANE_LEFT,False,2826319272.983978,43744575.178575486,3711953923.6378508,6442404681.67536,20.072024324899573,85.23500043845314,28.263607845877548
cautious_002,cautious,13,IDLE,LANE_LEFT,LANE_LEFT,False,2774570098.3486104,42942230.25978408,3681118816.9703217,6365858455.645378,20.050584985389,84.63438032961753,28.4322106794272
cautious_002,cautious,14,IDLE,LANE_LEFT,LANE_LEFT,False,2730047808.381299,42245524.66631815,3657525587.0824976,6303649959.493724,20.03552745201532,84.04190504801664,28.65750749816426
cautious_002,cautious,15,IDLE,LANE_LEFT,LANE_LEFT,False,2691354066.23814,41635524.91571692,3639020437.9736037,6252199383.263169,20.024952065064255,83.4585601380283,28.93896604755138
cautious_002,cautious,16,IDLE,LANE_LEFT,LANE_LEFT,False,2657408005.3174634,41097199.57466559,3624157130.4760513,6208975950.176526,20.01752463280233,82.88522762165667,29.274944923176193
cautious_002,cautious,17,IDLE,LANE_LEFT,LANE_LEFT,False,2627373771.7803974,40618657.68763745,3611957351.565988,6172173149.035666,20.012308109732228,82.32266445258506,29.663241258281996
cautious_002,cautious,18,IDLE,LANE_LEFT,LANE_LEFT,False,2600600150.424311,40190452.15011366,3601749916.8626547,6140480073.1670885,20.008644378851713,81.77149510071098,30.10141899377945
cautious_002,cautious,19,IDLE,LANE_LEFT,LANE_LEFT,False,2576574966.511943,39805026.31449287,3593066597.08452,6112928433.871237,20.00607122355566,81.23221314047765,30.586999248626988
cautious_002,cautious,20,IDLE,LANE_LEFT,LANE_LEFT,False,2554890768.8777046,39456280.427490786,3585573847.422438,6088788687.790959,20.004264014349108,80.70518831711303,31.11756532412439
cautious_002,cautious,21,IDLE,LANE_LEFT,LANE_LEFT,False,2535218584.1995993,39139226.88667045,3579028719.4693136,6067499652.324763,20.002994753562064,80.19067669848948,31.69081574760906
cautious_002,cautious,22,IDLE,LANE_LEFT,LANE_LEFT,False,2517288668.050033,38849733.65408102,3573248398.678023,6048617596.551661,20.002103311143728,79.68883231624142,32.304586390446026
cautious_002,cautious,23,IDLE,LANE_LEFT,LANE_LEFT,False,2500877466.8444023,38584345.178795725,3568093323.9293823,6031788020.919559,20.001477222641412,79.19971925372147,32.95685478972482
cautious_002,cautious,24,IDLE,LANE_LEFT,LANE_LEFT,False,2485795818.8582273,38340117.06648497,3563452179.920639,6016717436.485508,20.00103750067545,78.72332352033794,33.645734787353014
cautious_002,cautious,25,IDLE,LANE_LEFT,LANE_LEFT,False,2471883018.7996626,38114532.45371419,3559236344.3420854,6003163692.556083,20.00072866988454,78.25956431250478,34.36946643291293
cautious_002,cautious,26,IDLE,LANE_LEFT,LANE_LEFT,False,2458999970.808412,37905403.49071337,3555372020.8183885,5990920111.559918,20.000511768149366,77.80830443721732,35.12640410413566
cautious_002,cautious,27,IDLE,LANE_LEFT,LANE_LEFT,False,2447025702.3732333,37710820.251173675,3551797478.801142,5979809827.611044,20.000359431128224,77.36935979104106,35.915004550720845
cautious_002,cautious,28,IDLE,LANE_LEFT,LANE_LEFT,False,2435854173.59835,37529104.057899304,3548460388.430571,5969680132.351654,20.000252439969344,76.94250786334504,36.73381579016548
cautious_002,cautious,29,IDLE,LANE_LEFT,LANE_LEFT,False,2425391968.2487683,37358772.64801079,3545315911.5886664,5960398031.417858,20.000177296658855,76.52749528076902,37.581467305223434
cautious_002,cautious,30,IDLE,LANE_LEFT,LANE_LEFT,False,2415556747.160185,37198517.01744735,3542325879.18338,5951848246.061192,20.000124521110198,76.12404443913391,38.45666170207809
cautious_002,cautious,31,IDLE,LANE_LEFT,LANE_LEFT,False,2406274918.717305,37047166.6505542,3539456388.247412,5943927842.800226,20.000087455155587,75.73185928550117,39.35816781693603
cautious_002,cautious,32,IDLE,LANE_LEFT,LANE_LEFT,False,2397481757.77167,36903690.023208186,3536679048.4731607,5936548504.456798,20.000061422550974,75.35063032114266,40.28481516254575
cautious_002,cautious,33,IDLE,LANE_LEFT,LANE_LEFT,False,2389119210.054177,36767161.77924043,3533968347.773591,5929630698.371266,20.00004313902071,74.98003889873382,41.23548955714742
cautious_002,cautious,34,IDLE,LANE_LEFT,LANE_LEFT,False,2381136556.2483397,36636772.4521032,3531303384.4765306,5923106941.232882,20.000030297913035,74.61976088613625,42.20912975875433
cautious_002,cautious,35,IDLE,LANE_LEFT,LANE_LEFT,False,2373488118.6787777,36511793.17647861,3528665360.37337,5916916431.801624,20.000021279192694,74.26946976604233,43.20472492606272
cautious_002,cautious,36,IDLE,LANE_LEFT,LANE_LEFT,False,2366133608.467329,36391580.962657034,3526038274.207701,5911006171.458709,20.000014945057146,73.92883923642273,44.221312736391646
cautious_002,cautious,37,IDLE,LANE_LEFT,LANE_LEFT,False,2359037606.1454916,36275569.81320355,3523408916.4622717,5905330664.218696,20.0000104963913,73.59754537176116,45.257978006190335
cautious_002,cautious,38,IDLE,LANE_LEFT,LANE_LEFT,False,2352169363.5903096,36163267.98973854,3520766435.198259,5899851225.484692,20.000007371951092,73.27526839986001,46.31385167780186
cautious_002,cautious,39,IDLE,LANE_LEFT,LANE_LEFT,False,2345501391.4099164,36054236.5924489,3518101126.5607924,5894532935.531018,20.000005177556872,72.96169414382348,47.38811005540593
cautious_002,cautious,40,IDLE,LANE_LEFT,LANE_LEFT,False,2339009832.900195,35948094.07042217,3515405662.7452517,5889347029.573365,20.000003636363672,72.65651517382429,48.47997419215129
cautious_002,cautious,41,IDLE,LANE_LEFT,LANE_LEFT,False,2332673939.9105153,35844508.6041638,3512674079.1772184,5884268632.995991,20.000002553934433,72.35943170852784,49.58870934864771
cautious_002,cautious,42,IDLE,LANE_LEFT,LANE_LEFT,False,2326475582.1586666,35743190.6919072,3509901185.4440317,5879275969.019275,20.00000179370978,72.07015230164342,50.713624459758435
cautious_002,cautious,43,IDLE,LANE_LEFT,LANE_LEFT,False,2580000476.8994637,39394666.23753447,3122280244.964176,5677930671.9683485,20.000001259779708,71.78839434500833,51.8540715617328
cautious_002,cautious,44,IDLE,LANE_LEFT,LANE_LEFT,False,2581346327.309638,39412501.18926117,3122510100.3538127,5682959453.262049,20.000000884783553,71.5138844159037,53.00944514504838
cautious_002,cautious,45,IDLE,LANE_LEFT,LANE_LEFT,False,2582816740.771228,39432389.35182491,3122710652.2350245,5688069434.773095,20.00000062141177,71.24635849293196,54.17918140983653
cautious_002,cautious,46,IDLE,LANE_LEFT,LANE_LEFT,False,2584405782.912678,39454234.48647318,3122883169.4032373,5693256352.823898,20.000000436437347,70.98556206175101,55.362757410504216
cautious_002,cautious,47,IDLE,LANE_LEFT,LANE_LEFT,False,2586108025.288241,39477948.900556,3123028973.2220926,5698516243.2306,20.000000306523898,70.7312501292331,56.559690084225025
cautious_002,cautious,48,IDLE,LANE_LEFT,LANE_LEFT,False,2587919202.9468436,39503463.6061881,3123149713.6762705,5703846532.863017,20.00000021528153,70.48318716217784,57.76953516446241
cautious_002,cautious,49,IDLE,LANE_LEFT,LANE_LEFT,False,2589835665.7001643,39530719.36387324,3123247295.275495,5709245404.036188,20.000000151199103,70.24114696454092,58.9918859857664
cautious_002,cautious,50,IDLE,LANE_LEFT,LANE_LEFT,False,2591854681.18847,39559671.79346227,3123323701.6813154,5714712003.016285,20.000000106191962,70.00491250521333,60.22637218989001
cautious_002,cautious,51,IDLE,LANE_LEFT,LANE_LEFT,False,2604492872.5426083,39643145.22337422,2702972286.491746,5540051396.26788,20.00000007458201,69.77427570668209,61.47265834596378
cautious_002,cautious,52,IDLE,LANE_LEFT,LANE_LEFT,False,2583248183.955016,39315910.40311636,2695840657.7667007,5521635681.896245,20.00000005238133,69.5490372034065,62.730442499218874
cautious_002,cautious,53,IDLE,LANE_LEFT,LANE_LEFT,False,2562092096.2747974,38990172.17491384,2688724287.85513,5503306924.370949,20.000000036789082,69.32900607742351,63.999454663671095
cautious_002,cautious,54,IDLE,LANE_LEFT,LANE_LEFT,False,2541024006.5663996,38665918.86139909,2681624110.981268,5485065242.864301,20.00000002583815,69.11399957754247,65.2794552744705
cautious_002,cautious,55,IDLE,LANE_LEFT,LANE_LEFT,False,2520042925.105865,38343133.279928334,2674540777.1072536,5466910113.521405,20.00000001814696,68.90384282748306,66.57023361535356
cautious_002,cautious,56,IDLE,LANE_LEFT,LANE_LEFT,False,2499148578.5681925,38021809.15023951,2667475364.247116,5448842092.448657,20.00000001274519,68.69836852743288,67.87160623597607
cautious_002,cautious,57,IDLE,LANE_LEFT,LANE_LEFT,False,2478340538.2813234,37701938.28834142,2660428658.237214,5430861186.483473,20.000000008951353,68.49741665274217,69.18341537292308
cautious_002,cautious,58,IDLE,LANE_LEFT,LANE_LEFT,False,2457618467.914382,37383513.78683598,2653401673.8925614,5412967794.622067,20.000000006286818,68.30083415281575,70.50552738700873
cautious_002,cautious,59,IDLE,LANE_LEFT,LANE_LEFT,False,2436982514.7532215,37066536.32770844,2646395402.245555,5395162697.7866535,20.000000004415433,68.1084746526966,71.83783122814168
cautious_002,cautious,60,IDLE,LANE_LEFT,LANE_LEFT,False,2416432276.9384413,36750998.318449184,2639410566.722843,5377445920.5539255,20.0000000031011,67.92019815935055,73.18023693763672
cautious_002,cautious,61,IDLE,LANE_LEFT,LANE_LEFT,False,2395967914.50984,36436900.6723667,2632448102.581217,5359818115.216999,20.000000002178,67.73587077424548,74.53267419642144
cautious_002,cautious,62,IDLE,LANE_LEFT,LANE_LEFT,False,2375589338.949791,36124240.64695964,2625508753.822856,5342279665.562255,20.000000001529678,67.55536441346652,75.89509092619542
cautious_002,cautious,63,IDLE,LANE_LEFT,LANE_LEFT,False,2355296282.8491764,35813012.62384976,2618593163.7791467,5324830561.229795,20.00000000107434,67.37855653630862,77.26745194925341
cautious_002,cautious,64,IDLE,LANE_LEFT,LANE_LEFT,False,2335088597.6185474,35503212.99710923,2611701898.5379143,5307470897.348135,20.000000000754543,67.20532988303376,78.64973771140426
cautious_002,cautious,65,IDLE,LANE_LEFT,LANE_LEFT,False,1321691376.1375265,19456281.683805406,2710657454.8365016,4714666850.993157,20.00000000052994,67.0355722222726,80.04194307126991
cautious_002,cautious,66,IDLE,LANE_LEFT,LANE_LEFT,False,1306321959.4053373,19226373.424182042,2702392838.2892575,4698739719.594807,20.000000000372196,66.86917610836849,81.44407615816048
cautious_002,cautious,67,IDLE,LANE_LEFT,LANE_LEFT,False,1290903518.5872087,18995698.638777852,2694175938.244338,4682839760.337697,20.00000000026141,66.70603864881883,82.85615729978703
cautious_002,cautious,68,IDLE,LANE_LEFT,LANE_LEFT,False,1275440366.2330723,18764326.844894156,2686006250.1961784,4666968723.065447,20.000000000183594,66.54606128184815,84.27821802022177
cautious_002,cautious,69,IDLE,LANE_LEFT,LANE_LEFT,False,1259937115.334189,18532331.76434177,2677883250.1329255,4651128686.684376,20.000000000128942,66.3891495640496,85.7103001077971
cautious_002,cautious,70,IDLE,LANE_LEFT,LANE_LEFT,False,1244397874.252452,18299779.3760435,2669806342.836431,4635321181.5223875,20.00000000009056,66.23521296795184,87.15245475200875
cautious_002,cautious,71,IDLE,LANE_LEFT,LANE_LEFT,False,1228826520.1503115,18066731.803320676,2661774890.2809167,4619547644.403339,20.0000000000636,66.08416468930756,88.60474174797048
cautious_002,cautious,72,IDLE,LANE_LEFT,LANE_LEFT,False,1213226590.7803621,17833245.717678264,2653788220.1541657,4603809200.594512,20.00000000004467,65.93592146385112,90.06722876654136
cautious_002,cautious,73,IDLE,LANE_LEFT,LANE_LEFT,False,2925494055.8273687,44962075.11780205,2786515378.8008513,6114007775.243831,20.00000000003137,65.79040339323547,91.53999068790763
cautious_002,cautious,74,IDLE,LANE_LEFT,LANE_LEFT,False,2906939227.6206408,44683280.72670787,2783103139.0219736,6094739420.942882,20.000000000022034,65.64753377983254,93.02310899614305
cautious_002,cautious,75,IDLE,LANE_LEFT,LANE_LEFT,False,2888308128.522298,44403284.19322914,2779691118.604764,6075463446.455734,20.000000000015476,65.50723897006043,94.51667123206946
cautious_002,cautious,76,IDLE,LANE_LEFT,LANE_LEFT,False,2869608321.0133624,44122206.02894551,2776280482.102082,6056184560.508146,20.00000000001087,65.36944820589162,96.02077050161716
cautious_002,cautious,77,IDLE,LANE_LEFT,LANE_LEFT,False,2850847434.3079023,43840167.69424697,2772872465.283597,6036907664.331592,20.000000000007635,65.23409348418824,97.53550503680074
cautious_002,cautious,78,IDLE,LANE_LEFT,LANE_LEFT,False,2832032240.242531,43557276.71630835,2769468062.0334916,6017636897.617859,20.00000000000536,65.10110942350832,99.06097780639045
cautious_002,cautious,79,IDLE,LANE_LEFT,LANE_LEFT,False,2813169182.4496274,43273635.821336135,2766068227.6865463,5998376177.261601,20.000000000003766,64.97043313803033,100.59729617337102
cautious_002,cautious,80,IDLE,LANE_LEFT,LANE_LEFT,False,2794264568.003193,42989345.13493569,2762673852.691077,5979129353.216733,20.000000000002643,64.84200411824645,102.14457159630804
cautious_002,cautious,81,IDLE,LANE_LEFT,LANE_LEFT,False,2775323442.0424128,42704485.02356185,2759285537.314313,5959899140.218538,20.000000000001858,64.7157641180844,103.70291937180673
cautious_002,cautious,82,IDLE,LANE_LEFT,LANE_LEFT,False,2756351168.7291,42419140.7247593,2755903917.5639563,5940688548.186252,20.000000000001304,64.59165704812472,105.27245841534221
cautious_002,cautious,83,IDLE,LANE_LEFT,LANE_LEFT,False,2737352558.159827,42133388.54138544,2752529575.0559435,5921500246.605232,20.000000000000917,64.46962887459154,106.85331107782578
cautious_002,cautious,84,IDLE,LANE_LEFT,LANE_LEFT,False,2718332187.9878855,41847301.18008891,2749163048.856738,5902336774.092592,20.000000000000643,64.34962752380625,108.445602995392
cautious_002,cautious,85,IDLE,LANE_LEFT,LANE_LEFT,False,2699293704.2629247,41560936.65852532,2745804578.1962395,5883199659.280685,20.00000000000045,64.23160279180729,110.04946297002111
cautious_002,cautious,86,IDLE,LANE_LEFT,LANE_LEFT,False,2680241616.123641,41274366.401302695,2742454700.941462,5864091503.722013,20.000000000000316,64.11550625884865,111.66502287872184
cautious_002,cautious,87,IDLE,LANE_LEFT,LANE_LEFT,False,2661179015.2745166,40987639.5039974,2739113536.0048113,5845013457.345672,20.00000000000022,64.00129120850443,113.29241760915153
cautious_002,cautious,88,IDLE,LANE_LEFT,LANE_LEFT,False,2642109087.8330464,40700806.59311652,2735781355.001636,5825967006.609489,20.000000000000156,63.8889125511206,114.93178501966804
cautious_002,cautious,89,IDLE,LANE_LEFT,LANE_LEFT,False,2623035269.22499,40413921.969321266,2732458385.673658,5806953736.5299425,20.00000000000011,63.7783267513654,116.5832659219498
cautious_002,cautious,90,IDLE,LANE_LEFT,LANE_LEFT,False,2603960269.300376,40127028.57521847,2729144789.091541,5787974799.781332,20.000000000000078,63.669491759644075,118.2470040844459
cautious_002,cautious,91,IDLE,LANE_LEFT,LANE_LEFT,False,2584886860.217233,39840170.34845437,2725840671.6775293,5769031261.32313,20.000000000000057,63.56236694715699,119.92314625505666
cautious_002,cautious,92,IDLE,LANE_LEFT,LANE_LEFT,False,2565817179.235869,39553381.056419045,2722546031.1498075,5750123741.05219,20.00000000000004,63.456913044387875,121.61184220155498
cautious_002,cautious,93,IDLE,LANE_LEFT,LANE_LEFT,False,2546753956.7946796,39266703.817667045,2719261058.163539,5731253522.368265,20.00000000000003,63.35309208282706,123.31324476838637
cautious_002,cautious,94,IDLE,LANE_LEFT,LANE_LEFT,False,2527698887.1692266,38980165.60585341,2715985655.4106836,5712420843.366644,20.000000000000018,63.25086733973876,125.02750994861955
cautious_002,cautious,95,IDLE,LANE_LEFT,LANE_LEFT,False,2508654223.8596973,38693801.80513463,2712719904.6012197,5693626592.202898,20.000000000000014,63.150203285797716,126.75479696987912
cautious_002,cautious,96,IDLE,LANE_LEFT,LANE_LEFT,False,2489621747.4549303,38407640.56064961,2709463730.0356026,5674871202.103214,20.000000000000014,63.051065535427824,128.49526839326208
cautious_002,cautious,97,IDLE,LANE_LEFT,LANE_LEFT,False,2470603178.105999,38121708.97174693,2706217172.4365325,5656155199.204475,20.000000000000014,62.95342079968532,130.2490902242827
cautious_002,cautious,98,IDLE,LANE_LEFT,LANE_LEFT,False,2451600124.184617,37836032.48017108,2702980110.8492785,5637478882.899178,20.000000000000014,62.85723684153993,132.0164320350172
cautious_002,cautious,99,IDLE,LANE_LEFT,LANE_LEFT,False,2432613900.252491,37550631.67474209,2699752448.8278184,5618842404.455894,20.000000000000014,62.762482433413766,133.7974670967011
cautious_002,cautious,100,IDLE,LANE_LEFT,LANE_LEFT,False,2413646153.7652225,37265532.48631084,2696534231.945722,5600246387.669128,20.000000000000014,62.669127316848744,135.59237252210093
cautious_002,cautious,101,IDLE,LANE_LEFT,LANE_LEFT,False,2394697882.6442976,36980750.60420008,2693325223.142915,5581690612.01383,20.000000000000014,62.57714216417992,137.40132941708532
cautious_002,cautious,102,IDLE,LANE_LEFT,LANE_LEFT,False,2375770486.814519,36696307.80774949,2690125463.531823,5563175614.286248,20.000000000000014,62.486498542097706,139.22452304085758
cautious_002,cautious,103,IDLE,LANE_LEFT,LANE_LEFT,False,2356865073.5057716,36412221.667027146,2686934773.949718,5544701336.51484,20.000000000000014,62.397168876992964,141.06214297443512
cautious_002,cautious,104,IDLE,LANE_LEFT,LANE_LEFT,False,2337982604.571417,36128507.05249426,2683753064.9432974,5526267913.823428,20.000000000000014,62.309126421982455,142.91438329695262
cautious_002,cautious,105,IDLE,LANE_LEFT,LANE_LEFT,False,2319124226.265406,35845182.11699004,2680580255.544037,5507875500.157323,20.000000000000014,62.222345225519575,144.78144276949294
cautious_002,cautious,106,IDLE,LANE_LEFT,LANE_LEFT,False,2300290466.94041,35562254.93498935,2677416123.2478848,5489523759.580453,20.000000000000014,62.136800101500285,146.66352502616508
cautious_002,cautious,107,IDLE,LANE_LEFT,LANE_LEFT,False,2281482300.180158,35279740.60220545,2674260615.352828,5471212895.636237,20.000000000000014,62.05246660078137,148.5608387722119
cautious_002,cautious,108,IDLE,LANE_LEFT,LANE_LEFT,False,2262700730.0221996,34997654.85551014,2671113629.732947,5452943007.702201,20.000000000000014,61.969320984030446,150.47359798899083
cautious_002,cautious,109,IDLE,LANE_LEFT,LANE_LEFT,False,2243946396.661113,34716007.60784513,2667975031.300136,5434714031.224625,20.000000000000014,61.887340195836146,152.4020221456901
cautious_002,cautious,110,IDLE,LANE_LEFT,LANE_LEFT,False,2225219756.8764844,34434805.872222915,2664844639.183179,5416525654.984957,20.000000000000014,61.80650184000683,154.34633641772163
cautious_002,cautious,111,IDLE,LANE_LEFT,LANE_LEFT,False,2206521668.38092,34154063.02783574,2661722386.6752334,5398378027.823166,20.000000000000014,61.726784155992846,156.30677191173223
cautious_002,cautious,112,IDLE,LANE_LEFT,LANE_LEFT,False,2187852512.1221085,33873784.861494616,2658608090.173145,5380270856.483116,20.000000000000014,61.64816599637311,158.28356589725547
cautious_002,cautious,113,IDLE,LANE_LEFT,LANE_LEFT,False,2169213102.056247,33593983.897542015,2655501684.17027,5362204322.881921,20.000000000000014,61.57062680534602,160.27696204503732
cautious_002,cautious,114,IDLE,LANE_LEFT,LANE_LEFT,False,2150603605.97116,33314662.6943952,2652402980.411594,5344177976.125663,20.000000000000014,61.494146598172165,162.28721067209025
cautious_002,cautious,115,IDLE,LANE_LEFT,LANE_LEFT,False,2132024812.6402073,33035833.474380933,2649311914.65994,5326191959.048413,20.000000000000014,61.418705941517146,164.3145689936217
cautious_002,cautious,116,IDLE,LANE_LEFT,LANE_LEFT,False,2113476906.184753,32757498.91326175,2646228296.1364703,5308245938.783886,20.000000000000014,61.34428593464793,166.35930138192683
cautious_002,cautious,117,IDLE,LANE_LEFT,LANE_LEFT,False,2094960386.324832,32479666.594193235,2643152035.466655,5290339823.338116,20.000000000000014,61.270868191436875,168.42167963246408
cautious_002,cautious,118,IDLE,LANE_LEFT,LANE_LEFT,False,2076475796.4695778,32202344.917638645,2640083050.4695983,5272473678.050703,20.000000000000014,61.19843482313149,170.50198323728296
cautious_002,cautious,119,IDLE,LANE_LEFT,LANE_LEFT,False,2058023293.912425,31925536.083101034,2637021218.4295683,5254647212.694281,20.000000000000014,61.12696842185164,172.60049966603907
cautious_002,cautious,120,IDLE,LANE_LEFT,LANE_LEFT,False,2039603158.6813555,31649244.324102834,2633966357.6507955,5236860168.43298,20.000000000000014,61.056452044774005,174.71752465487666
cautious_002,cautious,121,IDLE,LANE_LEFT,LANE_LEFT,False,2021215838.1533275,31373476.540080488,2630918414.5872755,5219112522.746595,20.000000000000014,60.98686919897182,176.85336250343332
cautious_002,cautious,122,IDLE,LANE_LEFT,LANE_LEFT,False,2002861570.4756064,31098236.10903226,2627877281.483334,5201404144.355305,20.000000000000014,60.91820382687547,179.00832638030553
cautious_002,cautious,123,IDLE,LANE_LEFT,LANE_LEFT,False,1984540537.2345252,30823525.749263063,2624842840.574209,5183734795.291762,20.000000000000014,60.85044029232199,181.18273863732037
cautious_002,cautious,124,IDLE,LANE_LEFT,LANE_LEFT,False,1966253137.711976,30549351.47089409,2621814987.58064,5166104431.550251,20.000000000000014,60.78356336716547,183.37693113298573
cautious_002,cautious,125,IDLE,LANE_LEFT,LANE_LEFT,False,1947999441.9113235,30275714.15648464,2618793621.853054,5148512803.74355,20.000000000000014,60.71755821842089,185.59124556549895
cautious_002,cautious,126,IDLE,LANE_LEFT,LANE_LEFT,False,1929779786.3256483,30002618.84743391,2615778716.015702,5130959952.344923,20.000000000000014,60.65241039591399,187.82603381578613
cautious_002,cautious,127,IDLE,LANE_LEFT,LANE_LEFT,False,1911594308.7292228,29730067.56063781,2612770083.0720534,5113445542.678659,20.000000000000014,60.588105820413716,190.08165830101166
cautious_002,cautious,128,IDLE,LANE_LEFT,LANE_LEFT,False,1893443144.6429887,29458062.17863377,2609767698.4855113,5095969499.511559,20.000000000000014,60.524630772224214,192.35849233903932
cautious_002,cautious,129,IDLE,LANE_LEFT,LANE_LEFT,False,1875326402.2345552,29186604.100396365,2606771412.053605,5078531587.824961,20.000000000000014,60.46197188021313,194.6569205243949
cautious_002,cautious,130,IDLE,LANE_LEFT,LANE_LEFT,False,1857244561.2933264,28915700.678491212,2603781276.745026,5061132034.451127,20.000000000000014,60.40011611125772,196.9773391162952
cautious_002,cautious,131,IDLE,LANE_LEFT,LANE_LEFT,False,1839197496.602682,28645349.709064618,2600797123.126555,5043770433.412692,20.000000000000014,60.33905076008682,199.32015643927716
cautious_002,cautious,132,IDLE,LANE_LEFT,LANE_LEFT,False,1821185330.4517164,28375552.882697336,2597818871.5452056,5026446634.347581,20.000000000000014,60.27876343950254,201.68579329713313
cautious_002,cautious,133,IDLE,LANE_LEFT,LANE_LEFT,False,1803208355.1025062,28106314.57952085,2594846528.0476456,5009160726.281377,20.000000000000014,60.219242070962764,204.07468340076625
cautious_002,cautious,134,IDLE,LANE_LEFT,LANE_LEFT,False,1785266552.9534235,27837634.251281828,2591879956.582746,4991912427.825405,20.000000000000014,60.1604748755085,206.4872738106791
cautious_002,cautious,135,IDLE,LANE_LEFT,LANE_LEFT,False,1767360089.0022316,27569514.43436575,2588919121.191451,4974701663.621855,20.000000000000014,60.10245036502056,208.9240253948461
cautious_002,cautious,136,IDLE,LANE_LEFT,LANE_LEFT,False,1749489081.0776086,27301956.502898768,2585963990.469668,4957528442.629569,20.000000000000014,60.045157333790485,211.38541330274793
cautious_002,cautious,137,IDLE,LANE_LEFT,LANE_LEFT,False,1731653512.6492991,27034960.225795463,2583014475.6509466,4940392481.33239,20.000000000000014,59.98858485039227,213.87192745641414
cautious_002,cautious,138,IDLE,LANE_LEFT,LANE_LEFT,False,1713853740.703002,26768530.73853153,2580070616.624757,4923294026.252471,20.000000000000014,59.93272224984128,216.38407305931415
cautious_002,cautious,139,IDLE,LANE_LEFT,LANE_LEFT,False,1696089623.3807373,26502665.754922003,2577132264.9435873,4906232699.137383,20.000000000000014,59.87755912602756,218.92237112408318
cautious_002,cautious,140,IDLE,LANE_LEFT,LANE_LEFT,False,1678361178.0524554,26237365.336562417,2574199404.007229,4889208401.640654,20.000000000000014,59.82308532441277,221.48735902000632
cautious_002,cautious,141,IDLE,LANE_LEFT,LANE_LEFT,False,1660668801.0924025,25972635.467243068,2571272047.9495463,4872221351.648842,20.000000000000014,59.76929093497756,224.07959104132766
cautious_002,cautious,142,IDLE,LANE_LEFT,LANE_LEFT,False,1643012162.463591,25708470.71162141,2568350088.2509604,4855271146.791154,20.000000000000014,59.716166285410964,226.69963899746946
cautious_002,cautious,143,IDLE,LANE_LEFT,LANE_LEFT,False,1625391798.6715455,25444879.28704481,2565433607.148992,4838358134.403945,20.000000000000014,59.66370193452963,229.34809282631596
cautious_002,cautious,144,IDLE,LANE_LEFT,LANE_LEFT,False,1607807178.4375954,25181852.765602395,2562522412.7130117,4821481683.225402,20.000000000000014,59.611888665918855,232.02556123179446
cautious_002,cautious,145,IDLE,LANE_LEFT,LANE_LEFT,False,1590258835.3634129,24919399.142129153,2559616633.782214,4804642253.262517,20.000000000000014,59.56071748178488,234.73267234704576
cautious_002,cautious,146,IDLE,LANE_LEFT,LANE_LEFT,False,1572746744.98318,24657517.90172726,2556716209.5115995,4787839716.2266035,20.000000000000014,59.510179597010506,237.47007442451994
cautious_002,cautious,147,IDLE,LANE_LEFT,LANE_LEFT,False,1555270909.6196365,24396208.788430586,2553821116.584331,4771073958.405724,20.000000000000014,59.46026643340622,240.23843655450654
cautious_002,cautious,148,IDLE,LANE_LEFT,LANE_LEFT,False,1537831285.3560858,24135471.158421718,2550931279.2922955,4754344806.634985,20.000000000000014,59.41096961414735,243.03844941355635
cautious_002,cautious,149,IDLE,LANE_LEFT,LANE_LEFT,False,1520427930.1924515,23875305.531931907,2548046747.4917364,4737652366.734846,20.000000000000014,59.362280958392034,245.87082604449517
cautious_002,cautious,150,IDLE,LANE_LEFT,LANE_LEFT,False,1503061025.1518211,23615714.578401133,2545167525.3615527,4720996653.269338,20.000000000000014,59.31419247607005,248.7363026696687
cautious_011,cautious,0,SLOWER,LANE_LEFT,LANE_LEFT,False,2643714376.1570983,42655445.97060865,2845883229.7187986,5446514310.995521,25.0,25.337078840715662,11.671004057242586
cautious_011,cautious,1,IDLE,LANE_LEFT,LANE_LEFT,False,2884841931.687931,46322323.13573802,2775933798.8422613,5325403703.1062,23.511659807956104,24.989633395013414,25.364384005285746
cautious_011,cautious,2,IDLE,LANE_LEFT,LANE_LEFT,False,951129552.948185,15674783.789802216,2131554584.3870873,3331345994.4058976,22.46635092136286,24.847899684519547,105.74552323512243
cautious_011,cautious,3,IDLE,LANE_LEFT,LANE_LEFT,False,5968119236.913864,94327229.20887837,2918883022.775361,8067270946.155989,21.732197080573094,24.834567538383283,inf
cautious_011,cautious,4,IDLE,LANE_LEFT,LANE_LEFT,False,6214510986.928259,97982729.00497907,3002821821.5107937,8415629351.117088,21.216577373461487,24.894577688107006,inf
cautious_011,cautious,5,IDLE,LANE_LEFT,LANE_LEFT,False,5325550336.684466,83747488.66302234,2884561906.1699376,7560979408.02537,20.8544411731307,24.990525290568144,inf
cautious_011,cautious,6,IDLE,LANE_LEFT,LANE_LEFT,False,6241959135.722729,97788824.19649744,2755479439.669988,7981530252.608644,20.600101345189188,25.10090017437608,inf
cautious_011,cautious,7,IDLE,LANE_LEFT,LANE_LEFT,False,5511384777.184574,86952830.44718394,2585580198.4925666,7247658967.134188,20.421470354920253,25.23090400455024,inf
cautious_011,cautious,8,IDLE,LANE_LEFT,LANE_LEFT,False,4624137190.5483675,72721213.96824165,2399288918.0110426,6505780780.246518,20.29601210112369,25.403116348501243,inf
cautious_011,cautious,9,IDLE,LANE_LEFT,LANE_LEFT,False,3877026683.4347353,60727781.09685218,2288340149.748017,5906471691.022985,20.20789875963694,25.60658427553315,inf
cautious_011,cautious,10,IDLE,LANE_LEFT,LANE_LEFT,False,3306273504.189858,51573488.335847735,2360533687.129885,5455164538.008216,20.146013943668194,25.833350329857666,inf
cautious_011,cautious,11,IDLE,LANE_LEFT,LANE_LEFT,False,2898995274.8201914,45050963.77845681,2414418902.519432,5135190673.226693,20.102550259476153,26.077594324012097,inf
cautious_011,cautious,12,IDLE,LANE_LEFT,LANE_LEFT,False,2619504598.5521717,40584673.14258304,2452923740.719016,4916546303.854774,20.072024324899573,26.335026705287817,inf
cautious_011,cautious,13,IDLE,LANE_LEFT,LANE_LEFT,False,2432603714.533126,37607298.68913928,2480259344.119656,4770992817.0075,20.050584985389,26.602459003003105,inf
cautious_011,cautious,14,IDLE,LANE_LEFT,LANE_LEFT,False,2310237611.6755533,35666924.463847406,2499937364.0424643,4676313980.866182,20.03552745201532,26.877499012373562,inf
cautious_011,cautious,15,IDLE,LANE_LEFT,LANE_LEFT,False,2231929702.569439,34433905.77323876,2514501754.7912846,4616368448.376759,20.024952065064255,27.158333923720022,inf
cautious_011,cautious,16,IDLE,LANE_LEFT,LANE_LEFT,False,2183369236.197036,33677999.05948745,2525694749.138465,4579894678.942743,20.01752463280233,27.443575528436668,inf
cautious_011,cautious,17,IDLE,LANE_LEFT,LANE_LEFT,False,2154779552.5223494,33242010.23112552,2534680167.1300435,4559206314.332848,20.012308109732228,27.732149304871143,inf
cautious_011,cautious,18,IDLE,LANE_LEFT,LANE_LEFT,False,2139557167.1087847,33019842.133922555,2542224686.76707,4549113652.880403,20.008644378851713,28.02321457647264,inf
cautious_011,cautious,19,IDLE,LANE_LEFT,LANE_LEFT,False,2133262822.9855847,32940230.308988497,2548829427.1282473,4546127976.828006,20.00607122355566,28.31610672111765,inf
cautious_011,cautious,20,IDLE,LANE_LEFT,LANE_LEFT,False,2132913968.4485817,32955343.14660044,2554820215.141088,4547904645.91451,20.004264014349108,28.610295071745497,inf
cautious_011,cautious,21,IDLE,LANE_LEFT,LANE_LEFT,False,2136501088.2035618,33032992.214894056,2560408233.516491,4552863304.744875,20.002994753562064,28.905352019418785,inf
cautious_011,cautious,22,IDLE,LANE_LEFT,LANE_LEFT,False,2142662233.3907137,33151395.190553218,2565728074.2322397,4559929167.566667,20.002103311143728,29.20093014591248,inf
cautious_011,cautious,23,IDLE,LANE_LEFT,LANE_LEFT,False,2150469139.978096,33295730.4676828,2570866671.7379417,4568369269.272721,20.001477222641412,29.496745139097527,inf
cautious_011,cautious,24,IDLE,LANE_LEFT,LANE_LEFT,False,2159281060.086812,33455790.767394803,2575877241.1521816,4577673003.049748,20.00103750067545,29.79256289666006,inf
cautious_011,cautious,25,IDLE,LANE_LEFT,LANE_LEFT,False,2168653159.3487706,33624505.78194032,2580793904.1300917,4587485243.07519,20.00072866988454,30.088189683514315,inf
cautious_011,cautious,26,IDLE,LANE_LEFT,LANE_LEFT,False,2178272454.076669,33796916.1877927,2585636600.906735,4597552827.601921,20.000511768149366,30.383464532778703,inf
cautious_011,cautious,27,IDLE,LANE_LEFT,LANE_LEFT,False,2187915763.4518356,33969497.48132542,2590416631.8914237,4607692709.774113,20.000359431128224,30.678253309540025,inf
cautious_011,cautious,28,IDLE,LANE_LEFT,LANE_LEFT,False,2197423575.6517215,34139739.90201332,2595140143.688391,4617772250.575071,20.000252439969344,30.972444019027137,inf
cautious_011,cautious,29,IDLE,LANE_LEFT,LANE_LEFT,False,2206680005.077342,34305828.51521216,2599809638.1186633,4627692801.90375,20.000177296658855,31.26594305605289,inf
cautious_011,cautious,30,IDLE,LANE_LEFT,LANE_LEFT,False,2215601919.8817825,34466467.1539107,2604426199.457657,4637382459.782046,20.000124521110198,31.558672174588253,inf
cautious_011,cautious,31,IDLE,LANE_LEFT,LANE_LEFT,False,2224128416.7408104,34620712.97330515,2608988697.2815485,4646785627.141054,20.000087455155587,31.850566014879746,inf
cautious_011,cautious,32,IDLE,LANE_LEFT,LANE_LEFT,False,2232216624.6246967,34767906.35915997,2613496403.4683194,4655862982.916411,20.000061422550974,32.14157006749622,inf
cautious_011,cautious,33,IDLE,LANE_LEFT,LANE_LEFT,False,2239836117.918137,34907584.686422706,2617947234.711612,4664583461.595531,20.00004313902071,32.431638983930725,inf
cautious_011,cautious,34,IDLE,LANE_LEFT,LANE_LEFT,False,2427718222.208569,36438908.97986978,2188669836.2767153,4383328250.748596,20.000030297913035,32.720735165297754,inf
cautious_011,cautious,35,IDLE,LANE_LEFT,LANE_LEFT,False,2438094577.5877934,36619726.85707141,2189414749.9786158,4388995496.874633,20.000021279192694,33.00882757665585,inf
cautious_011,cautious,36,IDLE,LANE_LEFT,LANE_LEFT,False,2448410312.241748,36799298.72867696,2189932389.2709694,4394345967.086689,20.000014945057146,33.29589074624835,inf
cautious_011,cautious,37,IDLE,LANE_LEFT,LANE_LEFT,False,4058649010.647003,61980644.83175795,2579798183.332808,6281513217.331339,20.0000104963913,33.581903917683974,inf
cautious_011,cautious,38,IDLE,LANE_LEFT,LANE_LEFT,False,4058057652.581378,61973453.27707687,2573638876.1083,6273551276.224028,20.000007371951092,33.866850329625265,inf
cautious_011,cautious,39,IDLE,LANE_LEFT,LANE_LEFT,False,4057838747.580607,61972078.68940674,2567543938.2957373,6265936295.976153,20.000005177556872,34.15071660251749,inf
cautious_011,cautious,40,IDLE,LANE_LEFT,LANE_LEFT,False,4057934154.1307697,61975629.71111299,2561521595.6475997,6258638058.324334,20.000003636363672,34.433492215698095,inf
cautious_011,cautious,41,IDLE,LANE_LEFT,LANE_LEFT,False,4058291106.103623,61983297.98717398,2555578535.7459955,6251628178.2035475,20.000002553934433,34.71516906118569,inf
cautious_011,cautious,42,IDLE,LANE_LEFT,LANE_LEFT,False,4058861562.8932943,61994347.56339699,2549719705.414546,6244879169.86769,20.00000179370978,34.99574106277868,inf
cautious_011,cautious,43,IDLE,LANE_LEFT,LANE_LEFT,False,4059601989.8994203,62008110.88973886,2543949513.801602,6238366357.574646,20.000001259779708,35.27520385094607,inf
cautious_011,cautious,44,IDLE,LANE_LEFT,LANE_LEFT,False,4060474293.9799814,62024004.02319905,2538271822.6642838,6232068153.056068,20.000000884783553,35.55355448549085,inf
cautious_011,cautious,45,IDLE,LANE_LEFT,LANE_LEFT,False,4061442563.0031443,62041476.82301183,2532688211.6495676,6225961270.048031,20.00000062141177,35.83079121918922,inf
cautious_011,cautious,46,IDLE,LANE_LEFT,LANE_LEFT,False,4054898474.093172,62851598.83602398,2161950446.979388,5952803609.518373,20.000000436437347,36.10691329661171,inf
cautious_011,cautious,47,IDLE,LANE_LEFT,LANE_LEFT,False,4047531259.097359,62745389.00539833,2156950893.810483,5940015044.873396,20.000000306523898,36.38192078317428,inf
cautious_011,cautious,48,IDLE,LANE_LEFT,LANE_LEFT,False,4040224434.5721617,62640048.36942985,2152020570.2586327,5927317701.548397,20.00000021528153,36.65581442016742,inf
cautious_011,cautious,49,IDLE,LANE_LEFT,LANE_LEFT,False,4032979875.2459545,62535611.418661475,2147161940.900846,5914715837.173366,20.000000151199103,36.928595502108976,inf
cautious_011,cautious,50,IDLE,LANE_LEFT,LANE_LEFT,False,4025798936.294664,62432104.51960091,2142376846.9614882,5902212854.75863,20.000000106191962,37.200265773268086,inf
cautious_011,cautious,51,IDLE,LANE_LEFT,LANE_LEFT,False,4018683713.9989176,62329565.31875031,2137666752.2653458,5889812552.118573,20.00000007458201,37.47082734064395,inf
cautious_011,cautious,52,IDLE,LANE_LEFT,LANE_LEFT,False,4011635487.473707,62228018.78106344,2133032402.5199456,5877517480.659291,20.00000005238133,37.74028260105007,inf
cautious_011,cautious,53,IDLE,LANE_LEFT,LANE_LEFT,False,4004655235.519667,62127484.78445773,2128474178.6770942,5865329695.874812,20.000000036789082,38.008634180276715,inf
cautious_011,cautious,54,IDLE,LANE_LEFT,LANE_LEFT,False,3997744936.4276986,62027998.75775918,2123992292.300319,5853252020.406862,20.00000002583815,38.27588488257891,inf
cautious_011,cautious,55,IDLE,LANE_LEFT,LANE_LEFT,False,3990905170.2594166,61929574.20466381,2119586226.813683,5841285476.83115,20.00000001814696,38.5420376489746,inf
cautious_011,cautious,56,IDLE,LANE_LEFT,LANE_LEFT,False,3984137225.0409274,61832235.367563136,2115255504.465486,5829431743.888041,20.00000001274519,38.807095523047224,inf
cautious_011,cautious,57,IDLE,LANE_LEFT,LANE_LEFT,False,3977442253.236371,61736004.26689251,2110999300.4382377,5817692141.354734,20.000000008951353,39.07106162312169,inf
cautious_011,cautious,58,IDLE,LANE_LEFT,LANE_LEFT,False,3970821283.0358567,61640900.833205916,2106816518.2150555,5806067632.615202,20.000000006286818,39.333939119842626,inf
cautious_011,cautious,59,IDLE,LANE_LEFT,LANE_LEFT,False,3964274864.08993,61546937.39043254,2102705902.5192807,5794558650.035105,20.000000004415433,39.59573121831471,inf
cautious_011,cautious,60,IDLE,LANE_LEFT,LANE_LEFT,False,3957803829.4662876,61454130.33978551,2098666071.1204422,5783165741.754347,20.0000000031011,39.85644114408501,inf
cautious_011,cautious,61,IDLE,LANE_LEFT,LANE_LEFT,False,3951409238.2302427,61362499.66648472,2094695495.6416936,5771889538.343637,20.000000002178,40.116072132346574,inf
cautious_011,cautious,62,IDLE,LANE_LEFT,LANE_LEFT,False,3945091147.014979,61272049.41869356,2090792441.9431596,5760729601.960286,20.000000001529678,40.3746274198316,inf
cautious_011,cautious,63,IDLE,LANE_LEFT,LANE_LEFT,False,3938850768.3599977,61182801.49862129,2086955333.3580413,5749686621.159271,20.00000000107434,40.632110238940015,inf
cautious_011,cautious,64,IDLE,LANE_LEFT,LANE_LEFT,False,3932688240.295031,61094760.96208516,2083182266.7620487,5738760058.709707,20.000000000754543,40.88852381371254,inf
cautious_011,cautious,65,IDLE,LANE_LEFT,LANE_LEFT,False,3926604163.059059,61007939.89607358,2079471414.7397125,5727949806.526791,20.00000000052994,41.14387135731744,inf
cautious_011,cautious,66,IDLE,LANE_LEFT,LANE_LEFT,False,3920598882.8989367,60922346.189715624,2075820892.3377967,5717255462.042441,20.000000000372196,41.39815607076906,inf
cautious_011,cautious,67,IDLE,LANE_LEFT,LANE_LEFT,False,3914672837.320279,60837989.17926307,2072228843.9980648,5706676734.598431,20.00000000026141,41.651381142637206,inf
cautious_011,cautious,68,IDLE,LANE_LEFT,LANE_LEFT,False,3908826064.6222677,60754871.78552224,2068693209.9838474,5696212734.639818,20.000000000183594,41.903549749546755,inf
cautious_011,cautious,69,IDLE,LANE_LEFT,LANE_LEFT,False,3903059012.0014143,60673003.01855957,2065212215.4207642,5685863182.18004,20.000000000128942,42.15466505729495,inf
cautious_011,cautious,70,IDLE,LANE_LEFT,LANE_LEFT,False,3897371509.244564,60592382.27675166,2061783856.2033315,5675627015.048961,20.00000000009056,42.40473022244345,inf
cautious_011,cautious,71,IDLE,LANE_LEFT,LANE_LEFT,False,3891763882.421567,60513016.58595109,2058406188.7136312,5665503611.08194,20.0000000000636,42.65374839426636,inf
cautious_011,cautious,72,IDLE,LANE_LEFT,LANE_LEFT,False,3886236277.8781395,60434909.95826078,2055077399.7882667,5655492299.875776,20.00000000004467,42.90172271695258,inf
cautious_011,cautious,73,IDLE,LANE_LEFT,LANE_LEFT,False,3880788627.5843043,60358062.90335995,2051795685.077011,5645592181.897107,20.00000000003137,43.148656331981954,inf
cautious_011,cautious,74,IDLE,LANE_LEFT,LANE_LEFT,False,3875420764.6042967,60282474.48954703,2048559166.681403,5635802182.53678,20.000000000022034,43.39455238060572,inf
cautious_011,cautious,75,IDLE,LANE_LEFT,LANE_LEFT,False,3870132733.9811983,60208146.68534232,2045366084.3590114,5626121464.500703,20.000000000015476,43.639414006376114,inf
cautious_011,cautious,76,IDLE,LANE_LEFT,LANE_LEFT,False,3864924112.072871,60135074.40645984,2042214629.3149033,5616548709.422541,20.00000000001087,43.88324435768186,inf
cautious_011,cautious,77,IDLE,LANE_LEFT,LANE_LEFT,False,3859794915.4940696,60063258.91259156,2039103218.733818,5607083187.34935,20.000000000007635,44.12604659025271,inf
cautious_011,cautious,78,IDLE,LANE_LEFT,LANE_LEFT,False,3854744981.073477,59992698.85063945,2036030213.1752415,5597723887.383497,20.00000000000536,44.367823869603626,inf
cautious_011,cautious,79,IDLE,LANE_LEFT,LANE_LEFT,False,3849773964.2355347,59923389.854003295,2032993962.5888677,5588469588.849634,20.000000000003766,44.608579373400175,inf
cautious_011,cautious,80,IDLE,LANE_LEFT,LANE_LEFT,False,3844881417.500493,59855325.96529343,2029992911.9884517,5579319080.259343,20.000000000002643,44.8483162937257,inf
cautious_011,cautious,81,IDLE,LANE_LEFT,LANE_LEFT,False,3840067026.831036,59788503.12307847,2027025590.7845802,5570271268.803446,20.000000000001858,45.08703783923988,inf
cautious_011,cautious,82,IDLE,LANE_LEFT,LANE_LEFT,False,3835330501.568072,59722917.40123628,2024090670.5383008,5561325184.977783,20.000000000001304,45.324747237218844,inf
cautious_011,cautious,83,IDLE,LANE_LEFT,LANE_LEFT,False,3830671192.399586,59658559.56820652,2021186563.761848,5552479289.152486,20.000000000000917,45.561447735474985,inf
cautious_011,cautious,84,IDLE,LANE_LEFT,LANE_LEFT,False,3826088686.5322003,59595423.7100847,2018312060.9551976,5543732559.8415985,20.000000000000643,45.797142604148235,inf
cautious_011,cautious,85,IDLE,LANE_LEFT,LANE_LEFT,False,3821582588.7985735,59533504.23347135,2015465889.1962388,5535083896.573833,20.00000000000045,46.03183513737383,inf
cautious_011,cautious,86,IDLE,LANE_LEFT,LANE_LEFT,False,3817152283.0654254,59472791.96318136,2012646813.6827302,5526532025.68065,20.000000000000316,46.265528654823356,inf
cautious_011,cautious,87,IDLE,LANE_LEFT,LANE_LEFT,False,3812797240.8062806,59413279.16431552,2009853627.6252594,5518075714.336915,20.00000000000022,46.498226503122964,inf
cautious_011,cautious,88,IDLE,LANE_LEFT,LANE_LEFT,False,3808516573.7708864,59354952.27811132,2007085219.1268108,5509713522.05666,20.000000000000156,46.729932057151245,inf
cautious_011,cautious,89,IDLE,LANE_LEFT,LANE_LEFT,False,2907859257.511557,46107109.97264237,2748170611.334779,5599286071.720802,20.00000000000011,46.96064872122065,inf
cautious_011,cautious,90,IDLE,LANE_LEFT,LANE_LEFT,False,2898824372.0721726,45972414.84325481,2745056371.175787,5590381699.203817,20.000000000000078,47.19037993014706,inf
cautious_011,cautious,91,IDLE,LANE_LEFT,LANE_LEFT,False,2889876510.1320667,45839167.99999902,2741967795.414646,5581569495.879054,20.000000000000057,47.41912915021203,inf
cautious_011,cautious,92,IDLE,LANE_LEFT,LANE_LEFT,False,2881015224.94563,45707360.249096334,2738903965.6779327,5572848206.997899,20.00000000000004,47.64689988002249,inf
cautious_011,cautious,93,IDLE,LANE_LEFT,LANE_LEFT,False,2872239651.411756,45576975.81700753,2735863989.8320456,5564216350.160913,20.00000000000003,47.87369565127403,inf
cautious_011,cautious,94,IDLE,LANE_LEFT,LANE_LEFT,False,2863549332.0392747,45448005.54950291,2732847031.8933363,5555672765.501287,20.000000000000018,48.0995200294218,inf
cautious_011,cautious,95,IDLE,LANE_LEFT,LANE_LEFT,False,2854943517.21392,45320435.76851351,2729852280.142321,5547216155.652527,20.000000000000014,48.32437661426445,inf
cautious_011,cautious,96,IDLE,LANE_LEFT,LANE_LEFT,False,2846421359.3351755,45194250.95812473,2726879001.499286,5538845244.547128,20.000000000000014,48.5482690404466,inf
cautious_011,cautious,97,IDLE,LANE_LEFT,LANE_LEFT,False,2837982201.404349,45069439.07645111,2723926494.261983,5530558808.425985,20.000000000000014,48.77120097788463,inf
cautious_011,cautious,98,IDLE,LANE_LEFT,LANE_LEFT,False,2829624944.5652905,44945981.02359916,2720994011.443872,5522355403.117612,20.000000000000014,48.99317613212065,inf
cautious_011,cautious,99,IDLE,LANE_LEFT,LANE_LEFT,False,2821349052.2161713,44823866.550765604,2718080951.8947554,5514234052.705091,20.000000000000014,49.214198244609065,inf
cautious_011,cautious,100,IDLE,LANE_LEFT,LANE_LEFT,False,2813153269.350517,44703074.22923577,2715186709.9367495,5506193256.777968,20.000000000000014,49.434271092939525,inf
cautious_011,cautious,101,IDLE,LANE_LEFT,LANE_LEFT,False,2805036516.2171564,44583585.46137473,2712310592.81334,5498231565.71315,20.000000000000014,49.653398491003145,inf
cautious_011,cautious,102,IDLE,LANE_LEFT,LANE_LEFT,False,2796998355.2383413,44465391.55121826,2709452213.126523,5490348392.749071,20.000000000000014,49.87158428910186,inf
cautious_011,cautious,103,IDLE,LANE_LEFT,LANE_LEFT,False,2789037335.2956142,44348468.33547699,2706610929.5741057,5482542009.313123,20.000000000000014,50.08883237400789,inf
cautious_011,cautious,104,IDLE,LANE_LEFT,LANE_LEFT,False,2781152369.5973024,44232797.11365906,2703786299.3155293,5474811169.259309,20.000000000000014,50.305146668976136,inf
cautious_011,cautious,105,IDLE,LANE_LEFT,LANE_LEFT,False,2773342590.73596,44118362.74504921,2700977872.7633424,5467154909.45042,20.000000000000014,50.520531133711984,inf
cautious_011,cautious,106,IDLE,LANE_LEFT,LANE_LEFT,False,2765606829.10504,44005145.37411286,2698185166.231713,5459571893.207421,20.000000000000014,50.73498976429846,inf
cautious_011,cautious,107,IDLE,LANE_LEFT,LANE_LEFT,False,2757944028.0299873,43893127.0064919,2695407844.530385,5452061053.856828,20.000000000000014,50.94852659308572,inf
cautious_011,cautious,108,IDLE,LANE_LEFT,LANE_LEFT,False,2750352887.8576403,43782286.01416631,2692645427.169946,5444620960.301795,20.000000000000014,51.16114568854448,inf
cautious_011,cautious,109,IDLE,LANE_LEFT,LANE_LEFT,False,2742832641.9211235,43672608.78377765,2689897658.2720437,5437250881.611214,20.000000000000014,51.37285115508746,inf
cautious_011,cautious,110,IDLE,LANE_LEFT,LANE_LEFT,False,87953064.30636883,2516764.0475445613,2260788713.971399,2833137426.261731,20.000000000000014,51.58364713286028,inf
cautious_011,cautious,111,IDLE,LANE_LEFT,LANE_LEFT,False,85518136.70661068,2487351.839136958,2260464905.7611647,2832711560.4367633,20.000000000000014,51.79353779750443,inf
cautious_011,cautious,112,IDLE,LANE_LEFT,LANE_LEFT,False,83139246.5008316,2458865.4085219204,2260152567.4475546,2832337896.836708,20.000000000000014,52.00252735989352,inf
cautious_011,cautious,113,IDLE,LANE_LEFT,LANE_LEFT,False,80813373.7340784,2431256.290898323,2259850469.658573,2832012822.7960625,20.000000000000014,52.210620065845774,inf
cautious_011,cautious,114,IDLE,LANE_LEFT,LANE_LEFT,False,78537949.90747118,2404482.8966752887,2259557587.0100822,2831733179.235219,20.000000000000014,52.417820195813874,inf
cautious_011,cautious,115,IDLE,LANE_LEFT,LANE_LEFT,False,76310560.75094032,2378506.060968891,2259272877.0670137,2831496192.4933877,20.000000000000014,52.624132064554146,inf
cautious_011,cautious,116,IDLE,LANE_LEFT,LANE_LEFT,False,74128487.61513329,2353281.816885948,2258995340.05788,2831298649.7219696,20.000000000000014,52.82956002077583,inf
cautious_011,cautious,117,IDLE,LANE_LEFT,LANE_LEFT,False,71989353.72765923,2328771.940039575,2258724036.140298,2831137779.920405,20.000000000000014,53.03410844677285,inf
cautious_011,cautious,118,IDLE,LANE_LEFT,LANE_LEFT,False,69890943.22119522,2304940.3994284123,2258458122.785447,2831011048.940865,20.000000000000014,53.237781758038636,inf
cautious_011,cautious,119,IDLE,LANE_LEFT,LANE_LEFT,False,67830882.5843072,2281748.983285241,2258196801.937315,2830915746.081998,20.000000000000014,53.44058440286517,inf
cautious_011,cautious,120,IDLE,LANE_LEFT,LANE_LEFT,False,65806865.98421049,2259160.411186725,2257939256.6141987,2830849338.869209,20.000000000000014,53.64252086192789,inf
cautious_011,cautious,121,IDLE,LANE_LEFT,LANE_LEFT,False,63817004.96256924,2237144.0806201845,2257684811.45564,2830809636.4065247,20.000000000000014,53.843595647857114,inf
cautious_011,cautious,122,IDLE,LANE_LEFT,LANE_LEFT,False,61858948.658586025,2215662.1544149816,2257432690.0366616,2830794127.1974034,20.000000000000014,54.04381330479623,inf
cautious_011,cautious,123,IDLE,LANE_LEFT,LANE_LEFT,False,59930849.97681332,2194684.5335230753,2257182425.0725713,2830800827.4055405,20.000000000000014,54.2431784079489,inf
cautious_011,cautious,124,IDLE,LANE_LEFT,LANE_LEFT,False,58030793.63285923,2174180.4392288327,2256933278.509427,2830827630.8803296,20.000000000000014,54.44169556311522,inf
cautious_011,cautious,125,IDLE,LANE_LEFT,LANE_LEFT,False,56156865.61400747,2154118.934086576,2256684760.5973964,2830872485.3688564,20.000000000000014,54.63936940621761,inf
cautious_011,cautious,126,IDLE,LANE_LEFT,LANE_LEFT,False,54307207.11641979,2134469.9181659967,2256436301.1675787,2830933450.1566014,20.000000000000014,54.83620460281679,inf
cautious_011,cautious,127,IDLE,LANE_LEFT,LANE_LEFT,False,52480220.092782974,2115207.4997308254,2256187501.640861,2831008904.617284,20.000000000000014,55.03220584761971,inf
cautious_011,cautious,128,IDLE,LANE_LEFT,LANE_LEFT,False,50674072.53990412,2096302.2004893273,2255937777.903884,2831096881.4684863,20.000000000000014,55.22737786397852,inf
cautious_011,cautious,129,IDLE,LANE_LEFT,LANE_LEFT,False,48887214.006641865,2077728.851580426,2255686830.115171,2831195883.2655272,20.000000000000014,55.42172540338174,inf
cautious_011,cautious,130,IDLE,LANE_LEFT,LANE_LEFT,False,47117885.526593685,2059459.1382665932,2255434148.6706653,2831304076.4213543,20.000000000000014,55.615253244939254,inf
cautious_011,cautious,131,IDLE,LANE_LEFT,LANE_LEFT,False,45364688.914655685,2041470.4129632264,2255179434.000188,2831420097.339103,20.000000000000014,55.80796619485898,inf
cautious_011,cautious,132,IDLE,LANE_LEFT,LANE_LEFT,False,43626393.29970789,2023742.5236592293,2254922393.8742046,2831542716.6797523,20.000000000000014,55.999869085918135,inf
cautious_011,cautious,133,IDLE,LANE_LEFT,LANE_LEFT,False,41901087.59256315,2006244.9666940495,2254662579.4170594,2831670075.119801,20.000000000000014,56.19096677692892,inf
cautious_011,cautious,134,IDLE,LANE_LEFT,LANE_LEFT,False,40187786.29611349,1988961.6186354458,2254399818.913415,2831801202.2221637,20.000000000000014,56.3812641521979,inf
cautious_011,cautious,135,IDLE,LANE_LEFT,LANE_LEFT,False,38485087.23503542,1971869.7374803051,2254133771.388037,2831934761.65741,20.000000000000014,56.570766120980466,inf
cautious_011,cautious,136,IDLE,LANE_LEFT,LANE_LEFT,False,36791614.69975233,1954947.1316698566,2253864228.4627166,2832069473.121239,20.000000000000014,56.759477616931235,inf
cautious_011,cautious,137,IDLE,LANE_LEFT,LANE_LEFT,False,35106068.993628025,1938172.8758357689,2253590875.8369923,2832204119.303131,20.000000000000014,56.947403597549055,inf
cautious_011,cautious,138,IDLE,LANE_LEFT,LANE_LEFT,False,33427385.724042892,1921529.667142883,2253313627.4676585,2832337694.3041725,20.000000000000014,57.134549043617994,inf
cautious_011,cautious,139,IDLE,LANE_LEFT,LANE_LEFT,False,31754478.774617672,1904999.8333891928,2253032197.352438,2832469228.6852612,20.000000000000014,57.32091895864505,inf
cautious_011,cautious,140,IDLE,LANE_LEFT,LANE_LEFT,False,30086309.661641598,1888566.5967871025,2252746469.4914885,2832597785.92047,20.000000000000014,57.50651836829411,inf
cautious_011,cautious,141,IDLE,LANE_LEFT,LANE_LEFT,False,28421524.831400394,1872208.203059487,2252456218.918542,2832722130.5596023,20.000000000000014,57.69135231981613,inf
cautious_011,cautious,142,IDLE,LANE_LEFT,LANE_LEFT,False,26759330.281415462,1855911.617183894,2252161371.3449955,2832841611.631795,20.000000000000014,57.87542588147721,inf
cautious_011,cautious,143,IDLE,LANE_LEFT,LANE_LEFT,False,25098518.3497262,1839657.5347728282,2251861678.004085,2832955054.3481655,20.000000000000014,58.05874414198274,inf
cautious_011,cautious,144,IDLE,LANE_LEFT,LANE_LEFT,False,23438483.66259384,1823435.7753119469,2251557192.361369,2833062087.2060223,20.000000000000014,58.24131220990023,inf
cautious_011,cautious,145,IDLE,LANE_LEFT,LANE_LEFT,False,21777974.19634199,1807226.4868854806,2251247631.1863008,2833161493.086074,20.000000000000014,58.423135213079036,inf
cautious_011,cautious,146,IDLE,LANE_LEFT,LANE_LEFT,False,20116439.0135293,1791020.2921138406,2250933010.000131,2833252962.1973515,20.000000000000014,58.60421829806819,inf
cautious_011,cautious,147,IDLE,LANE_LEFT,LANE_LEFT,False,18452756.923024654,1774799.321621269,2250613221.907879,2833335474.0668306,20.000000000000014,58.784566629532605,inf
cautious_011,cautious,148,IDLE,LANE_LEFT,LANE_LEFT,False,16786386.664438725,1758554.6961741596,2250288204.843787,2833408559.094453,20.000000000000014,58.96418538966793,inf
cautious_011,cautious,149,IDLE,LANE_LEFT,LANE_LEFT,False,15116493.164260864,1742272.7335112542,2249957926.0055184,2833471651.83457,20.000000000000014,59.143079777612684,inf
cautious_011,cautious,150,IDLE,LANE_LEFT,LANE_LEFT,False,13441961.139372826,1725935.718292281,2249622212.714029,2833523691.0728664,20.000000000000014,59.321255008861044,inf
cautious_015,cautious,0,SLOWER,LANE_LEFT,LANE_LEFT,False,2174479378.301648,33754316.24304384,2124545561.6051564,3983649883.101854,25.0,22.511312125280114,7.2829135382936565
cautious_015,cautious,1,IDLE,LANE_LEFT,LANE_LEFT,False,2637337631.9956565,40237847.07357413,2155357738.81536,4530987870.019994,23.511659807956104,21.920112777969422,7.821248647805994
cautious_015,cautious,2,IDLE,LANE_LEFT,LANE_LEFT,False,2666092769.3095574,40070811.840406954,2277540870.562227,4783764356.478785,22.46635092136286,21.35619217040943,7.388009010978706
cautious_015,cautious,3,IDLE,LANE_LEFT,FASTER,True,146932820.11611938,614228.1297059804,2805099908.21316,3227378801.040123,21.732197080573094,20.764339992594387,6.612499154302319
cautious_015,cautious,4,IDLE,FASTER,FASTER,False,231983396.33334303,5088092.440897852,2833018911.3480783,3326723289.1413507,21.216577373461487,20.11094358162964,5.680765909802263
cautious_015,cautious,5,IDLE,LANE_LEFT,LANE_LEFT,False,1338122245.907093,17312534.058542505,3401205792.2096243,5302194152.488365,20.8544411731307,19.27386433942482,4.821279105785929
cautious_015,cautious,6,IDLE,LANE_LEFT,LANE_LEFT,False,2325397231.9560275,32782293.7027786,3627314862.1560683,6502850959.895579,20.600101345189188,18.304756219889214,4.135497179461182
cautious_015,cautious,7,IDLE,LANE_LEFT,LANE_LEFT,False,2465688623.301798,35365604.04532223,3495578331.556981,6470929654.276497,20.421470354920253,17.36072878772643,4.293547929658171
cautious_015,cautious,8,LANE_LEFT,LANE_LEFT,LANE_LEFT,False,2407892771.655963,34854374.183796376,3321388629.0795927,6201230747.154008,20.29601210112369,16.530387532558194,4.439041229899689
cautious_015,cautious,9,IDLE,LANE_LEFT,LANE_LEFT,False,7761901383.435164,116856720.32032314,5094447861.620772,12270939603.519812,20.20789875963694,94.18568800453502,inf
cautious_015,cautious,10,IDLE,LANE_LEFT,LANE_LEFT,False,7734778281.104537,116568047.11497393,5106390878.839691,12151134621.767967,20.146013943668194,94.45958889572827,inf
cautious_015,cautious,11,IDLE,LANE_LEFT,LANE_LEFT,False,6399998242.479987,96266575.32056984,4536925232.598084,10533315006.045263,20.102550259476153,43.706935894918274,75.3070377864777
cautious_015,cautious,12,IDLE,LANE_LEFT,LANE_LEFT,False,5011052590.484381,75117237.65845555,3940094660.8134947,8873675569.252129,20.072024324899573,43.636255393907476,114.99246116051884
cautious_015,cautious,13,IDLE,LANE_LEFT,LANE_LEFT,False,3905855178.2587943,58290402.718974754,3464010369.3266954,7558223717.643106,20.050584985389,43.58679852755819,213.4811099041715
cautious_015,cautious,14,IDLE,LANE_LEFT,LANE_LEFT,False,3191981158.9986773,47492086.418412484,3152114078.169457,6700621802.121536,20.03552745201532,43.5627337072134,862.4791540823798
cautious_015,cautious,15,IDLE,LANE_LEFT,LANE_LEFT,False,2720100061.541543,40376635.517223574,3019483002.0220437,6129276812.300013,20.024952065064255,43.56450428035555,inf
cautious_015,cautious,16,IDLE,LANE_LEFT,LANE_LEFT,False,746572783.7831845,10856239.329008684,2378535049.427016,4054838968.914446,20.01752463280233,43.59063002529956,inf
cautious_015,cautious,17,IDLE,LANE_LEFT,LANE_LEFT,False,467140743.1367955,6650198.622001439,2263419113.52708,3712306195.577414,20.012308109732228,43.638892820110186,inf
cautious_015,cautious,18,IDLE,LANE_LEFT,LANE_LEFT,False,641453007.414505,9252914.191684723,2269864766.6458006,3757073517.4314437,20.008644378851713,43.70692115443569,inf
cautious_015,cautious,19,IDLE,LANE_LEFT,LANE_LEFT,False,904074156.0810356,13192498.894230671,2309774785.1633,3902186097.562876,20.00607122355566,43.79243510377108,inf
cautious_015,cautious,20,IDLE,LANE_LEFT,LANE_LEFT,False,1140698403.9508524,16753291.513394102,2352876174.9678264,4050811871.695841,20.004264014349108,43.89333319203837,inf
cautious_015,cautious,21,IDLE,LANE_LEFT,LANE_LEFT,False,1313787368.1117659,19364858.219448045,2386364335.481786,4162421306.722042,20.002994753562064,44.007712653588385,inf
cautious_015,cautious,22,IDLE,LANE_LEFT,LANE_LEFT,False,1427554159.652236,21088479.953690484,2410408117.422432,4235651373.460056,20.002103311143728,44.133864004193526,inf
cautious_015,cautious,23,IDLE,LANE_LEFT,LANE_LEFT,False,1477790073.297367,21864328.560923927,2426022123.0000873,4276364019.5224266,20.001477222641412,44.27025693789278,inf
cautious_015,cautious,24,IDLE,LANE_LEFT,LANE_LEFT,False,1492686111.401494,22116190.390397966,2433149272.134309,4289507428.032653,20.00103750067545,44.41552420925086,inf
cautious_015,cautious,25,IDLE,LANE_LEFT,LANE_LEFT,False,1480230818.1172976,21937025.20686613,2421304805.9764647,4261726149.722935,20.00072866988454,44.568445913334074,inf
cautious_015,cautious,26,IDLE,LANE_LEFT,LANE_LEFT,False,1436785862.5257964,21262543.768628538,2384020896.3222885,4185690412.604226,20.000511768149366,44.727934917457105,inf
cautious_015,cautious,27,IDLE,LANE_LEFT,LANE_LEFT,False,1391463595.9292235,20562751.49385822,2348471434.1913753,4109529325.6936436,20.000359431128224,44.893023589860775,inf
cautious_015,cautious,28,IDLE,LANE_LEFT,LANE_LEFT,False,1346133363.2804165,19865595.378043696,2315163816.925767,4035603536.2186513,20.000252439969344,45.06285176928719,inf
cautious_015,cautious,29,IDLE,LANE_LEFT,LANE_LEFT,False,1301979507.526946,19188733.319736987,2284350947.519995,3965327417.0381937,20.000177296658855,45.2366558680734,inf
cautious_015,cautious,30,IDLE,LANE_LEFT,LANE_LEFT,False,1259714835.8568196,18542735.097300403,2256115294.551382,3899471943.1694145,20.000124521110198,45.413759000024015,inf
cautious_015,cautious,31,IDLE,LANE_LEFT,LANE_LEFT,False,1218899026.2451043,17880993.76337801,2230428879.304609,3838383016.8265433,20.000087455155587,45.59356203624367,inf
cautious_015,cautious,32,IDLE,LANE_LEFT,LANE_LEFT,False,1174842298.8900652,17210068.730343044,2207196911.923708,3782134834.411178,20.000061422550974,45.77553550501034,inf
cautious_015,cautious,33,IDLE,LANE_LEFT,LANE_LEFT,False,1134037799.7957544,16589879.328029312,2186284390.2216816,3730629747.002629,20.00004313902071,45.95921226236618,inf
cautious_015,cautious,34,IDLE,LANE_LEFT,LANE_LEFT,False,1096469409.3439775,16020054.562646553,2167536846.3768053,3683669600.9580526,20.000030297913035,46.14418086813873,inf
cautious_015,cautious,35,IDLE,LANE_LEFT,LANE_LEFT,False,1062030608.8395,15498866.924087524,2150790645.564198,3640996546.2623935,20.000021279192694,46.33007960815644,inf
cautious_015,cautious,36,IDLE,LANE_LEFT,LANE_LEFT,False,1030563448.7123303,15023818.671830848,2135881678.9289143,3602324472.1724725,20.000014945057146,46.51659110814171,inf
cautious_015,cautious,37,IDLE,LANE_LEFT,LANE_LEFT,False,1001882396.6886349,14592001.076262787,2122650536.733204,3567357782.1142807,20.0000104963913,46.703437488652355,inf
cautious_015,cautious,38,IDLE,LANE_LEFT,LANE_LEFT,False,975790624.3077192,14200340.357215367,2110945254.3039527,3535803254.0846124,20.000007371951092,46.89037601384507,inf
cautious_015,cautious,39,IDLE,LANE_LEFT,LANE_LEFT,False,952088689.0621619,13845729.675033279,2100621981.2188218,3507375174.55938,20.000005177556872,47.07719518996964,inf
cautious_015,cautious,40,IDLE,LANE_LEFT,LANE_LEFT,False,1621387874.274199,23785534.358451996,1580358029.015924,3377212466.3214583,20.000003636363672,47.26371127246932,inf
cautious_015,cautious,41,IDLE,LANE_LEFT,LANE_LEFT,False,1608103146.2770011,23593818.070364416,1568149804.5290885,3351976798.1169443,20.000002553934433,47.449765143441255,inf
cautious_015,cautious,42,IDLE,LANE_LEFT,LANE_LEFT,False,1596810088.2250237,23433049.60233456,1556762256.4367523,3329205884.8811545,20.00000179370978,47.635219523994635,inf
cautious_015,cautious,43,IDLE,LANE_LEFT,LANE_LEFT,False,1587281876.7316308,23299699.84176755,1546140072.3020167,3308672460.3312407,20.000001259779708,47.819956488753746,inf
cautious_015,cautious,44,IDLE,LANE_LEFT,LANE_LEFT,False,1579312597.798246,23190564.56885552,1536230449.3053253,3290166557.1714087,20.000000884783553,48.00387525236738,inf
cautious_015,cautious,45,IDLE,LANE_LEFT,LANE_LEFT,False,1572716181.4381323,23102749.055809245,1526983037.0637975,3273494557.558469,20.00000062141177,48.186890200389655,inf
cautious_015,cautious,46,IDLE,LANE_LEFT,LANE_LEFT,False,2299633500.46698,35191440.5142419,1448982281.845749,3644887920.00994,20.000000436437347,48.368929139286706,inf
cautious_015,cautious,47,IDLE,LANE_LEFT,LANE_LEFT,False,2289681266.6409445,35048880.98171285,1443614524.2229865,3629972570.761,20.000000306523898,48.549931742581464,inf
cautious_015,cautious,48,IDLE,LANE_LEFT,LANE_LEFT,False,2280158739.4020877,34912582.56757102,1438534344.0733895,3615586296.7824717,20.00000021528153,48.72984817226404,inf
cautious_015,cautious,49,IDLE,LANE_LEFT,LANE_LEFT,False,2271051640.4393444,34782365.10361876,1433725342.8468645,3601715514.9699597,20.000000151199103,48.90863785657922,inf
cautious_015,cautious,50,IDLE,LANE_LEFT,LANE_LEFT,False,2262345634.542498,34658043.67799781,1429172123.470324,3588345818.7562904,20.000000106191962,49.08626840713191,inf
cautious_015,cautious,51,IDLE,LANE_LEFT,LANE_LEFT,False,2254026840.77075,34539436.68667674,1424860403.8168464,3575462902.730003,20.00000007458201,49.26271465995006,inf
cautious_015,cautious,52,IDLE,LANE_LEFT,LANE_LEFT,False,2246080870.8221703,34426351.39106141,1420776584.931385,3563051465.4618807,20.00000005238133,49.43795782669906,inf
cautious_015,cautious,53,IDLE,LANE_LEFT,LANE_LEFT,False,2238494243.9534154,34318606.046547666,1416908183.739552,3551096835.2706256,20.000000036789082,49.61198474366711,inf
cautious_015,cautious,54,IDLE,LANE_LEFT,LANE_LEFT,False,811880508.7667532,12345464.530532055,2254208034.2247505,3491861869.339957,20.00000002583815,49.78478720743965,inf
cautious_015,cautious,55,IDLE,LANE_LEFT,LANE_LEFT,False,799337361.8196139,12161935.536113195,2250041668.211768,3478673037.29289,20.00000001814696,49.956361387360914,inf
cautious_015,cautious,56,IDLE,LANE_LEFT,LANE_LEFT,False,787151882.0170946,11983842.22404714,2245989271.882827,3465931524.81758,20.00000001274519,50.126707305949424,inf
cautious_015,cautious,57,IDLE,LANE_LEFT,LANE_LEFT,False,775311623.8993826,11811005.46715597,2242050890.7156873,3453621280.4855614,20.000000008951353,50.29582837940029,inf
cautious_015,cautious,58,IDLE,LANE_LEFT,LANE_LEFT,False,763804305.4865174,11643246.944194868,2238226146.476861,3441726679.737646,20.000000006286818,50.46373101117638,inf
cautious_015,cautious,59,IDLE,LANE_LEFT,LANE_LEFT,False,752618141.2159023,11480394.607498601,2234514308.810653,3430232771.7809653,20.000000004415433,50.6304242324743,inf
cautious_015,cautious,60,IDLE,LANE_LEFT,LANE_LEFT,False,741741242.1414518,11322273.75276716,2230914056.7687807,3419124646.4977922,20.0000000031011,50.7959193840511,inf
cautious_015,cautious,61,IDLE,LANE_LEFT,LANE_LEFT,False,731162393.7293015,11168718.779739715,2227423990.6285734,3408388238.9634757,20.000000002178,50.960229834527695,inf
cautious_015,cautious,62,IDLE,LANE_LEFT,LANE_LEFT,False,720870689.9932418,11019568.039822996,2224042258.0067544,3398009893.412917,20.000000001529678,51.123370730845465,inf
cautious_015,cautious,63,IDLE,LANE_LEFT,LANE_LEFT,False,710855018.2931781,10874655.666395418,2220766805.8566103,3387975863.4953027,20.00000000107434,51.28535877705576,inf
cautious_015,cautious,64,IDLE,LANE_LEFT,LANE_LEFT,False,701105493.8764963,10733834.16093199,2217595504.548749,3378273752.248762,20.000000000754543,51.44621203806565,inf
cautious_015,cautious,65,IDLE,LANE_LEFT,LANE_LEFT,False,691611875.2027698,10596949.52839768,2214525877.037179,3368890905.9320703,20.00000000052994,51.605949765364244,inf
cautious_015,cautious,66,IDLE,LANE_LEFT,LANE_LEFT,False,682364588.7969227,10463857.685380183,2211555446.5439687,3359815380.5950246,20.000000000372196,51.76459224210481,inf
cautious_015,cautious,67,IDLE,LANE_LEFT,LANE_LEFT,False,673354553.5459237,10334421.551452957,2208681682.3690457,3351035839.0005937,20.00000000026141,51.9221606452312,inf
cautious_015,cautious,68,IDLE,LANE_LEFT,LANE_LEFT,False,664572944.1925392,10208507.514869727,2205901870.8048115,3342541298.2728024,20.000000000183594,52.07867692261607,inf
cautious_015,cautious,69,IDLE,LANE_LEFT,LANE_LEFT,False,656010944.6042686,10085981.582147643,2203213251.648536,3334320757.8632007,20.000000000128942,52.23416368342322,inf
cautious_015,cautious,70,IDLE,LANE_LEFT,LANE_LEFT,False,647660697.9208894,9966724.323444441,2200613162.113944,3326364414.5973587,20.00000000009056,52.38864410012303,inf
cautious_015,cautious,71,IDLE,LANE_LEFT,LANE_LEFT,False,639514204.6199245,9850613.683509067,2198098784.2408323,3318662234.1453733,20.0000000000636,52.542141820784195,inf
cautious_015,cautious,72,IDLE,LANE_LEFT,LANE_LEFT,False,631564247.3559813,9737539.406435221,2195667388.487857,3311205081.813331,20.00000000004467,52.69468089043016,inf
cautious_015,cautious,73,IDLE,LANE_LEFT,LANE_LEFT,False,623803494.7140961,9627389.122781351,2193316305.398286,3303983866.601465,20.00000000003137,52.8462856804029,inf
cautious_015,cautious,74,IDLE,LANE_LEFT,LANE_LEFT,False,616225254.9149456,9520060.347164407,2191042703.649543,3296990029.53883,20.000000000022034,52.996980824803074,inf
cautious_015,cautious,75,IDLE,LANE_LEFT,LANE_LEFT,False,608822679.5970392,9415447.767897435,2188843921.535758,3290215010.746436,20.000000000015476,53.14679116319405,inf
cautious_015,cautious,76,IDLE,LANE_LEFT,LANE_LEFT,False,601590123.5976377,9313464.53212607,2186717467.6403394,3283651573.820689,20.00000000001087,53.29574168885688,inf
cautious_015,cautious,77,IDLE,LANE_LEFT,LANE_LEFT,False,594521174.7285795,9214011.696351893,2184660703.12806,3277291668.946418,20.000000000007635,53.443857501974435,inf
cautious_015,cautious,78,IDLE,LANE_LEFT,LANE_LEFT,False,587610173.2208748,9117002.147121087,2182671022.649996,3271128078.604901,20.00000000000536,53.5911637671976,inf
cautious_015,cautious,79,IDLE,LANE_LEFT,LANE_LEFT,False,580851842.7812724,9022354.192323893,2180746054.080254,3265154093.0060916,20.000000000003766,53.73768567511763,inf
cautious_015,cautious,80,IDLE,LANE_LEFT,LANE_LEFT,False,574240935.3523607,8929986.633734897,2178883420.477629,3259363030.821198,20.000000000002643,53.8834484072263,inf
cautious_015,cautious,81,IDLE,LANE_LEFT,LANE_LEFT,False,567772459.0813694,8839822.174191222,2177080770.294197,3253748539.449487,20.000000000001858,54.02847710400056,inf
cautious_015,cautious,82,IDLE,LANE_LEFT,LANE_LEFT,False,561441758.5220618,8751788.490649842,2175335894.096717,3248304678.385434,20.000000000001304,54.17279683578943,inf
cautious_015,cautious,83,IDLE,LANE_LEFT,LANE_LEFT,False,555244293.684905,8665815.283591717,2173646559.4672775,3243025586.476383,20.000000000000917,54.31643257622579,inf
cautious_015,cautious,84,IDLE,LANE_LEFT,LANE_LEFT,False,549175664.7925668,8581834.039687172,2172010692.7613077,3237905721.047742,20.000000000000643,54.459409177914836,inf
cautious_015,cautious,85,IDLE,LANE_LEFT,LANE_LEFT,False,543232092.5512133,8499785.952520616,2170426318.3697944,3232940125.3163877,20.00000000000045,54.60175135018767,inf
cautious_015,cautious,86,IDLE,LANE_LEFT,LANE_LEFT,False,537409193.1922197,8419602.868368655,2168891347.369292,3228123305.7646985,20.000000000000316,54.74348363872775,inf
cautious_015,cautious,87,IDLE,LANE_LEFT,LANE_LEFT,False,531703477.4793143,8341230.333168127,2167404021.052359,3223450756.4855714,20.00000000000022,54.88463040690556,inf
cautious_015,cautious,88,IDLE,LANE_LEFT,LANE_LEFT,False,526111090.24698544,8264608.300724044,2165962395.6259003,3218917551.2108297,20.000000000000156,55.02521581867586,inf
cautious_015,cautious,89,IDLE,LANE_LEFT,LANE_LEFT,False,520629008.2008195,8189689.483906791,2164564861.0438867,3214519770.8053565,20.00000000000011,55.16526382290681,inf
cautious_015,cautious,90,IDLE,LANE_LEFT,LANE_LEFT,False,515253520.4037013,8116416.004332349,2163209600.3844194,3210252735.5892854,20.000000000000078,55.304798139027184,inf
cautious_015,cautious,91,IDLE,LANE_LEFT,LANE_LEFT,False,509981897.86317015,8044745.202690087,2161895113.576887,3206112851.4788594,20.000000000000057,55.443842243891254,inf
cautious_015,cautious,92,IDLE,LANE_LEFT,LANE_LEFT,False,504810756.4811201,7974624.1741722375,2160619808.9647756,3202095915.3774657,20.00000000000004,55.582419359769915,inf
cautious_015,cautious,93,IDLE,LANE_LEFT,LANE_LEFT,False,499737275.1234546,7906008.831698358,2159382141.746377,3198198290.840287,20.00000000000003,55.72055244338844,inf
cautious_015,cautious,94,IDLE,LANE_LEFT,LANE_LEFT,False,1509297501.997603,23593360.081117764,2225455899.8108764,4120137813.893825,20.000000000000018,55.858264175938416,inf
cautious_015,cautious,95,IDLE,LANE_LEFT,LANE_LEFT,False,1501801084.7844143,23484472.236052178,2223340080.2982135,4112760802.8538804,20.000000000000014,55.995576953999034,inf
cautious_015,cautious,96,IDLE,LANE_LEFT,LANE_LEFT,False,1494437914.16675,23377656.397719227,2221268000.406922,4105553675.642868,20.000000000000014,56.13251288130948,inf
cautious_015,cautious,97,IDLE,LANE_LEFT,LANE_LEFT,False,1487203686.981525,23272844.546174876,2219238118.9217424,4098510684.6090508,20.000000000000014,56.26909376133915,inf
cautious_015,cautious,98,IDLE,LANE_LEFT,LANE_LEFT,False,1480094283.7985168,23169971.740371585,2217248775.5778074,4091626205.5591745,20.000000000000014,56.405341090607635,inf
cautious_015,cautious,99,IDLE,LANE_LEFT,LANE_LEFT,False,1473105143.0024772,23068966.20493289,2215298380.9408607,4084894274.7182217,20.000000000000014,56.54127605271003,inf
cautious_015,cautious,100,IDLE,LANE_LEFT,LANE_LEFT,False,1466232550.155839,22969769.27262047,2213385490.6715574,4078309872.7389655,20.000000000000014,56.67691951300674,inf
cautious_015,cautious,101,IDLE,LANE_LEFT,LANE_LEFT,False,1459472695.4233093,22872320.859074928,2211508696.978798,4071867888.994541,20.000000000000014,56.812292013940805,inf
cautious_015,cautious,102,IDLE,LANE_LEFT,LANE_LEFT,False,1452822203.8767023,22776567.708174616,2209666693.9938784,4065563716.464807,20.000000000000014,56.94741377094829,inf
cautious_015,cautious,103,IDLE,LANE_LEFT,LANE_LEFT,False,1446277559.7740264,22682454.47386019,2207858179.425952,4059392696.1517897,20.000000000000014,57.08230466892769,inf
cautious_015,cautious,104,IDLE,LANE_LEFT,LANE_LEFT,False,1439835278.3165264,22589926.207566246,2206081881.0966277,4053350205.553009,20.000000000000014,57.21698425923978,inf
cautious_015,cautious,105,IDLE,LANE_LEFT,LANE_LEFT,False,1433492547.7322311,22498938.492719382,2204336689.767582,4047432369.0438776,20.000000000000014,57.351471757208856,inf
cautious_015,cautious,106,IDLE,LANE_LEFT,LANE_LEFT,False,1427246473.7263484,22409445.72695376,2202621487.026816,4041635268.3275886,20.000000000000014,57.485786040097764,inf
cautious_015,cautious,107,IDLE,LANE_LEFT,LANE_LEFT,False,1421093919.0313835,22321398.47821974,2200935158.115802,4035954783.4629984,20.000000000000014,57.61994564553345,inf
cautious_015,cautious,108,IDLE,LANE_LEFT,LANE_LEFT,False,1415032440.5965462,22234758.22356443,2199276758.0501266,4030387580.5187707,20.000000000000014,57.75396877035598,inf
cautious_015,cautious,109,IDLE,LANE_LEFT,LANE_LEFT,False,1409059492.472714,22149484.783400014,2197645330.0091887,4024930206.497961,20.000000000000014,57.88787326987085,inf
cautious_015,cautious,110,IDLE,LANE_LEFT,LANE_LEFT,False,1403172352.928475,22065535.40546576,2196039842.3220115,4019579068.426617,20.000000000000014,58.021676657481635,inf
cautious_015,cautious,111,IDLE,LANE_LEFT,LANE_LEFT,False,1397368936.9128313,21982877.0658551,2194459548.5515113,4014331303.204982,20.000000000000014,58.15539610468181,inf
cautious_015,cautious,112,IDLE,LANE_LEFT,LANE_LEFT,False,1391647020.7422986,21901474.81670046,2192903543.1441956,4009183893.548673,20.000000000000014,58.28904844138674,inf
cautious_015,cautious,113,IDLE,LANE_LEFT,LANE_LEFT,False,1386004158.6501122,21821290.106390096,2191371019.9515457,4004133677.169218,20.000000000000014,58.422650156585746,inf
cautious_015,cautious,114,IDLE,LANE_LEFT,LANE_LEFT,False,1380438632.1822467,21742295.89011365,2189861235.7845817,3999178206.4972568,20.000000000000014,58.55621739929745,inf
cautious_015,cautious,115,IDLE,LANE_LEFT,LANE_LEFT,False,1374948308.3097668,21664458.55188878,2188373460.4244146,3994314687.1075606,20.000000000000014,58.68976597980895,inf
cautious_015,cautious,116,IDLE,LANE_LEFT,LANE_LEFT,False,1369531261.656643,21587747.83539383,2186906965.082198,3989540566.5927434,20.000000000000014,58.82331137118331,inf
cautious_015,cautious,117,IDLE,LANE_LEFT,LANE_LEFT,False,1364185673.4540567,21512135.042125657,2185461085.6419234,3984853377.690515,20.000000000000014,58.95686871101839,inf
cautious_015,cautious,118,IDLE,LANE_LEFT,LANE_LEFT,False,1358909991.6277351,21437595.7809574,2184035294.0905538,3980251069.8911247,20.000000000000014,59.09045280344253,inf
cautious_015,cautious,119,IDLE,LANE_LEFT,LANE_LEFT,False,1353702369.273415,21364101.03621854,2182628854.2509317,3975731141.177026,20.000000000000014,59.22407812133008,inf
cautious_015,cautious,120,IDLE,LANE_LEFT,LANE_LEFT,False,1348561156.0011454,21291624.845812634,2181241186.230489,3971291434.696222,20.000000000000014,59.357758808724725,inf
cautious_015,cautious,121,IDLE,LANE_LEFT,LANE_LEFT,False,1343485151.2199268,21220148.26110842,2179871830.3699465,3966930267.0959816,20.000000000000014,59.49150868345498,inf
cautious_015,cautious,122,IDLE,LANE_LEFT,LANE_LEFT,False,1338472618.1028395,21149644.12061756,2178520159.5834985,3962645373.162528,20.000000000000014,59.62534123992896,inf
cautious_015,cautious,123,IDLE,LANE_LEFT,LANE_LEFT,False,1333522263.625924,21080091.947733857,2177185778.388311,3958435058.1929216,20.000000000000014,59.759269652096236,inf
cautious_015,cautious,124,IDLE,LANE_LEFT,LANE_LEFT,False,1328632537.9003448,21011467.523032516,2175868099.970622,3954297294.2339773,20.000000000000014,59.89330677656358,inf
cautious_015,cautious,125,IDLE,LANE_LEFT,LANE_LEFT,False,1323802423.5441232,20943754.847683482,2174566731.7638445,3950230647.4159408,20.000000000000014,60.02746515585352,inf
cautious_015,cautious,126,IDLE,LANE_LEFT,LANE_LEFT,False,1319030479.6728601,20876931.272364616,2173281178.5579453,3946233240.351435,20.000000000000014,60.161757021793505,inf
cautious_015,cautious,127,IDLE,LANE_LEFT,LANE_LEFT,False,1314315470.5816765,20810977.471626014,2172011055.3635902,3942303516.0661473,20.000000000000014,60.29619429902664,inf
cautious_015,cautious,128,IDLE,LANE_LEFT,LANE_LEFT,False,1309656276.1872873,20745875.884949222,2170755879.8415685,3938439900.7922087,20.000000000000014,60.430788608629996,inf
cautious_015,cautious,129,IDLE,LANE_LEFT,LANE_LEFT,False,1305051674.7983732,20681607.32148689,2169515360.178195,3934640917.520174,20.000000000000014,60.5655512718356,inf
cautious_015,cautious,130,IDLE,LANE_LEFT,LANE_LEFT,False,1300500891.8464336,20618159.68146445,2168289087.975158,3930905371.019476,20.000000000000014,60.70049331383939,inf
cautious_015,cautious,131,IDLE,LANE_LEFT,LANE_LEFT,False,1296002581.2574606,20555511.873998865,2167076712.1674714,3927231654.177911,20.000000000000014,60.83562546769292,inf
cautious_015,cautious,132,IDLE,LANE_LEFT,LANE_LEFT,False,1291555921.6835356,20493651.058447435,2165877878.2039533,3923618603.5857587,20.000000000000014,60.97095817826664,inf
cautious_015,cautious,133,IDLE,LANE_LEFT,LANE_LEFT,False,1287159758.2867336,20432559.121393606,2164692275.6214876,3920064786.6719856,20.000000000000014,61.10650160627824,inf
cautious_015,cautious,134,IDLE,LANE_LEFT,LANE_LEFT,False,1653280204.0652199,26530263.48046153,2349466935.0292,4279462505.0021744,20.000000000000014,61.24226563237687,inf
cautious_015,cautious,135,IDLE,LANE_LEFT,LANE_LEFT,False,1645073253.409894,26413519.268414,2348152444.612507,4272734887.1105247,20.000000000000014,61.37825986127564,inf
cautious_015,cautious,136,IDLE,LANE_LEFT,LANE_LEFT,False,1636917691.423891,26297545.541133583,2346856255.5226574,4266058773.3931036,20.000000000000014,61.514493625926775,inf
cautious_015,cautious,137,IDLE,LANE_LEFT,LANE_LEFT,False,1628811933.9536223,26182317.888985172,2345577898.102574,4259432713.5774064,20.000000000000014,61.65097599173055,inf
cautious_015,cautious,138,IDLE,LANE_LEFT,LANE_LEFT,False,1620754523.9264178,26067813.7018392,2344316988.653478,4252855446.5552754,20.000000000000014,61.78771576077327,inf
cautious_015,cautious,139,IDLE,LANE_LEFT,LANE_LEFT,False,1612744041.374043,25954011.23322019,2343073078.3169837,4246325601.960163,20.000000000000014,61.92472147608714,inf
cautious_015,cautious,140,IDLE,LANE_LEFT,LANE_LEFT,False,1604778967.741674,25840886.835415944,2341845744.82512,4239841837.863382,20.000000000000014,62.06200142592638,inf
cautious_015,cautious,141,IDLE,LANE_LEFT,LANE_LEFT,False,1596858124.4194822,25728422.524901554,2340634647.9710517,4233403128.8808947,20.000000000000014,62.199563648054436,inf
cautious_015,cautious,142,IDLE,LANE_LEFT,LANE_LEFT,False,1588979997.9187298,25616594.94797992,2339439333.704903,4227008012.749026,20.000000000000014,62.33741593403704,inf
cautious_015,cautious,143,IDLE,LANE_LEFT,LANE_LEFT,False,1581143514.9055119,25505387.514039665,2338259512.427696,4220655597.0935173,20.000000000000014,62.475565833535484,inf
cautious_015,cautious,144,IDLE,LANE_LEFT,LANE_LEFT,False,1573347551.5390239,25394783.018746868,2337094854.7607965,4214344862.789928,20.000000000000014,62.614020658596814,inf
cautious_015,cautious,145,IDLE,LANE_LEFT,LANE_LEFT,False,1565590554.1640768,25284757.425724342,2335944901.9072375,4208074359.75197,20.000000000000014,62.75278748793539,inf
cautious_015,cautious,146,IDLE,LANE_LEFT,LANE_LEFT,False,1557871667.9966464,25175297.74557238,2334809445.128957,4201843372.184546,20.000000000000014,62.89187317120252,inf
cautious_015,cautious,147,IDLE,LANE_LEFT,LANE_LEFT,False,1550189788.0222874,25066386.916827865,2333688115.541202,4195650885.420887,20.000000000000014,63.03128433324048,inf
cautious_015,cautious,148,IDLE,LANE_LEFT,LANE_LEFT,False,1542543574.403502,24958004.435963474,2332580556.786339,4189495664.995183,20.000000000000014,63.17102737831567,inf
cautious_015,cautious,149,IDLE,LANE_LEFT,LANE_LEFT,False,1534932350.9843507,24850139.941054612,2331486580.0831804,4183377166.2711406,20.000000000000014,63.31110849433048,inf
cautious_015,cautious,150,IDLE,LANE_LEFT,LANE_LEFT,False,1527354892.6783285,24742774.569037244,2330405813.0721307,4177294247.604847,20.000000000000014,63.45153365700787,inf
normal_006,normal,0,IDLE,LANE_LEFT,LANE_LEFT,False,616119190.0854697,9201418.23859664,1883417130.33558,2508172861.1846266,25.0,69.65425807119297,20.664372177420887
normal_006,normal,1,IDLE,LANE_LEFT,LANE_LEFT,False,803913454.1894276,12219656.770817678,2106363019.1557999,2845849871.642366,25.0,68.90010975956608,15.074164418013055
normal_006,normal,2,IDLE,LANE_LEFT,LANE_LEFT,False,988754280.0440912,15186382.627994299,2309220004.3515844,3163507543.0259166,25.0,67.9069062837763,11.917008948181497
normal_006,normal,3,IDLE,LANE_RIGHT,FASTER,True,82312103.99162197,115351.9753670916,2147633251.9018364,2378323159.5306196,25.0,66.70850073458354,10.23190660660892
normal_006,normal,4,IDLE,LANE_LEFT,LANE_LEFT,False,4295370.628553867,313652.9121569097,2238787797.510933,2642573184.175464,25.0,65.36192402408997,9.181252289078511
normal_006,normal,5,IDLE,LANE_LEFT,LANE_LEFT,False,457322836.43077374,7890375.100419566,2347720199.478896,3051804484.387997,25.0,63.90647979460539,8.447874252746987
normal_006,normal,6,IDLE,LANE_LEFT,LANE_LEFT,False,749048168.5800862,12850861.814995386,2399280227.5031013,3238947223.77232,25.0,62.36983390893178,7.896170333572053
normal_006,normal,7,IDLE,LANE_LEFT,LANE_LEFT,False,1068132300.097652,17888954.733587474,2499200455.7554903,3492356750.1792216,25.0,60.77234869929521,7.4581359477722815
normal_006,normal,8,IDLE,LANE_LEFT,LANE_LEFT,False,747555262.2249608,11067506.66760905,2314810449.2245073,3608780260.7992215,25.0,59.1294980658914,7.095763972336158
normal_006,normal,9,IDLE,LANE_LEFT,LANE_LEFT,False,892621112.1640058,13404660.185278036,2397335486.7984605,3756327623.3818994,25.0,57.45332170838384,6.786069033425185
normal_006,normal,10,IDLE,LANE_LEFT,LANE_LEFT,False,979938208.1516113,14786516.233948246,2455581035.5606527,3849631188.3779387,25.0,55.7533542141868,6.514287929927491
normal_006,normal,11,IDLE,LANE_LEFT,LANE_LEFT,False,1027630695.3235717,15515524.058327287,2495029782.599747,3903600939.0791736,25.0,54.0372472153432,6.27047653882713
normal_006,normal,12,IDLE,LANE_LEFT,LANE_LEFT,False,1049796573.6888652,15826727.069496945,2520192552.0739923,3929907613.6787457,25.0,52.31120221259414,6.0476731815282445
normal_006,normal,13,IDLE,LANE_LEFT,LANE_LEFT,False,1056344907.8365083,15885052.265578948,2534496886.568651,3936975029.3049693,25.0,50.58028135797201,5.840845863131356
normal_006,normal,14,IDLE,LANE_LEFT,LANE_LEFT,False,1053840093.9430118,15799482.838477753,2540463224.676133,3930632517.8689156,25.0,48.84863664267482,5.646258367283593
normal_006,normal,15,IDLE,LANE_LEFT,LANE_LEFT,False,1046449639.5860667,15638945.790885389,2539928837.9367,3914827182.4313216,25.0,47.119682820885885,5.461072574154853
normal_006,normal,16,IDLE,LANE_LEFT,LANE_LEFT,False,1036719501.2538524,15445296.996938944,2534239432.385067,3892205586.6174593,25.0,45.39623049485721,5.283090161419335
normal_006,normal,17,IDLE,LANE_LEFT,LANE_LEFT,False,1026134978.2038717,15242713.302657,2524394422.575135,3864538954.9587975,25.0,43.68059033415108,5.110579766453738
normal_006,normal,18,IDLE,LANE_LEFT,LANE_LEFT,False,1015507489.9621582,15044159.509687334,2511150509.8730726,3833019179.155991,25.0,41.974655950952354,4.942158304676629
normal_006,normal,19,IDLE,LANE_LEFT,LANE_LEFT,False,1005230790.4422188,14855676.325974226,2495091821.5305877,3798456136.0911508,25.0,40.279970705199105,4.776707600897091
normal_006,normal,20,IDLE,LANE_LEFT,LANE_LEFT,False,995447628.6335559,14679159.684047073,2476680790.0028725,3761411826.2373867,25.0,38.59778221121968,4.6133146281374255
normal_006,normal,21,IDLE,LANE_LEFT,LANE_LEFT,False,986155979.5797958,14514136.087036788,2456289716.78551,3722284328.3177075,25.0,36.92908729139941,4.451227877613621
normal_006,normal,22,IDLE,LANE_LEFT,LANE_LEFT,False,977275562.4923501,14358868.791984774,2434225089.666266,3681365659.896231,25.0,35.27466940740908,4.289824965912095
normal_006,normal,23,IDLE,LANE_LEFT,LANE_LEFT,False,968688811.6689601,14211040.877149366,2410742379.5644813,3638876738.250757,25.0,33.63513009252955,4.128588205017826
normal_006,normal,24,IDLE,LANE_LEFT,LANE_LEFT,False,960264721.5410495,14068147.789103873,2386057621.080265,3594990894.6362033,25.0,32.01091554343412,3.9670859014105226
normal_006,normal,25,IDLE,LANE_LEFT,LANE_LEFT,False,951875156.1085262,13927767.188278064,2360355518.136111,3549850455.5404315,25.0,30.40233926303796,3.804957833685339
normal_006,normal,26,IDLE,LANE_RIGHT,LANE_RIGHT,False,630267413.102675,11261882.775727488,1705249078.0225854,2798312988.3605804,25.0,28.80960144868459,3.6419038157220136
normal_006,normal,27,IDLE,LANE_RIGHT,LANE_RIGHT,False,612265172.3983879,11006838.193542987,1680107236.7103148,2762414607.0269213,25.0,27.232805672255154,3.4776745644122395
normal_006,normal,28,IDLE,LANE_RIGHT,LANE_RIGHT,False,594122022.1530166,10748339.351853527,1654315377.1718068,2725774805.789507,25.0,25.67197328708386,3.3120643071792584
normal_006,normal,29,IDLE,LANE_RIGHT,LANE_RIGHT,False,575876666.3475404,10487280.6466045,1627981237.3033276,2688568008.9326453,25.0,24.127055911246487,3.1449047166120137
normal_006,normal,30,IDLE,LANE_RIGHT,LANE_RIGHT,False,1738537717.9345899,25660178.781237766,1518016651.5203128,3224807050.273101,25.0,22.59794627101428,2.976059867943554
normal_006,normal,31,SLOWER,LANE_RIGHT,LANE_RIGHT,False,1714907484.2525463,25307633.063505754,1506687158.592606,3179608761.3952885,25.0,21.084487637106577,2.805421993292783
normal_006,normal,32,IDLE,LANE_RIGHT,LANE_RIGHT,False,1864304704.014405,27071990.432659768,1464830425.7237072,2899381572.486349,23.511659807956104,19.69347793101548,3.309401992274027
normal_006,normal,33,IDLE,LANE_RIGHT,LANE_RIGHT,False,1951006142.9302306,28676939.876255922,1461622059.9128153,2880494123.757668,22.46635092136286,18.58350802154672,3.847357572516954
normal_006,normal,34,IDLE,LANE_RIGHT,LANE_RIGHT,False,2011709029.8684561,29799094.19697152,1458789842.1927204,2865605324.3437943,21.732197080573094,17.675192305842586,4.394445146925059
normal_006,normal,35,IDLE,LANE_RIGHT,LANE_RIGHT,False,2054163897.9597116,30582256.062595427,1456231824.3955677,2853538034.4716735,21.216577373461487,16.91267601764656,4.924863784602951
normal_006,normal,36,IDLE,LANE_RIGHT,LANE_RIGHT,False,2083812392.4026952,31127409.16246126,1453879693.1437464,2903171920.427428,20.8544411731307,16.256628930256397,5.416808283957802
normal_006,normal,37,IDLE,LANE_RIGHT,LANE_RIGHT,False,2104475909.5256417,31505483.691605315,1451687557.1899872,2948913836.3052893,20.600101345189188,15.679325400931305,5.85585103147652
normal_006,normal,38,IDLE,LANE_RIGHT,LANE_RIGHT,False,2118835966.323401,31766270.31965919,1449625115.7104988,2982886703.7709737,20.421470354920253,15.161189608561699,6.235831478958195
normal_006,normal,39,IDLE,LANE_RIGHT,LANE_RIGHT,False,2128775677.0461457,31944745.887337226,1447672640.565539,3008642350.2162437,20.29601210112369,14.688369744914723,6.557616199369371
normal_006,normal,40,IDLE,LANE_RIGHT,LANE_RIGHT,False,2135616357.8712664,32065464.775225572,1445817552.3826556,3028667989.8298426,20.20789875963694,14.251034785606748,6.8268044115307545
normal_006,normal,41,IDLE,LANE_RIGHT,LANE_RIGHT,False,2140285636.7835398,32145674.491757452,1444051642.3933346,3044704975.5322566,20.146013943668194,13.842178674719037,7.051400398666718
normal_006,normal,42,IDLE,LANE_RIGHT,LANE_RIGHT,False,2143435535.5073638,32197503.397886872,1442369950.3354797,3057972258.8418975,20.102550259476153,13.456780814059812,7.2400255040140005
normal_006,normal,43,IDLE,LANE_RIGHT,LANE_RIGHT,False,2145521581.4837809,32229438.107964974,1440769468.8598933,3069318411.380277,20.072024324899573,13.09121673648815,7.400806916929908
normal_006,normal,44,IDLE,LANE_RIGHT,LANE_RIGHT,False,2146865716.8633952,32247475.9117961,1439248104.0466738,3079337642.295139,20.050584985389,12.742844438672648,7.540833273935777
normal_006,normal,45,IDLE,LANE_RIGHT,LANE_RIGHT,False,2147692235.650202,32255805.067761708,1437804595.1483173,3088441130.0897007,20.03552745201532,12.409714038760058,7.665992125254797
normal_006,normal,46,IDLE,LANE_RIGHT,LANE_RIGHT,False,2148158406.7490344,32257367.14576243,1436438093.646171,3096913451.358457,20.024952065064255,12.090364008563029,7.781023359774812
normal_006,normal,47,IDLE,LANE_RIGHT,LANE_RIGHT,False,2148375965.932737,32254251.71666963,1435147737.0485368,3104953013.4237227,20.01752463280233,11.783678174498903,7.889671869669858
normal_006,normal,48,IDLE,LANE_RIGHT,LANE_RIGHT,False,2148422077.2757688,32247908.950101007,1433932694.2410808,3112693589.6237874,20.012308109732228,11.488785367709795,7.99486937143729
normal_006,normal,49,IDLE,LANE_RIGHT,LANE_RIGHT,False,2148351248.47098,32239364.93416945,1432792073.2781863,3120227214.5753965,20.008644378851713,11.204989001559966,8.098908957654357
normal_006,normal,50,IDLE,LANE_RIGHT,LANE_RIGHT,False,2148201978.6921587,32229346.095336303,1431724894.1060548,3127615641.7271986,20.00607122355566,10.931717645268407,8.20359680097359
normal_006,normal,51,IDLE,LANE_RIGHT,LANE_RIGHT,False,2148001254.9711847,32218363.544516277,1430730004.284307,3134899571.0341043,20.004264014349108,10.668490324259722,8.310376906298588
normal_006,normal,52,IDLE,LANE_RIGHT,LANE_RIGHT,False,2147766643.114252,32206756.485043574,1429806148.4509244,3142103937.3311954,20.002994753562064,10.414892146928935,8.420430381706689
normal_006,normal,53,IDLE,LANE_RIGHT,LANE_RIGHT,False,2147512813.258391,32194801.096285418,1428951929.3500042,3149246494.027148,20.002103311143728,10.1705571699178,8.534752927727265
normal_006,normal,54,IDLE,LANE_RIGHT,LANE_RIGHT,False,2147247345.3576488,32182649.67635464,1428165855.047872,3156334527.95201,20.001477222641412,9.935156335442002,8.654214748565488
normal_006,normal,55,LANE_RIGHT,LANE_RIGHT,LANE_RIGHT,False,2146978450.1702883,32170455.65925693,1427446289.5530593,3163375030.0517106,20.00103750067545,9.708388961090293,8.779606802718336
normal_006,normal,56,IDLE,LANE_RIGHT,LANE_RIGHT,False,3091982843.1109667,47324264.323381834,2279206866.389642,4553986395.589423,20.00072866988454,9.599051345474436,9.014104574821598
normal_006,normal,57,IDLE,LANE_RIGHT,LANE_RIGHT,False,3134938658.0361753,48074133.26937963,2284478292.062169,4422034461.611957,20.000511768149366,9.494008298823871,9.260228027840816
normal_006,normal,58,FASTER,LANE_RIGHT,LANE_RIGHT,False,2935606728.047306,44922626.70810377,2078966848.6413238,4117725306.777298,20.000359431128224,19.541925390979372,inf
normal_006,normal,59,SLOWER,LANE_RIGHT,LANE_RIGHT,False,2611940811.8024406,39519395.70736268,1891359966.5546463,3823079396.796752,21.488592632013237,19.492791140201916,14.290842621634393
normal_006,normal,60,IDLE,LANE_RIGHT,LANE_RIGHT,False,2451773967.0234528,37079022.8698191,1692277660.010879,3494044952.5042744,21.045486183252095,19.265754022944066,20.75988700286519
normal_006,normal,61,IDLE,LANE_RIGHT,LANE_RIGHT,False,2352933489.326178,35582647.9806014,1564425484.5969548,3281523007.6321664,20.73427836189996,19.107909431736516,30.624490203474238
normal_006,normal,62,IDLE,LANE_RIGHT,LANE_RIGHT,False,2291861895.0636015,34662912.85260896,1482409801.6643443,3144216591.3358693,20.515707162267187,19.000740677126828,46.06383807120042
normal_006,normal,63,IDLE,LANE_RIGHT,LANE_RIGHT,False,1502479048.6565042,20053976.050680704,993569821.8959465,2131942451.4013083,20.36219762288176,18.929768518046217,71.14090597275528
normal_006,normal,64,IDLE,LANE_RIGHT,LANE_RIGHT,False,1480077941.2550545,19725488.804963917,960335796.5697963,2073850378.3718145,20.254382966962226,18.884216605747042,114.18734623932725
normal_006,normal,65,IDLE,LANE_RIGHT,LANE_RIGHT,False,1466641679.5144215,19530753.901819967,939249290.3396504,2035874586.3667235,20.17866128818197,18.85626738267223,194.88122704079973
normal_006,normal,66,IDLE,LANE_RIGHT,LANE_RIGHT,False,1458729932.726486,19417734.98763041,925938984.8217487,2010819958.9052258,20.12547953298926,18.84032881279859,371.8200167382607
normal_006,normal,67,IDLE,LANE_RIGHT,LANE_RIGHT,False,1454201994.0007682,19354271.43513048,917599810.6058737,1994057602.9535627,20.088128286543895,18.83243238645923,922.8040792037348
normal_006,normal,68,IDLE,LANE_RIGHT,LANE_RIGHT,False,1451729877.861269,19320558.084521092,912436328.703401,1982617168.290693,20.06189531236005,18.829774549892136,14983.357367971721
normal_006,normal,69,FASTER,LANE_RIGHT,LANE_RIGHT,False,1450496574.453071,19304512.92543425,909302007.8620415,1974597736.743164,20.043471056143133,18.830380004848507,inf
normal_006,normal,70,SLOWER,LANE_RIGHT,LANE_RIGHT,False,1310975169.4454424,16820636.852683473,907225801.0519292,1963745400.418693,21.518871304177345,18.725863417141795,12.718149592922968
normal_006,normal,71,IDLE,LANE_RIGHT,LANE_RIGHT,False,1347829567.515435,17505818.911784012,905429337.1738755,1953188793.5868173,21.066751862467488,18.46342140678712,17.972578645498885
normal_006,normal,72,IDLE,LANE_RIGHT,LANE_RIGHT,False,1374040585.3804736,17991932.38089564,904508799.6774254,1945580537.707069,20.749213928097877,18.280317205020765,25.50199371208094
normal_006,normal,73,IDLE,LANE_RIGHT,LANE_RIGHT,False,1392675181.3336513,18336642.4613739,904110176.2218235,1939895168.76495,20.526196887772446,18.1525168602044,36.24436504165842
normal_006,normal,74,IDLE,LANE_RIGHT,LANE_RIGHT,False,1405940687.8326418,18581291.276048265,904039283.9184488,1935504073.520957,20.36956489237242,18.063141355986772,51.42869151966835
normal_006,normal,75,IDLE,LANE_RIGHT,LANE_RIGHT,False,1415410412.2194345,18755279.107222743,904183161.9385798,1932004977.767722,20.259557235795167,18.00033696240564,72.5156104167234
normal_006,normal,76,IDLE,LANE_RIGHT,LANE_RIGHT,False,1422198848.4268394,18879404.92186229,904473011.8501762,1929132580.9288845,20.182295342561215,17.955779478615796,100.89933283057171
normal_006,normal,77,IDLE,LANE_RIGHT,LANE_RIGHT,False,1427096097.7765362,18968392.674195226,904865397.5230372,1926709310.7743297,20.128031845529964,17.923623704574197,137.16812334750261
normal_006,normal,78,IDLE,LANE_RIGHT,LANE_RIGHT,False,1430656534.2490067,19032575.50002006,905332240.433224,1924613224.8146322,20.089920857217205,17.899765619168534,179.87070663154748
normal_006,normal,79,IDLE,LANE_RIGHT,LANE_RIGHT,False,1433274077.4940228,19079282.38132826,905854987.4150782,1922761753.4719596,20.063154292037325,17.881324184510163,224.4013704831136
normal_006,normal,80,IDLE,LANE_RIGHT,LANE_RIGHT,False,1435223886.7007024,19113637.670634665,906421337.5944144,1921097086.6663184,20.04435527780948,17.866277401386697,263.5129725134427
normal_006,normal,81,IDLE,LANE_RIGHT,LANE_RIGHT,False,1436700510.4755745,19139260.631874487,907022797.4672678,1919579005.0078485,20.031152129270858,17.853206700326496,290.34907300657176
normal_006,normal,82,IDLE,LANE_RIGHT,LANE_RIGHT,False,1437840055.7348588,19158685.283254582,907653458.8045269,1918179108.9469616,20.021879136058544,17.841117420112823,301.97006477275687
normal_006,normal,83,IDLE,LANE_RIGHT,LANE_RIGHT,False,1438738882.0564737,19173703.236155298,908309175.0161183,1916877439.1783752,20.015366416545916,17.829312724766964,300.10753986293844
normal_006,normal,84,IDLE,LANE_RIGHT,LANE_RIGHT,False,1439465111.8232856,19185580.05642803,908986915.19461,1915659799.4325287,20.01079232547532,17.817305051878975,289.0192002362924
normal_006,normal,85,IDLE,LANE_RIGHT,LANE_RIGHT,False,1440065646.3761609,19195189.83698705,909684339.9309466,1914515445.0077946,20.007579795121213,17.804753920207986,273.00847502376354
normal_006,normal,86,IDLE,LANE_RIGHT,LANE_RIGHT,False,1440573422.8579826,19203146.561646223,910399701.7960755,1913436554.7899508,20.00532353237594,17.791422250052506,255.217259156209
normal_006,normal,87,IDLE,LANE_RIGHT,LANE_RIGHT,False,1441011625.3051229,19209882.04796066,911131495.1560074,1912417012.3564217,20.003738886936187,17.777145685552114,237.52506212074022
normal_006,normal,88,IDLE,LANE_RIGHT,LANE_RIGHT,False,1441397453.6293395,19215714.202163868,911878578.3739802,1911452764.7384427,20.00262593979606,17.761811048494906,220.88426613284702
normal_006,normal,89,IDLE,LANE_RIGHT,LANE_RIGHT,False,1441740691.358133,19220830.15104602,912639827.4614521,1910539251.7455585,20.001844281447987,17.745341205313252,205.68120322058274
normal_006,normal,90,IDLE,LANE_RIGHT,LANE_RIGHT,False,1442050034.8811216,19225390.11136038,913414385.8282753,1909673919.1154456,20.00129529780709,17.727684438119695,191.99540383549657
normal_006,normal,91,IDLE,LANE_RIGHT,LANE_RIGHT,False,1442330891.9579573,19229495.124863356,914201318.0744894,1908854032.9057412,20.000909729049695,17.708806978932103,179.7570941935249
normal_006,normal,92,IDLE,LANE_RIGHT,LANE_RIGHT,False,1442586479.4209433,19233207.39611938,914999851.7451553,1908077100.9482794,20.00063893178799,17.688687765376926,168.8342454201877
normal_006,normal,93,IDLE,LANE_RIGHT,LANE_RIGHT,False,1109707411.2028425,14194246.837767087,923513446.7121866,2067947654.954628,20.000448742215983,17.66731475648271,159.07742120445386
normal_006,normal,94,IDLE,LANE_RIGHT,LANE_RIGHT,False,1114577021.882011,14264740.488401521,923110533.1065499,2070863826.8647952,20.0003151660008,17.64468234405615,150.34120982034176
normal_006,normal,95,IDLE,LANE_RIGHT,LANE_RIGHT,False,1119452367.9538674,14335349.715790406,922756881.8344853,2073808801.6475577,20.00022135115557,17.620789533411994,142.4933064337668
normal_006,normal,96,IDLE,LANE_RIGHT,LANE_RIGHT,False,1124332839.3238368,14406066.19607817,922450811.3187586,2076781149.223882,20.00015546199129,17.595638664338594,135.41737152055228
normal_006,normal,97,IDLE,LANE_RIGHT,LANE_RIGHT,False,1507294503.5496144,20939350.324295055,1206330883.9222255,2667996874.272359,20.000109185925297,17.569234511392096,129.01292971223097
normal_006,normal,98,IDLE,LANE_RIGHT,LANE_RIGHT,False,1512674200.5698771,21020141.08354499,1208520262.3851457,2673037950.683713,20.00007668476509,17.541583650510006,123.1939969379006
normal_006,normal,99,IDLE,LANE_RIGHT,LANE_RIGHT,False,1518054923.9254305,21100913.79198941,1210697702.0233655,2678059694.516985,20.00005385816149,17.51269401258503,117.88728012112709
normal_006,normal,100,IDLE,LANE_RIGHT,LANE_RIGHT,False,1523436061.0504427,21181659.923433587,1212862720.500709,2683061450.346229,20.000037826308205,17.482574568264795,113.03035151391573
normal_006,normal,101,IDLE,LANE_RIGHT,LANE_RIGHT,False,1528816191.425335,21262358.231412254,1215015463.4752343,2688042112.8703756,20.00002656662524,17.451235104838474,108.56997263570109
normal_006,normal,102,IDLE,LANE_RIGHT,LANE_RIGHT,False,1534194790.005077,21343001.321892835,1217155528.148386,2693001212.7930675,20.000018658590015,17.418686067728345,104.46062924141623
normal_006,normal,103,IDLE,LANE_RIGHT,LANE_RIGHT,False,1539570730.7595508,21423572.33150993,1219282940.0735836,2697937835.4197454,20.000013104524125,17.384938447288278,100.66328442325354
normal_006,normal,104,IDLE,LANE_RIGHT,LANE_RIGHT,False,1544943385.8649318,21504062.25241315,1221397545.2002559,2702851526.7123675,20.000009203726133,17.350003697361217,97.14433304084157
normal_006,normal,105,IDLE,LANE_RIGHT,LANE_RIGHT,False,1550311587.3862338,21584453.273421623,1223499463.4110606,2707741444.172965,20.00000646407103,17.31389367608267,93.87473201023795
normal_006,normal,106,IDLE,LANE_RIGHT,LANE_RIGHT,False,1555674917.095381,21664739.627133824,1225588240.501877,2712607065.9823174,20.000004539923687,17.276620602257367,90.82927965329047
normal_006,normal,107,IDLE,LANE_RIGHT,LANE_RIGHT,False,1561032604.6452181,21744909.664557945,1227663798.6128125,2717447849.1219983,20.00000318853351,17.23819702262108,87.98601924187231
normal_006,normal,108,IDLE,LANE_RIGHT,LANE_RIGHT,False,1566383135.5270162,21824940.070677347,1229726707.1247394,2722262846.9752584,20.000002239408996,17.19863578670561,85.32574501652226
normal_006,normal,109,IDLE,LANE_RIGHT,LANE_RIGHT,False,1571726502.0047872,21904831.343895286,1231776266.1151783,2727051830.156185,20.00000157280851,17.157950026999288,82.83159232253445
normal_006,normal,110,IDLE,LANE_RIGHT,LANE_RIGHT,False,1577061575.691725,21984566.194033965,1233812745.930944,2731814052.944773,20.000001104633686,17.116153142791404,80.48869664369896
normal_006,normal,111,IDLE,LANE_RIGHT,LANE_RIGHT,False,1582387125.8183174,22064125.534373693,1235836486.4500654,2736548690.086248,20.000000775819544,17.073258786569,78.28390905559999
normal_006,normal,112,IDLE,LANE_RIGHT,LANE_RIGHT,False,1587703317.0867298,22143512.56708692,1237846725.7210572,2741255687.6402874,20.000000544882862,17.02928085217684,76.20555793249817
normal_006,normal,113,IDLE,LANE_RIGHT,LANE_RIGHT,False,1593008969.682489,22222709.022986967,1239843803.4009573,2745934252.9820743,20.00000038268865,16.984233464188947,74.24324865160922
normal_006,normal,114,IDLE,LANE_RIGHT,LANE_RIGHT,False,1598303396.2973762,22293906.510794602,1241827630.0536914,2750583851.7358375,20.000000268774468,16.93813096810709,72.38769459627173
normal_006,normal,115,IDLE,LANE_RIGHT,LANE_RIGHT,False,1603585982.5355291,22312127.432089254,1243798358.5788012,2755204161.1390443,20.000000188768897,16.89098792112179,70.6305740207552
normal_006,normal,116,IDLE,LANE_RIGHT,LANE_RIGHT,False,1607980044.6854737,22330115.951479398,1245755851.5444608,2759794553.9757266,20.00000013257843,16.842819083249992,68.96440835665548
normal_006,normal,117,IDLE,LANE_RIGHT,LANE_RIGHT,False,1609338196.5086899,22347865.299510412,1247700207.1223671,2764354679.2742987,20.000000093114068,16.793639408725653,67.3824583597384
normal_006,normal,118,IDLE,LANE_RIGHT,LANE_RIGHT,False,1610682575.35289,22365368.338652488,1249631297.4079833,2768883955.9686646,20.000000065396986,16.743464037555327,65.87863515530283
normal_006,normal,119,IDLE,LANE_RIGHT,LANE_RIGHT,False,1612012868.5584142,22382620.21222106,1251549279.0403082,2773382142.979796,20.000000045930392,16.692308287184346,64.4474237712794
normal_006,normal,120,IDLE,LANE_RIGHT,LANE_RIGHT,False,1613328566.856667,22399613.052210383,1253454128.7173693,2777848757.599184,20.00000003225838,16.640187644235198,63.08381717702224
normal_006,normal,121,IDLE,LANE_RIGHT,LANE_RIGHT,False,1614629372.4088597,22416342.387240693,1255345759.924672,2782283401.836478,20.000000022656092,16.587117756294333,61.783259192590684
normal_006,normal,122,IDLE,LANE_RIGHT,LANE_RIGHT,False,1615914791.5948982,22432800.34869489,1257224344.335563,2786685701.252283,20.0000000159121,16.533114423735128,60.54159491474358
normal_006,normal,123,IDLE,LANE_RIGHT,LANE_RIGHT,False,1617184628.5656176,22448984.12463563,1259089794.0557044,2791055411.452036,20.000000011175576,16.47819359156847,59.35502753480066
normal_006,normal,124,IDLE,LANE_RIGHT,LANE_RIGHT,False,1618438379.7054007,22464885.751312695,1260942245.5056179,2795392136.262266,20.000000007848964,16.422371341320968,58.22008061048702
normal_006,normal,125,IDLE,LANE_RIGHT,LANE_RIGHT,False,1619675729.3567488,22480500.40944284,1262781624.8786519,2799695488.492382,20.00000000551258,16.36566388293886,57.1335650069352
normal_006,normal,126,IDLE,LANE_RIGHT,LANE_RIGHT,False,1620896386.8306372,22495823.52192183,1264608061.4340262,2803965307.5018897,20.00000000387166,16.30808754672171,56.09254984785677
normal_006,normal,127,IDLE,LANE_RIGHT,LANE_RIGHT,False,1622099999.9815583,22510849.58803087,1266421533.6350503,2808201213.633889,20.00000000271919,16.249658775292232,55.094336921657415
normal_006,normal,128,IDLE,LANE_RIGHT,LANE_RIGHT,False,1623286228.6299603,22525573.347238075,1268222178.1831076,2812402995.688533,20.000000001909775,16.190394115603908,54.136438073112934
normal_006,normal,129,IDLE,LANE_RIGHT,LANE_RIGHT,False,1624454880.7116854,22539991.751004104,1270009933.563528,2816570415.0987735,20.000000001341295,16.130310210995162,53.21655518253453
normal_006,normal,130,IDLE,LANE_RIGHT,LANE_RIGHT,False,1625605576.5113244,22554098.86557839,1271784948.5903678,2820703233.9689307,20.000000000942034,16.069423793294618,52.33256239372724
normal_006,normal,131,IDLE,LANE_RIGHT,LANE_RIGHT,False,1626738035.4696627,22567890.37814008,1273547210.798738,2824801165.245081,20.00000000066162,16.00775167498489,51.48249030171441
normal_006,normal,132,IDLE,LANE_RIGHT,LANE_RIGHT,False,1627852067.4970307,22581363.18640373,1275296821.1721845,2828864125.085876,20.000000000464677,15.945310741429807,50.66451185280685
normal_006,normal,133,IDLE,LANE_RIGHT,LANE_RIGHT,False,1628947427.0766919,22594513.473790556,1277033866.1018567,2832891957.4309154,20.000000000326356,15.88211794317317,49.87692974465543
normal_006,normal,134,IDLE,LANE_RIGHT,LANE_RIGHT,False,2450257823.4431725,37747121.32763663,1865394829.1334267,4137226275.557338,20.000000000229207,15.818190288312394,49.11816514343252
normal_006,normal,135,IDLE,LANE_RIGHT,LANE_RIGHT,False,2451136935.7129297,37748753.21859809,1865716388.5039089,4139525595.239781,20.00000000016098,15.753544834956756,48.38674756035652
normal_006,normal,136,IDLE,LANE_RIGHT,LANE_RIGHT,False,2451980374.6913404,37749895.091504134,1866023554.3228588,4141778547.323388,20.00000000011306,15.688198683771589,47.681305750974026
normal_006,normal,137,IDLE,LANE_RIGHT,LANE_RIGHT,False,2452788422.773559,37750551.316309884,1866316698.971353,4143985682.283475,20.000000000079407,15.622168970617508,47.00055951869366
normal_006,normal,138,IDLE,LANE_RIGHT,LANE_RIGHT,False,2453561116.7376785,37750723.85759558,1866596060.2237778,4146147287.364131,20.00000000005577,15.555472859287534,46.34331231951767
normal_006,normal,139,IDLE,LANE_RIGHT,LANE_RIGHT,False,2454298796.634433,37750418.260841206,1866861827.4284606,4148263868.987765,20.000000000039172,15.488127534348337,45.708444578109045
normal_006,normal,140,IDLE,LANE_RIGHT,LANE_RIGHT,False,2455001662.8179574,37749638.12161436,1867114374.944617,4150335936.9174495,20.000000000027512,15.420150194089956,45.09490763667742
normal_006,normal,141,IDLE,LANE_RIGHT,LANE_RIGHT,False,2455669882.342225,37748386.15551978,1867353817.3442492,4152363767.411506,20.000000000019323,15.351558043588284,44.50171826790497
normal_006,normal,142,IDLE,LANE_RIGHT,LANE_RIGHT,False,2456303575.093319,37746666.30968002,1867580547.7784894,4154347854.6628523,20.00000000001357,15.282368287884424,43.92795369157295
normal_006,normal,143,IDLE,LANE_RIGHT,LANE_RIGHT,False,2456903167.1857467,37744484.00857389,1867794774.3487072,4156288750.930936,20.000000000009535,15.212598125285695,43.372747041788465
normal_006,normal,144,IDLE,LANE_RIGHT,LANE_RIGHT,False,2457468610.047394,37741839.40754489,1867996710.5827453,4158186636.7181897,20.000000000006697,15.142264740790552,42.83528323804181
normal_006,normal,145,IDLE,LANE_RIGHT,LANE_RIGHT,False,2458000209.88957,37738738.33864845,1868186586.851913,4160042043.568625,20.000000000004704,15.071385299641747,42.314795218764175
normal_006,normal,146,IDLE,LANE_RIGHT,LANE_RIGHT,False,2458498325.5217056,37735186.07333098,1868364714.2766464,4161855549.619944,20.000000000003304,14.999976941011255,41.81056050086182
normal_006,normal,147,IDLE,LANE_RIGHT,LANE_RIGHT,False,2458962987.555306,37731183.29779914,1868531274.3995366,4163627368.0462875,20.00000000000232,14.928056771818433,41.321898032811525
normal_006,normal,148,IDLE,LANE_RIGHT,LANE_RIGHT,False,2459394467.101635,37726735.3773646,1868686560.3335655,4165358041.3746376,20.00000000000163,14.855641860685637,40.84816531256303
normal_006,normal,149,IDLE,LANE_RIGHT,LANE_RIGHT,False,1769778694.5979104,25488111.243358642,1626387238.4664617,3086181281.2657666,20.000000000001148,14.782749232033098,40.38875574466214
normal_006,normal,150,IDLE,LANE_RIGHT,LANE_RIGHT,False,1767142769.4506578,25433655.817492053,1627585523.3748553,3085835468.395056,20.000000000000806,14.70939586031443,39.94309621379258
normal_009,normal,0,IDLE,LANE_LEFT,LANE_LEFT,False,2130653072.846952,33439725.119680353,2384091696.9094095,4150598431.765651,25.0,46.31281954760027,44.80599331875217
normal_009,normal,1,IDLE,LANE_LEFT,LANE_LEFT,False,2699361006.2826266,42932434.59872892,2753052440.142759,5177265381.492337,25.0,46.026093544593834,20.60596125358198
normal_009,normal,2,IDLE,LANE_LEFT,LANE_LEFT,False,2984268037.2704663,48706664.27877127,2684641135.853944,5564333136.640399,25.0,45.49936754158739,13.25109791747877
normal_009,normal,3,IDLE,LANE_LEFT,LANE_LEFT,False,2041710575.94164,33704822.52962563,2380893828.563263,4351665551.798758,25.0,44.73264153858099,9.6539087914789
normal_009,normal,4,IDLE,LANE_LEFT,LANE_LEFT,False,2176578461.2822146,35656512.32833596,1678982413.7370863,4033238990.4391623,25.0,43.65569529740523,7.4834528732387255
normal_009,normal,5,IDLE,LANE_LEFT,LANE_LEFT,False,1309987989.3502927,21057346.23839416,1629804154.5513048,3113973637.9276724,25.0,42.324823319794746,6.056578431759653
normal_009,normal,6,IDLE,LANE_RIGHT,LANE_RIGHT,False,895306226.0054247,9262174.667525906,1837988707.7403998,2639248777.155494,25.0,40.85625177492889,5.158429046494896
normal_009,normal,7,IDLE,LANE_RIGHT,LANE_RIGHT,False,1061973550.2043061,12820270.43309699,1794375720.646981,3003156103.329027,25.0,39.205036622715625,4.50140764973321
normal_009,normal,8,IDLE,LANE_RIGHT,LANE_RIGHT,False,910563036.9731808,11158632.813385114,1712901437.9095473,2981580179.896037,25.0,37.41442437061207,4.035424596948726
normal_009,normal,9,IDLE,LANE_RIGHT,LANE_RIGHT,False,743266001.5539579,8670292.213935927,1744976038.829403,2904629200.507857,25.0,35.54570074538799,3.884109424575505
normal_009,normal,10,IDLE,LANE_RIGHT,LANE_RIGHT,False,593125336.2939019,6401648.625369757,1737823476.0593808,2815012027.435177,25.0,33.7387309063254,3.845301248727621
normal_009,normal,11,IDLE,LANE_RIGHT,LANE_RIGHT,False,1461613809.4755635,22487640.61598309,1741496802.6241202,3693883181.87413,25.0,32.00713707931976,3.803410868290523
normal_009,normal,12,IDLE,LANE_RIGHT,LANE_RIGHT,False,1395403609.8973088,21565335.5046048,1726836838.5077438,3634672295.910761,25.0,30.346538042477277,3.7576958609538607
normal_009,normal,13,IDLE,LANE_RIGHT,LANE_RIGHT,False,1345874979.2214174,20892451.72956656,1709416045.93784,3583237068.2988873,25.0,28.75282014362614,3.7074584712567593
normal_009,normal,14,IDLE,LANE_RIGHT,LANE_RIGHT,False,1308467230.9247484,20400650.39815794,1690776246.0508943,3537771840.569776,25.0,27.22203373509035,3.6520467418628355
normal_009,normal,15,IDLE,LANE_RIGHT,LANE_RIGHT,False,1279473631.8363962,20033245.675940208,1671671927.599791,3496432260.646106,25.0,25.75034398572734,3.5908571611994646
normal_009,normal,16,IDLE,LANE_RIGHT,LANE_RIGHT,False,1256176559.95992,19748429.62845896,1652501460.432794,3457782066.202349,25.0,24.334016483553228,3.5233419625607394
normal_009,normal,17,IDLE,LANE_RIGHT,LANE_RIGHT,False,1236676431.6391554,19517001.41641482,1633491729.122588,3420817019.063244,25.0,22.969420322058852,3.4490189910106075
normal_009,normal,18,SLOWER,LANE_RIGHT,LANE_RIGHT,False,1219679649.1081104,19319191.64395357,1624877525.5846133,3384879605.790762,25.0,21.65303836160649,3.3674818868282905
normal_009,normal,19,IDLE,LANE_RIGHT,LANE_RIGHT,False,915464546.8661728,14315764.11355237,1455663211.9149716,2890852060.889924,23.511659807956104,20.48847520168806,4.332938008067127
normal_009,normal,20,IDLE,LANE_RIGHT,LANE_RIGHT,False,702255944.2637074,10805592.158699732,1339354280.9745777,2540363437.8597383,22.46635092136286,19.631299651458335,5.631694833006593
normal_009,normal,21,IDLE,LANE_RIGHT,LANE_RIGHT,False,552903904.9584491,8342322.011391494,1253294126.007393,2290682243.2072887,21.732197080573094,18.999278512237424,7.394551631719467
normal_009,normal,22,IDLE,LANE_RIGHT,LANE_RIGHT,False,448360288.4324014,6612903.046127863,1188662444.5515165,2111833161.4026136,21.216577373461487,18.533885567177947,9.828963785463085
normal_009,normal,23,IDLE,LANE_RIGHT,LANE_RIGHT,False,375260296.0962763,5397787.731949709,1139264233.8051906,1982791281.9342008,20.8544411731307,18.19329527177871,13.291017378732347
normal_009,normal,24,IDLE,LANE_RIGHT,LANE_RIGHT,False,324229322.16554785,4543066.875255778,1100747955.2311246,1888813752.527051,20.600101345189188,17.94746111446625,18.45549844648194
normal_009,normal,25,IDLE,LANE_RIGHT,LANE_RIGHT,False,288689108.5571723,3940823.9448311925,1070054836.8249958,1819562728.6073573,20.421470354920253,17.774657627247677,26.78349249163736
normal_009,normal,26,IDLE,LANE_RIGHT,LANE_RIGHT,False,264025590.72540903,3515438.384642534,1057677795.121965,1767791085.6262968,20.29601210112369,17.6590499914372,42.14314325048092
normal_009,normal,27,IDLE,LANE_LEFT,LANE_LEFT,False,279337565.6635108,4598054.598494578,1347932474.3621073,2068341605.437191,20.20789875963694,17.588985076549818,79.22103439444228
normal_009,normal,28,IDLE,LANE_LEFT,LANE_LEFT,False,1774699429.736557,27036377.522065546,1663617622.4065166,3368597008.016734,20.146013943668194,17.555788966680666,288.85270135763096
normal_009,normal,29,FASTER,LANE_LEFT,LANE_LEFT,False,1746619593.0274982,26615177.492092006,1643182947.6476283,3326742986.524936,20.102550259476153,17.55292008159182,inf
normal_009,normal,30,SLOWER,LANE_LEFT,LANE_LEFT,False,1757597956.9017339,27001673.52532219,1821893872.1310081,3427806776.370013,21.560364516943473,17.468376090635843,13.414936309337996
normal_009,normal,31,IDLE,LANE_LEFT,LANE_LEFT,False,1720154392.8925104,26288653.62446179,1742423232.203736,3339221611.429403,21.09589387198225,17.246436805500707,22.610776660831473
normal_009,normal,32,IDLE,LANE_LEFT,LANE_LEFT,False,1683469779.693864,25716938.781308047,1683875549.622218,3269942310.833389,20.76968129280509,17.12197228156981,46.4664259382874
normal_009,normal,33,IDLE,LANE_LEFT,LANE_LEFT,False,1653245861.048378,25249908.26755897,1640230385.0302978,3214710848.407907,20.540571772175866,17.06895314953482,219.9197980483749
normal_009,normal,34,FASTER,LANE_LEFT,LANE_LEFT,False,1627881689.2994456,24861254.055995375,1607242526.2866676,3169785061.0247574,20.379660833133116,17.06881224824997,inf
normal_009,normal,35,SLOWER,LANE_LEFT,LANE_LEFT,False,1635702879.8513079,25298002.994411338,1778178215.6893818,3271149020.34568,21.754988129717635,17.001253357614246,14.34310365235517
normal_009,normal,36,IDLE,LANE_LEFT,LANE_LEFT,False,1609387814.19014,24644853.867216315,1694208753.9792168,3184997245.1565676,21.232584255713892,16.804871994408074,27.235809907700514
normal_009,normal,37,IDLE,LANE_LEFT,LANE_LEFT,False,1577145215.1646864,24137145.660280164,1633388468.3332932,3119430545.424913,20.86568331814199,16.71067587974852,80.11414493845444
normal_009,normal,38,FASTER,LANE_LEFT,LANE_LEFT,False,1551340112.444821,23734594.76422008,1588962955.0875764,3068605501.605711,20.60799706294746,16.69004260717037,inf
normal_009,normal,39,SLOWER,LANE_LEFT,LANE_LEFT,False,1545424243.4077418,24113121.838159505,1752439509.7207685,3167041966.365579,21.91535596190549,16.615697797651592,14.000407255530208
normal_009,normal,40,IDLE,LANE_LEFT,LANE_LEFT,False,1533326164.9694214,23535072.867129415,1663757365.1343312,3079917500.681714,21.345215709870523,16.42141283869546,28.021277477539414
normal_009,normal,41,IDLE,LANE_LEFT,LANE_LEFT,False,1503787516.562078,23046940.178992517,1600108230.6452167,3014628404.12071,20.944787988276694,16.334877537586124,103.40946811266897
normal_009,normal,42,FASTER,LANE_LEFT,LANE_LEFT,False,1479602647.2222028,22666832.534973487,1554136252.4087348,2964849477.042004,20.663554801094193,16.325203280056826,inf
normal_009,normal,43,SLOWER,LANE_LEFT,LANE_LEFT,False,1462260440.2224033,22841185.870582443,1716927536.112356,3064767738.6600566,21.954375937119654,16.263582426950393,14.519460010470489
normal_009,normal,44,IDLE,LANE_LEFT,LANE_LEFT,False,1451305573.2901084,22513308.945973903,1628129404.4872794,2979338715.6390247,21.372620685603927,16.082762619621633,31.042157095820787
normal_009,normal,45,LANE_RIGHT,LANE_LEFT,LANE_LEFT,False,1436760912.4847655,22046612.134207066,1564731451.994423,2915811558.485476,20.96403537864089,16.009762928322345,175.47077738731025
normal_009,normal,46,FASTER,LANE_RIGHT,LANE_RIGHT,False,258799992.27965784,1461541.822799787,995843563.3493214,1310329573.033077,20.67707285852419,16.113002884877346,inf
normal_009,normal,47,SLOWER,LANE_RIGHT,LANE_RIGHT,False,710211784.4944239,8766073.018010322,1158033724.784446,1881363856.0643835,21.963870100911365,16.16609885584279,15.254067964131009
normal_009,normal,48,FASTER,LANE_RIGHT,LANE_LEFT,True,92670345.80455327,939450.4219473526,1271617409.3807042,1618397349.2125154,21.379288740283428,38.97562720855552,29.232487961673012
normal_009,normal,49,IDLE,LANE_LEFT,LANE_LEFT,False,217540034.79641366,4969214.691107716,1558492412.2905512,2080543656.91323,22.45705875860784,38.66328945683574,16.164286159338204
normal_009,normal,50,IDLE,LANE_LEFT,LANE_LEFT,False,558668490.853965,9614569.062398177,1774240221.8822227,2540753884.6818767,23.21401108972183,38.14548996304626,12.1854486010329
normal_009,normal,51,IDLE,LANE_LEFT,LANE_LEFT,False,812501266.1032066,13083802.56564086,1919205499.2958615,2857262455.009452,23.745642905264166,37.48800382202455,10.286730109978249
normal_009,normal,52,IDLE,LANE_LEFT,LANE_LEFT,False,970239719.8411641,15209021.006179795,2009873587.831569,3051518954.046601,24.119024921118314,36.735607457284175,9.182500664195649
normal_009,normal,53,IDLE,LANE_LEFT,LANE_LEFT,False,1053904058.360043,16289681.345627889,2062581893.0531564,3157515839.5173388,24.381263044736045,35.91853511051107,8.458597469726302
normal_009,normal,54,IDLE,LANE_LEFT,LANE_LEFT,False,1087823685.8634152,16668399.356316924,2089819737.8798823,3204346083.723583,24.56544126050049,35.057367374258035,7.941038276243122
normal_009,normal,55,IDLE,LANE_LEFT,LANE_LEFT,False,1090768922.7487965,16611547.386512741,2100297423.7112243,3213032317.000578,24.694795508060697,34.166255200050045,7.544285814821332
normal_009,normal,56,IDLE,LANE_LEFT,LANE_LEFT,False,1075370246.9417167,16298524.149889372,2099842290.3732083,3197650495.7489038,24.78564513048982,33.25499946323919,7.221752543042038
normal_009,normal,57,IDLE,LANE_LEFT,LANE_LEFT,False,1049520570.9181089,15841132.040085234,2092274913.1226811,3167252052.59833,24.849451724020284,32.330415206216855,6.9462365891908275
normal_009,normal,58,IDLE,LANE_LEFT,LANE_LEFT,False,1017919485.1082301,15305562.504253358,2080076964.2462869,3127526341.338354,24.89426513401699,31.397247921786004,6.701071976159954
normal_009,normal,59,IDLE,LANE_LEFT,LANE_LEFT,False,983263060.4487143,14729447.64833337,2064856082.5797462,3082005262.813279,24.925739024165566,30.458800462662794,6.47570092045127
normal_009,normal,60,IDLE,LANE_LEFT,LANE_LEFT,False,947040381.8519249,14133282.071676701,2047652789.7126584,3032862635.310595,24.947844143172524,29.51736705834753,6.2632793601663295
normal_009,normal,61,IDLE,LANE_LEFT,LANE_LEFT,False,910043815.1887608,13527739.863276396,2029142712.2868576,2981433818.8227634,24.96336927476589,28.574535818660706,6.059301063304132
normal_009,normal,62,IDLE,LANE_LEFT,LANE_LEFT,False,872676301.0464687,12918063.64842629,2009767485.593214,2928540934.5521636,24.974273070891815,27.6314003283062,5.860768950267468
normal_009,normal,63,IDLE,LANE_LEFT,LANE_LEFT,False,835124842.2592626,12306525.48332905,1989815188.8733869,2874687470.224526,24.981931155413733,26.688707916662395,5.665677733809229
normal_009,normal,64,IDLE,LANE_RIGHT,LANE_RIGHT,False,1261746961.649085,17554861.074821033,1349186955.1392248,2549012242.579902,24.987309672938043,25.74696363904684,5.472682102860743
normal_009,normal,65,IDLE,LANE_RIGHT,LANE_RIGHT,False,1249241730.8113816,17396343.314735167,1326552773.6252456,2527481509.5281487,24.991087177701342,24.80650321999616,5.2808796561439655
normal_009,normal,66,IDLE,LANE_RIGHT,LANE_RIGHT,False,1236963948.5678065,17241947.37034684,1303882173.2020946,2506159129.41858,24.99374024003167,23.867544223164884,5.0896668677695
normal_009,normal,67,IDLE,LANE_RIGHT,LANE_RIGHT,False,1224864365.2701797,17090811.109605722,1281187485.4862401,2485010013.441311,24.995603570502354,22.930221940118486,4.898642551977309
normal_009,normal,68,SLOWER,LANE_RIGHT,LANE_RIGHT,False,1212909862.9940538,16942349.630436312,1258476239.4852285,2464010493.110417,24.99691224704692,21.994614552609505,4.7075427180702984
normal_009,normal,69,IDLE,LANE_RIGHT,LANE_RIGHT,False,1340309589.5772219,19277598.536919095,1160220084.1548684,2448545288.13385,23.50949118036766,21.167756650023193,6.666916729974406
normal_009,normal,70,IDLE,LANE_RIGHT,LANE_RIGHT,False,1389746053.5060575,20722208.07876592,1090681998.8284998,2439011689.105966,22.46482782489471,20.608482705889287,9.716756949150916
normal_009,normal,71,IDLE,LANE_RIGHT,LANE_RIGHT,False,1412738998.352272,21141973.975507073,1085709515.7896485,2433667325.746633,21.731127361242923,20.237660048289285,14.685891507705637
normal_009,normal,72,IDLE,LANE_RIGHT,LANE_RIGHT,False,1431241234.8875422,21468382.299004484,1088079832.5854945,2431288378.718795,21.215826075385976,19.999696758503433,23.42413225661854
normal_009,normal,73,IDLE,LANE_RIGHT,LANE_RIGHT,False,1446613534.196177,21729632.227478635,1090705338.6877162,2431013013.0207276,20.85391351247959,19.855534843892315,41.089913061184596
normal_009,normal,74,IDLE,LANE_RIGHT,LANE_RIGHT,False,1459810109.7617319,21945504.649940494,1093522855.5864403,2432234269.814408,20.59973075224904,19.777729092435948,89.6505728301503
normal_009,normal,75,IDLE,LANE_RIGHT,LANE_RIGHT,False,1471499714.0568175,22129869.71389254,1096487360.2740462,2434524150.254236,20.421210075653647,19.746990770084608,582.6190146522598
normal_009,normal,76,FASTER,LANE_RIGHT,LANE_RIGHT,False,1482151578.993842,22292460.973571338,1099566521.4471405,2437580830.141571,20.295829298675812,19.749760125807143,inf
normal_009,normal,77,SLOWER,LANE_RIGHT,LANE_RIGHT,False,1451096384.9188194,21694028.270384442,1102294692.8562708,2435787031.758469,21.69611056367903,19.669505578024314,15.211392258872687
normal_009,normal,78,IDLE,LANE_RIGHT,LANE_RIGHT,False,1469878033.7436376,22024376.897824317,1104955094.299889,2433986640.3934484,21.191232659264287,19.447691024450478,24.911769531735487
normal_009,normal,79,IDLE,LANE_RIGHT,LANE_RIGHT,False,1136500330.3887382,16584111.29202572,802089866.2429354,1859629556.042709,20.836640770292615,19.317541615851724,46.13259329312703
normal_009,normal,80,IDLE,LANE_RIGHT,LANE_RIGHT,False,1146172052.4489453,16747695.604207387,804289912.7929151,1859473703.2588115,20.587599553346802,19.252175530429895,118.42698487829186
normal_009,normal,81,FASTER,LANE_RIGHT,LANE_RIGHT,False,1154328945.097256,16879835.50408559,806625627.9186493,1860346373.5609736,20.412689946932186,19.232701993993373,inf
normal_009,normal,82,SLOWER,LANE_RIGHT,LANE_RIGHT,False,1120437044.5107381,16244060.115476962,808623587.6108167,1856550411.972937,21.778185532001757,19.13884703487747,14.288495534485001
normal_009,normal,83,IDLE,LANE_RIGHT,LANE_RIGHT,False,1136134295.746386,16532109.891374756,810561739.7385968,1852872496.5715425,21.248876532763923,18.9094478272375,23.531584843111713
normal_009,normal,84,IDLE,LANE_RIGHT,LANE_RIGHT,False,1148553581.7394133,16752246.242823018,812740185.6164936,1851302738.5817873,20.877125905041325,18.77588629074478,44.13388199592476
normal_009,normal,85,IDLE,LANE_RIGHT,LANE_RIGHT,False,1158678989.4225974,16924847.387703337,815095251.1566632,1851221150.190639,20.616033557450148,18.709987573548347,118.33379900035382
normal_009,normal,86,FASTER,LANE_RIGHT,LANE_RIGHT,False,1167201805.8870325,17064226.97107149,817581812.3826035,1852192019.5772989,20.43266005680998,18.69195422906978,inf
normal_009,normal,87,SLOWER,LANE_LEFT,LANE_LEFT,False,12670055.35918057,906128.4537183698,682806736.821211,939500099.6332567,21.792211178445417,18.60087690277419,14.066742401794263
normal_009,normal,88,IDLE,IDLE,IDLE,False,60491014.02713537,158611.2486113645,648576698.5538142,907360144.4037795,21.258727192543283,18.375147863380903,23.46452463591627
normal_009,normal,89,IDLE,IDLE,IDLE,False,50495064.422745824,931087.231232306,624635887.892544,892348435.4011912,20.884044338247136,18.245837849307463,45.29415103671584
normal_009,normal,90,IDLE,IDLE,IDLE,False,38296511.252792954,1498607.0555476528,607916267.3675572,881105049.6908213,20.620892594214727,18.184554695384463,135.46750719240993
normal_009,normal,91,FASTER,IDLE,IDLE,False,27756663.230821133,1922470.3113861047,596263330.4288111,872509152.3177925,20.436072713632292,18.17134952045626,inf
normal_009,normal,92,SLOWER,IDLE,LANE_LEFT,True,46462681.60132754,12962.98343631439,663695702.3126427,900620016.8563344,21.79460799640567,18.085207759330842,13.938568009216391
normal_009,normal,93,IDLE,IDLE,IDLE,False,41510815.95501673,1057854.5157842562,629355907.1547312,880249542.3726796,21.26041055440289,17.864448892451037,23.55934015523589
normal_009,normal,94,IDLE,IDLE,IDLE,False,26998543.03276515,1836130.338014599,605308767.5517837,865243603.6552047,20.885226617084058,17.74009360154878,46.90644390728386
normal_009,normal,95,IDLE,IDLE,IDLE,False,14849100.302480817,2409251.3701457214,588483570.5043113,854004954.5334525,20.621722946429408,17.683715592495446,160.85110432832073
normal_009,normal,96,FASTER,IDLE,IDLE,False,4363362.895113707,2500100.374041345,576723395.3673228,845411729.7464323,20.436655896532038,17.67534300645127,inf
normal_009,normal,97,SLOWER,IDLE,IDLE,False,36045494.65081215,908558.7807546463,644045432.8490899,873522519.1300565,21.795017584395616,17.593946099129198,13.809037876100732
normal_009,normal,98,IDLE,IDLE,IDLE,False,18237278.08822882,1984696.380399853,609592430.3987014,853149557.9238244,21.260698221139307,17.37783461759159,23.63111988321211
normal_009,normal,99,IDLE,IDLE,IDLE,False,3790465.3466564417,2508838.2665920816,585428502.748269,838138405.1566767,20.885428654627333,17.258023305097595,48.499953692888504
normal_009,normal,100,IDLE,LANE_RIGHT,IDLE,True,8290104.752645016,2299614.8170124665,568483277.5075648,837481900.5887326,20.621864843853487,17.20608256611547,195.27469875908756
normal_009,normal,101,FASTER,LANE_RIGHT,IDLE,True,18704723.92555535,2124768.4368255883,556599286.6430638,839118244.0192223,20.43675555562824,17.20203906574818,inf
normal_009,normal,102,SLOWER,IDLE,IDLE,False,13052040.880775928,1856118.498158263,623795114.5453424,846387647.5028901,21.795087578164143,17.12486284025863,13.663318823470142
normal_009,normal,103,IDLE,LANE_RIGHT,IDLE,True,4679041.902388692,2393682.1493869126,589213189.9741751,833073641.3279843,21.260747380000055,16.912864275691277,23.648703589226795
normal_009,normal,104,IDLE,LANE_RIGHT,IDLE,True,19045899.447373748,2136699.8742745724,564918391.2957287,832157318.1536963,20.88546318046643,16.797059334251117,49.9681773346752
normal_009,normal,105,IDLE,LANE_RIGHT,IDLE,True,31044473.406196833,1928620.0055990908,547840302.547744,832685240.5875708,20.62188909245379,16.74902002483907,242.9150098571715
normal_009,normal,106,FASTER,LANE_RIGHT,IDLE,True,41374398.71819258,1754961.3793249112,535822315.16236866,834220972.9955859,20.436772586195257,16.74877486691969,inf
normal_009,normal,107,SLOWER,LANE_RIGHT,IDLE,True,9530455.862530828,2351603.5985495467,602883355.2481121,831054929.4867423,21.795099539275682,16.675295906800102,13.50017661014219
normal_009,normal,108,IDLE,LANE_RIGHT,IDLE,True,27172316.807304144,2026365.3845403083,568166119.9940369,827966897.0714965,21.260755780670987,16.466895630957424,23.608323553850212
normal_009,normal,109,IDLE,LANE_RIGHT,IDLE,True,41447997.037325025,1770676.8846149389,543735727.86812,826942551.6533003,20.885469080526125,16.354592147399444,51.27393759376097
normal_009,normal,110,IDLE,LANE_RIGHT,IDLE,True,53353103.74028778,1563928.0839554127,526522482.3263348,827360515.1808071,20.621893236254287,16.309959625369743,312.2948051280498
normal_009,normal,111,FASTER,LANE_RIGHT,IDLE,True,63587438.33844125,1391635.0922895726,514370072.9613538,828784667.4373887,20.436775496518788,16.3130287382985,inf
normal_009,normal,112,SLOWER,LANE_RIGHT,IDLE,True,31646428.869071007,1989666.978711376,581297314.1043296,825506034.1996169,21.795101583288915,16.242773666083735,13.320656949728637
normal_009,normal,113,IDLE,LANE_RIGHT,IDLE,True,49189303.54977095,1665849.7727278061,546447657.8836653,822304398.6724156,21.26075721624681,16.037508999235115,23.511456659883955
normal_009,normal,114,IDLE,LANE_RIGHT,IDLE,True,63363768.29448223,1411618.4110293519,521886647.5726534,821165419.599709,20.88547008877691,15.92825491439578,52.395556962056155
normal_009,normal,115,IDLE,LANE_RIGHT,IDLE,True,75166893.06373417,1206339.5374416988,504543952.87306726,821468754.4918225,20.621893944381036,15.886587610519086,421.6689188637037
normal_009,normal,116,FASTER,LANE_RIGHT,IDLE,True,85296805.95629978,1035556.015685793,492264894.11399376,822777607.5422579,20.436775993858834,15.892539749882303,inf
normal_009,normal,117,SLOWER,LANE_RIGHT,IDLE,True,53250329.69226062,1635114.7058083117,559067326.1960729,819383827.4689014,21.795101932586725,15.825087459512929,13.126143323815333
normal_009,normal,118,IDLE,LANE_RIGHT,IDLE,True,70686193.63343489,1312849.5463510621,524095253.66289985,816066986.8165549,21.260757461569824,15.622547235213915,23.360863112468497
normal_009,normal,119,IDLE,LANE_RIGHT,IDLE,True,84752441.81433892,1060190.199941082,499414573.143137,814813335.0372639,20.885470261075103,15.515941117451689,53.317471365407755
normal_009,normal,120,IDLE,LANE_RIGHT,IDLE,True,96446125.11680031,856503.6962108109,481954959.64481384,815002468.2619678,20.62189406539157,15.476847128217742,617.7610455423977
normal_009,normal,121,FASTER,LANE_RIGHT,IDLE,True,106465402.57750309,687332.3140114136,469561787.5156037,816197678.1097374,20.4367760788484,15.485299712925894,inf
normal_009,normal,122,SLOWER,LANE_RIGHT,IDLE,True,74307214.2767545,1288521.2718627732,536253285.0492073,812691078.3491174,21.795101992277612,15.420276742840883,12.918029067747733
normal_009,normal,123,IDLE,LANE_RIGHT,IDLE,True,91630569.58422935,967900.0961453952,501173415.0593979,809262547.69455,21.260757503492645,15.220096420166897,23.159839061921044
normal_009,normal,124,IDLE,LANE_RIGHT,IDLE,True,105583347.03163862,716901.060552612,476388129.7143086,807898135.4431576,20.88547029051884,15.1157824550246,54.02907495356214
normal_009,normal,125,IDLE,LANE_RIGHT,IDLE,True,117162720.48288012,514889.4354700353,458827313.41679466,807977693.3663565,20.621894086070842,15.078914503401165,1066.4644370272283
normal_009,normal,126,FASTER,LANE_RIGHT,IDLE,True,127067139.77213693,347402.9176256936,446336429.30862105,809064834.6506418,20.436776093372114,15.089528610119032,inf
normal_009,normal,127,SLOWER,LANE_RIGHT,IDLE,True,94793429.65993118,950288.5583851524,512933595.3425152,805451477.2013701,21.79510200247808,15.02660421230712,12.69766297148446
normal_009,normal,128,IDLE,LANE_RIGHT,IDLE,True,112000584.7654264,631376.2126157843,477763000.20568484,801917569.511085,21.26075751065676,14.828461045500035,22.91202176651481
normal_009,normal,129,IDLE,LANE_RIGHT,LANE_RIGHT,False,854699390.7093954,11250473.216151357,998192993.9734452,1608761483.5184512,20.885470295550427,14.72612432158644,54.52485509708805
normal_009,normal,130,IDLE,LANE_RIGHT,LANE_RIGHT,False,866411388.7324424,11678302.970606813,1000560027.0906473,1607753902.5695639,20.621894089604687,14.691175167692677,3101.8669243209547
normal_009,normal,131,FASTER,LANE_RIGHT,LANE_RIGHT,False,876447090.790001,11965902.58846614,1003022392.7190956,1607758087.1871746,20.436776095854047,14.703651070043179,inf
normal_009,normal,132,SLOWER,LANE_RIGHT,LANE_RIGHT,False,769256918.884451,9723702.58853482,1005106709.8231888,1603066548.751379,21.79510200422122,14.642532878287625,12.46633874170064
normal_009,normal,133,IDLE,LANE_RIGHT,LANE_RIGHT,False,815462493.5171536,10572886.576708004,1007091278.4643672,1598459059.4521403,21.260757511881025,14.44614171241426,22.621282012025087
normal_009,normal,134,IDLE,LANE_RIGHT,LANE_RIGHT,False,848349054.2887044,11175140.580524933,1009277079.6360953,1595922140.4972827,20.885470296410265,14.3455041414785,54.80447912040459
normal_009,normal,135,FASTER,LANE_RIGHT,LANE_RIGHT,False,871886137.9673549,11604050.689069305,1011601412.4695833,1594835711.6441681,20.621894090208585,14.312202623229723,inf
normal_009,normal,136,SLOWER,LANE_RIGHT,LANE_RIGHT,False,749625879.4496486,9429797.838197025,1013577936.6579187,1589360935.9272022,21.925116288322076,14.219280063908172,10.951216548737627
normal_009,normal,137,IDLE,LANE_RIGHT,LANE_RIGHT,False,799123646.2215166,10339964.082522154,1015475798.9163837,1584187249.4333851,21.352070699068452,14.000887463848017,19.339532341747802
normal_009,normal,138,IDLE,LANE_RIGHT,LANE_RIGHT,False,834337556.6144737,10985308.813926138,1017589588.6809273,1581237350.9547231,20.94960246628676,13.885122866172082,43.37676781000143
normal_009,normal,139,IDLE,LANE_RIGHT,LANE_RIGHT,False,859522973.6909661,11444721.633834621,1019852066.9681566,1579845524.866108,20.666936162879043,13.841512208375548,383.3832129663716
normal_009,normal,140,FASTER,LANE_RIGHT,LANE_RIGHT,False,877667744.6719346,11670486.262129499,1022216224.7265488,1579544384.2616007,20.46841058353096,13.848650193525373,inf
normal_009,normal,141,SLOWER,LANE_RIGHT,LANE_RIGHT,False,751639326.4196203,9529409.80216444,1024206474.0454468,1574603785.9028502,21.81731991600528,13.784504988705976,11.642886654959971
normal_009,normal,142,IDLE,LANE_RIGHT,LANE_RIGHT,False,798507785.5530347,10390755.399029853,1026099689.0517,1569787952.4591494,21.27636186144678,13.586687092971488,21.170584111905328
normal_009,normal,143,IDLE,LANE_RIGHT,LANE_RIGHT,False,831892265.9202994,11002106.701922357,1028195785.5795462,1567072706.9169512,20.89642972985014,13.485724590492055,51.73556896996883
normal_009,normal,144,FASTER,LANE_RIGHT,LANE_RIGHT,False,855810155.3461187,11424805.17961853,1030431418.6397352,1565829884.0848367,20.629591250594338,13.452850432829223,inf
normal_009,normal,145,SLOWER,LANE_RIGHT,LANE_RIGHT,False,733850048.2479861,9269107.802427212,1032319733.8788449,1560215876.4170642,21.930522250074485,13.36086264155847,10.337030922519133
normal_009,normal,146,IDLE,LANE_RIGHT,LANE_RIGHT,False,783588955.2058377,10183599.151075765,1034129715.0920086,1554915562.3294072,21.35586747879031,13.143740800650448,18.33653703099526
normal_009,normal,147,IDLE,LANE_RIGHT,LANE_RIGHT,False,819002917.4585574,10832503.740621623,1036155587.5094292,1551849046.2101078,20.952269066036543,13.02946312549227,41.73716642574604
normal_009,normal,148,IDLE,LANE_RIGHT,LANE_RIGHT,False,844359777.3260176,11208686.77809736,1038330169.5620654,1578740354.1278868,20.66880900111208,12.987471947899735,468.4599483574451
normal_009,normal,149,FASTER,LANE_RIGHT,LANE_RIGHT,False,848534662.0029538,11259181.141953465,1040606299.5298891,1621951284.6376383,20.469725937680913,12.996303795093695,inf
normal_009,normal,150,SLOWER,LANE_RIGHT,LANE_RIGHT,False,736762179.476136,9384613.06379071,1042508352.1653553,1544910597.0480328,21.818243731265607,12.93388650862937,11.005077196847838
normal_012,normal,0,IDLE,LANE_RIGHT,LANE_RIGHT,False,122526191.05046701,91458.82089137286,2042591804.1904564,2749285702.750387,25.0,99.72753316667254,62.621580299516346
normal_012,normal,1,IDLE,LANE_LEFT,LANE_LEFT,False,407845045.68685675,8127656.233645409,2148325200.716198,3013861219.1451545,25.0,99.40795895691224,61.80703041939983
normal_012,normal,2,IDLE,LANE_LEFT,LANE_LEFT,False,928282373.8548374,16204638.436350524,2245670850.7441587,3386086354.576938,25.0,99.08527032055568,61.03357676068966
normal_012,normal,3,IDLE,LANE_LEFT,LANE_LEFT,False,2570536345.8962975,38428847.11132301,3068995648.1091895,5815663691.12233,25.0,98.75960830989794,60.297485148059565
normal_012,normal,4,IDLE,LANE_LEFT,LANE_LEFT,False,3646826636.6028547,53638236.43492012,3984981829.7278924,8457266450.364947,25.0,98.43003959791062,59.02403029607639
normal_012,normal,5,IDLE,LANE_LEFT,LANE_LEFT,False,3849778038.672453,56999465.36246495,3998822836.305742,8556945343.735228,25.0,98.08565195438683,53.6788324470166
normal_012,normal,6,IDLE,LANE_LEFT,LANE_LEFT,False,3776434129.832735,56416429.76751208,3767763501.0191545,7997038845.46808,25.0,97.71041865304161,49.62646589049274
normal_012,normal,7,IDLE,LANE_LEFT,LANE_LEFT,False,3681667176.836786,55509093.92522923,3544145196.6381087,7423973965.017823,25.0,97.30829744684394,46.562634137811195
normal_012,normal,8,IDLE,LANE_LEFT,LANE_LEFT,False,3639828722.1030574,55309401.78108868,3395231308.0052667,7033373630.277483,25.0,96.88316334131898,44.15791164432235
normal_012,normal,9,IDLE,LANE_LEFT,LANE_LEFT,False,3635828487.780572,55572213.408579506,3304632017.394006,6800915328.98786,25.0,96.43813603602541,42.21122430742531
normal_012,normal,10,IDLE,LANE_LEFT,LANE_LEFT,False,3690806258.874794,56668175.87409544,3287352968.948993,6735434213.653223,25.0,95.9757583912506,40.582332517269904
normal_012,normal,11,IDLE,LANE_LEFT,LANE_LEFT,False,3772424585.757008,58107115.36495725,3310349022.7685804,6770399000.408166,25.0,95.4975831600118,39.1037829981788
normal_012,normal,12,IDLE,LANE_RIGHT,LANE_RIGHT,False,1762050559.2423062,29524473.178689376,2968026084.8604956,4807017807.025888,25.0,95.00414417026735,37.75109818718711
normal_012,normal,13,IDLE,LANE_RIGHT,LANE_RIGHT,False,2091930810.665021,35075442.76162341,2828566746.905949,5089726684.960672,25.0,94.49602916792992,36.516249433130284
normal_012,normal,14,IDLE,LANE_RIGHT,LANE_RIGHT,False,1765440733.7540774,29632516.982315093,2911715541.8560166,4733856994.571123,25.0,93.97390816432488,35.388953719897984
normal_012,normal,15,IDLE,LANE_RIGHT,LANE_RIGHT,False,798476185.2329006,14693570.401886359,3031097539.151974,4268197276.222178,25.0,93.43849126052396,34.358290395103175
normal_012,normal,16,IDLE,LANE_LEFT,LANE_LEFT,False,304502454.4521041,2511366.4484657645,3135931632.9408865,4213820483.9008946,25.0,92.89049998085704,33.413711399268166
normal_012,normal,17,IDLE,LANE_LEFT,LANE_LEFT,False,980245961.1653018,12940823.47963725,3192741432.448881,4642779750.165202,25.0,92.33064899271142,32.5454919879668
normal_012,normal,18,IDLE,LANE_LEFT,LANE_LEFT,False,1388099104.383256,19194953.854462057,3207588794.2905893,4871902624.324774,25.0,91.75963449401485,31.74487756576485
normal_012,normal,19,IDLE,LANE_LEFT,LANE_LEFT,False,1585357839.4598522,22146445.710910052,3181939488.20313,4934401501.4595375,25.0,91.17812683952502,31.00408511739468
normal_012,normal,20,IDLE,LANE_LEFT,LANE_LEFT,False,1648936354.4888268,23012718.292935908,3131407419.5533366,4892650160.457465,25.0,90.58676594880791,30.316240952458354
normal_012,normal,21,IDLE,LANE_LEFT,LANE_LEFT,False,1634404164.1405582,22673840.153795004,3067923623.0814624,4792435131.2921295,25.0,89.98615860864129,29.675294546092815
normal_012,normal,22,IDLE,LANE_LEFT,LANE_LEFT,False,3108236995.6897755,46117083.20066034,3031728698.439282,5779923419.477107,25.0,89.3768771028873,29.075927379700584
normal_012,normal,23,IDLE,LANE_LEFT,LANE_LEFT,False,2811158347.2221837,41375518.449962005,2920304997.8589377,5461866964.862344,25.0,88.75945878829089,28.513465486232313
normal_012,normal,24,IDLE,LANE_RIGHT,LANE_RIGHT,False,1549226344.61721,24232027.855688795,1662617395.4992979,3039441970.069352,25.0,88.1344063483495,27.98379939437686
normal_012,normal,25,IDLE,LANE_RIGHT,LANE_RIGHT,False,1533602916.6309776,23732087.517819732,1615806970.689576,3010800259.994717,25.0,87.50218853148431,27.48331268856215
normal_012,normal,26,IDLE,LANE_RIGHT,LANE_RIGHT,False,1492859243.133036,23215368.005248994,1574063864.9046886,2980997838.101795,25.0,86.86324123056141,27.00881918771604
normal_012,normal,27,IDLE,LANE_RIGHT,LANE_RIGHT,False,1451643670.940893,22687356.534481432,1536335501.083076,2950448795.1413465,25.0,86.21796879699747,26.557508177353462
normal_012,normal,28,IDLE,LANE_RIGHT,LANE_RIGHT,False,1410206949.8688066,22152477.59513852,1501842353.6955955,2919451924.1923103,25.0,85.5667455091351,26.126896896144977
normal_012,normal,29,IDLE,LANE_RIGHT,LANE_RIGHT,False,1368753170.935121,21614312.892078776,1469995930.0783978,2888220968.4791694,25.0,84.9099171342491,25.714789418314282
normal_012,normal,30,IDLE,LANE_RIGHT,LANE_RIGHT,False,1857855627.040564,25999430.936395913,1147309641.6209335,2944576140.1318836,25.0,84.24780253836508,25.31924110092365
normal_012,normal,31,IDLE,LANE_RIGHT,LANE_RIGHT,False,1844582191.176011,25940834.730308674,1162822089.8484147,2943287063.4488316,25.0,83.58069530933687,24.93852783370455
normal_012,normal,32,IDLE,LANE_RIGHT,LANE_RIGHT,False,1828951711.0106232,25838059.885873217,1176555188.7642093,2938644365.842462,25.0,82.90886536725662,24.571119413303155
normal_012,normal,33,IDLE,LANE_RIGHT,LANE_RIGHT,False,1811242922.2501812,25696313.9173473,1188739326.633591,2931078750.121665,25.0,82.23256054291357,24.215656450184245
normal_012,normal,34,IDLE,LANE_RIGHT,LANE_RIGHT,False,1791719665.2550538,25520403.004638422,1199553071.184984,2920939855.1949105,25.0,81.55200811016266,23.87093029815719
normal_012,normal,35,IDLE,LANE_RIGHT,LANE_RIGHT,False,1770627767.2597015,25314734.733316272,1209139779.4672732,2908518719.7002034,25.0,80.86741626205924,23.535865570441295
normal_012,normal,36,IDLE,LANE_RIGHT,LANE_RIGHT,False,1748192593.2350657,25083311.84736543,1217617848.444498,2894061897.620547,25.0,80.17897552373472,23.209504871335795
normal_012,normal,37,IDLE,LANE_RIGHT,LANE_RIGHT,False,1724618577.656528,24829745.368322868,1225087679.0259032,2877781214.034228,25.0,79.48686009742141,22.890995428948052
normal_012,normal,38,IDLE,LANE_RIGHT,LANE_RIGHT,False,171194634.66871977,4307207.130736157,2163395360.3139915,3137215452.375647,25.0,78.79122913693925,22.57957736267571
normal_012,normal,39,IDLE,LANE_RIGHT,LANE_RIGHT,False,1312813401.3789477,21094710.483285163,1877180373.487554,3122730714.887806,25.0,78.0922279504428,22.274573360078268
normal_012,normal,40,IDLE,LANE_RIGHT,LANE_RIGHT,False,1389199708.5815802,22328096.848126728,1824826732.417647,3076000606.59246,25.0,77.38998913138414,21.97537957232931
normal_012,normal,41,IDLE,LANE_RIGHT,LANE_RIGHT,False,1462667810.4283695,22829849.42215873,1773351600.4788787,3029180662.34045,25.0,76.68463361854305,21.68145756649933
normal_012,normal,42,IDLE,LANE_RIGHT,LANE_RIGHT,False,1448249285.5898218,22477214.50441591,1722749260.8447843,2982383732.304452,25.0,75.97627168666304,21.39232719730071
normal_012,normal,43,IDLE,LANE_RIGHT,LANE_RIGHT,False,1423571061.3733118,22123762.789981738,1673008979.3461068,2935702267.4113107,25.0,75.26500386974868,21.107560281355436
normal_012,normal,44,IDLE,LANE_RIGHT,LANE_RIGHT,False,1398898114.2577696,21770677.852805555,1624116379.087244,2889211438.8309326,25.0,74.55092181946719,20.826774974160173
normal_012,normal,45,IDLE,LANE_RIGHT,LANE_RIGHT,False,1374283278.9970677,21418914.927602258,1576053548.2643936,2842970608.2469187,25.0,73.83410910136666,20.549630764259188
normal_012,normal,46,IDLE,LANE_RIGHT,LANE_RIGHT,False,1349768947.0770257,21069239.55652278,1528799913.6204684,2797026229.104195,25.0,73.11464193181467,20.27582401116272
normal_012,normal,47,IDLE,LANE_RIGHT,LANE_RIGHT,False,7614882.00785923,796777.1851242483,2056198352.9225965,2958412031.1179876,25.0,72.39258985867184,20.005083963647646
normal_012,normal,48,IDLE,LANE_RIGHT,LANE_RIGHT,False,65151323.082249165,1727153.8001532555,2010553016.2132523,2912858313.908996,25.0,71.66801638877376,19.737169203579626
normal_012,normal,49,IDLE,LANE_RIGHT,LANE_RIGHT,False,121145963.51886082,2633185.6259315014,1965709218.1509147,2867774206.072054,25.0,70.94097956530413,19.471864467570548
normal_012,normal,50,IDLE,LANE_RIGHT,LANE_RIGHT,False,175698775.1726594,3516500.972453922,1921638781.1357834,2823166635.4666014,25.0,70.21153249811613,19.208977804858492
normal_012,normal,51,IDLE,LANE_RIGHT,LANE_RIGHT,False,228900006.66101646,4378565.243473202,1878312438.01426,2779035760.6120715,25.0,69.47972385000105,18.94833803495651
normal_012,normal,52,IDLE,LANE_RIGHT,LANE_RIGHT,False,280832173.51775694,5220713.756628647,1835700845.5573297,2735377810.119908,25.0,68.74559828182652,18.68979247301624
normal_012,normal,53,IDLE,LANE_RIGHT,LANE_RIGHT,False,331569209.4728761,6044138.97232759,1793774688.3165824,2692184754.8813972,25.0,68.00919685936708,18.433204894620374
normal_012,normal,54,IDLE,LANE_RIGHT,LANE_RIGHT,False,381179661.8421793,6849942.258590855,1752504477.2225971,2649445492.009984,25.0,67.27055742454189,18.178453714958955
normal_012,normal,55,IDLE,LANE_RIGHT,LANE_RIGHT,False,429726056.11049795,7639124.988008469,1711861587.6189427,2607147158.484703,25.0,66.52971493365396,17.925430360146855
normal_012,normal,56,IDLE,LANE_LEFT,LANE_RIGHT,True,29612759.156389236,329623.8680348322,1631659477.440721,2411798712.7019777,25.0,65.78670176509974,17.6740378108719
normal_012,normal,57,IDLE,LANE_LEFT,LANE_LEFT,False,440200606.6125431,6098281.122486882,1594177270.493258,2651826543.1090794,25.0,65.04154799888784,17.42418930068679
normal_012,normal,58,IDLE,LANE_LEFT,LANE_LEFT,False,352636326.6188717,4654718.159308001,1593094160.8124497,2560826623.4965515,25.0,64.29428167017767,17.175807153119596
normal_012,normal,59,IDLE,LANE_RIGHT,LANE_RIGHT,False,1817270802.565772,27163555.944364935,1048776082.7235909,2674247939.9720955,25.0,63.544928998912724,16.928821743415835
normal_012,normal,60,IDLE,LANE_RIGHT,LANE_RIGHT,False,2685479658.886345,40349567.622832544,1283540401.1630957,3588025272.7205696,25.0,62.79351459749938,16.68317057217622
normal_012,normal,61,IDLE,LANE_RIGHT,LANE_RIGHT,False,1806590776.5781274,27990872.80773086,1038085510.3278719,2687082405.4432087,25.0,62.04006165835233,16.43879743944107
normal_012,normal,62,IDLE,LANE_RIGHT,LANE_RIGHT,False,1758681818.9354112,27340316.463861294,1061465640.7210219,2669903461.1284337,25.0,61.2845921230068,16.19565170892029
normal_012,normal,63,IDLE,LANE_RIGHT,LANE_RIGHT,False,1942302688.8661132,30162668.890998293,1187734674.4899838,2851960447.5657296,25.0,60.527126834377555,15.953687653092674
normal_012,normal,64,IDLE,LANE_RIGHT,LANE_RIGHT,False,1764824709.4434686,27366154.942926757,1110857282.27322,2715767210.423488,25.0,59.76768567363308,15.712863870819792
normal_012,normal,65,IDLE,LANE_RIGHT,LANE_RIGHT,False,1637907145.3839087,25381720.31981077,1057726298.674592,2611230152.9233913,25.0,59.00628768304341,15.473142769944763
normal_012,normal,66,IDLE,LANE_RIGHT,LANE_RIGHT,False,1544544696.7473302,23936426.74613634,1020405850.1673132,2527857042.3936925,25.0,58.24295117605732,15.234490108091387
normal_012,normal,67,IDLE,LANE_RIGHT,LANE_RIGHT,False,1473188415.5969775,22844940.947380304,993489596.4633144,2458510306.714054,25.0,57.47769383576804,14.996874585550747
normal_012,normal,68,IDLE,LANE_RIGHT,LANE_RIGHT,False,1416182317.7311895,21984404.029971454,973384991.984635,2398447644.006178,25.0,56.71053280283377,14.76026748474828
normal_012,normal,69,IDLE,LANE_RIGHT,LANE_RIGHT,False,962475877.1160903,15126461.401077677,1209584719.6632247,2163560213.2342615,25.0,55.9414847538344,14.524642351332874
normal_012,normal,70,IDLE,LANE_RIGHT,LANE_RIGHT,False,933494428.5369644,14747431.741298422,1198267355.7341025,2133780162.3917627,25.0,55.170565970961775,14.28997471242462
normal_012,normal,71,IDLE,LANE_RIGHT,LANE_RIGHT,False,904044189.3233926,14360910.110959854,1186306033.957388,2103649887.49876,25.0,54.39779240387179,14.056241828007698
normal_012,normal,72,IDLE,LANE_RIGHT,LANE_RIGHT,False,1462983258.2950277,23091405.61980364,1154809979.455492,2554215757.160856,25.0,53.62317972444862,13.823422471859148
normal_012,normal,73,IDLE,LANE_RIGHT,LANE_RIGHT,False,1446617590.4069853,22883008.69739192,1121895204.204121,2522256259.7409964,25.0,52.84674337517322,13.591496738772948
normal_012,normal,74,IDLE,LANE_RIGHT,LANE_RIGHT,False,1429629319.9616477,22664539.831296586,1089655983.049416,2490136247.7912984,25.0,52.06849861172191,13.360445875169889
normal_012,normal,75,IDLE,LANE_RIGHT,LANE_RIGHT,False,1412180869.225524,22438784.59264686,1057945874.1376585,2457914674.977681,25.0,51.28846054037081,13.130252130485118
normal_012,normal,76,IDLE,LANE_RIGHT,LANE_RIGHT,False,1394377406.3724186,22207533.78089549,1026667523.1371857,2425627674.6077404,25.0,50.50664415072458,12.900898626995449
normal_012,normal,77,IDLE,LANE_RIGHT,LANE_RIGHT,False,294461784.4065633,4439725.320330918,1666250010.3504462,2645120626.6371646,25.0,49.723064344244904,12.672369245994698
normal_012,normal,78,IDLE,LANE_RIGHT,LANE_RIGHT,False,326789049.3155947,4976075.849247947,1637847011.3982444,2615213282.141401,25.0,48.93773595900859,12.444648528445864
normal_012,normal,79,IDLE,LANE_RIGHT,LANE_RIGHT,False,358277654.8911376,5499624.7802294195,1609638788.831,2585129102.384577,25.0,48.15067379108416,12.217721588438144
normal_012,normal,80,IDLE,LANE_RIGHT,LANE_RIGHT,False,389008514.89867496,6011627.0339553505,1581607972.7795427,2554885239.087664,25.0,47.36189261288257,11.991574037957337
normal_012,normal,81,IDLE,LANE_RIGHT,LANE_RIGHT,False,419042575.47296333,6513024.022071809,1553742347.777907,2524496360.3653493,25.0,46.571407188799526,11.766191921638558
normal_012,normal,82,IDLE,LANE_RIGHT,LANE_RIGHT,False,448428653.8633518,7004567.239963185,1526032674.7508738,2493975310.1655784,25.0,45.779232288439516,11.5415616603163
normal_012,normal,83,IDLE,LANE_RIGHT,LANE_RIGHT,False,754318779.1178436,12404864.634860467,1626242238.5768874,2752647209.5796795,25.0,44.98538269768312,11.317670002317563
normal_012,normal,84,IDLE,LANE_RIGHT,LANE_RIGHT,False,781737343.3056803,12865409.14514539,1598752751.7360191,2721519675.2908406,25.0,44.18987322783221,11.09450398156003
normal_012,normal,85,IDLE,LANE_RIGHT,LANE_RIGHT,False,808641498.5354385,13318185.731630255,1571406258.086891,2690308468.745766,25.0,43.39271872304653,10.87205088162318
normal_012,normal,86,IDLE,LANE_RIGHT,LANE_RIGHT,False,1910922406.893724,30138408.838606037,1225376137.6132264,2914428734.825017,25.0,42.593934066261454,10.650298205053408
normal_012,normal,87,IDLE,LANE_RIGHT,LANE_RIGHT,False,1894868675.0942702,29945800.936110176,1196777033.4192996,2885920327.6075263,25.0,41.793534183761494,10.429233647249315
normal_012,normal,88,IDLE,LANE_RIGHT,LANE_RIGHT,False,2260466830.4475813,35604701.79078096,1588800374.5240345,3074018245.8301053,25.0,40.991534048562016,10.208845074347158
normal_012,normal,89,IDLE,LANE_RIGHT,LANE_RIGHT,False,2244926378.8288054,35401118.59232186,1587219860.36335,3048124914.1272464,25.0,40.18794868273926,9.98912050459453
normal_012,normal,90,IDLE,LANE_RIGHT,LANE_RIGHT,False,2229184681.3384776,35193443.56063403,1585576362.8082087,3022143662.8345237,25.0,39.3827931588346,9.770048092760032
normal_012,normal,91,IDLE,LANE_RIGHT,LANE_RIGHT,False,2213253491.555485,34981921.27738068,1583874009.9733105,2996081439.4653444,25.0,38.576082600442874,9.55161611717914
normal_012,normal,92,IDLE,LANE_RIGHT,LANE_RIGHT,False,1313052444.2405334,20844091.171655968,948826834.5365314,2210891271.9221635,25.0,37.76783218208709,9.333812969084972
normal_012,normal,93,IDLE,LANE_RIGHT,LANE_RIGHT,False,1294190027.2012892,20620782.614087533,941325245.6759373,2181494683.350322,25.0,36.95805712846891,9.116627143914078
normal_012,normal,94,IDLE,LANE_RIGHT,LANE_RIGHT,False,1275183523.1343772,20394758.123754587,938518115.7475541,2152170163.5081487,25.0,36.14677271317498,8.900047234314851
normal_012,normal,95,IDLE,LANE_RIGHT,LANE_RIGHT,False,1256042931.2287643,20166195.53916557,935677105.7588472,2122917142.1518493,25.0,35.33399425691164,8.684061924619652
normal_012,normal,96,IDLE,LANE_RIGHT,LANE_RIGHT,False,1236777513.237033,19935259.489755455,932804705.1623148,2093734894.669892,25.0,34.51973712533197,8.46865998657082
normal_012,normal,97,IDLE,LANE_RIGHT,LANE_RIGHT,False,1201701162.4928281,19409576.023887627,902559792.7862921,2099228830.1883333,25.0,33.70401672651349,8.253830276117021
normal_012,normal,98,IDLE,LANE_RIGHT,LANE_RIGHT,False,1184601704.901382,19213379.937039346,901307822.6398804,2073388984.482078,25.0,32.88684850813593,8.039561731118994
normal_012,normal,99,IDLE,LANE_RIGHT,LANE_RIGHT,False,1167383515.3960924,19014949.62775478,900018864.4082807,2047592842.269004,25.0,32.068247954407184,7.825843369824781
normal_012,normal,100,IDLE,LANE_RIGHT,LANE_RIGHT,False,1150053699.6923923,18814411.973756205,898694727.312677,2021839629.3599575,25.0,31.2482305827765,7.612664289991869
normal_012,normal,101,IDLE,LANE_RIGHT,LANE_RIGHT,False,1132618849.3220358,18611885.15697994,897337132.5110261,1996128332.9350224,25.0,30.426811940471566,7.400013668549545
normal_012,normal,102,IDLE,LANE_RIGHT,LANE_RIGHT,False,1503075689.4599724,23910360.902869888,1074597854.0059578,2433607434.083,25.0,29.604007600892146,7.187880761709121
normal_012,normal,103,IDLE,LANE_RIGHT,LANE_RIGHT,False,1480720029.23658,23621236.30643388,1050844521.8447727,2404389205.5767198,25.0,28.779833159887744,6.9762549054413725
normal_012,normal,104,IDLE,LANE_RIGHT,LANE_RIGHT,False,1458386327.2080595,23332441.504475787,1027261044.2010739,2375291363.357872,25.0,27.954304231947276,6.765125516252079
normal_012,normal,105,IDLE,LANE_RIGHT,LANE_RIGHT,False,1933393580.5443678,30823492.309426464,1210630345.452254,2871005171.160844,25.0,27.127436446320075,6.554482092194885
normal_012,normal,106,IDLE,LANE_RIGHT,LANE_RIGHT,False,1925529533.7608712,30748770.233186677,1208224022.729692,2842625490.0174317,25.0,26.299245443090967,6.344314214070223
normal_012,normal,107,IDLE,LANE_RIGHT,LANE_RIGHT,False,1917649203.290742,30673760.056680895,1205821617.5316045,2814346744.2225404,25.0,25.469746869224764,6.134611546765199
normal_012,normal,108,IDLE,LANE_RIGHT,LANE_RIGHT,False,1909752864.0010493,30598465.76380005,1203422717.1141496,2786164740.300632,25.0,24.638956374598934,5.9253638406969005
normal_012,normal,109,IDLE,LANE_RIGHT,LANE_RIGHT,False,1901840100.3684804,30522879.498026446,1201026669.458185,2758074874.7174244,25.0,23.806889608034567,5.716560933325635
normal_012,normal,110,IDLE,LANE_RIGHT,LANE_RIGHT,False,1893911447.7687564,30447009.480210356,1198633193.7607138,2730073642.0102587,25.0,22.973562213340983,5.508192750710967
normal_012,normal,111,IDLE,LANE_RIGHT,LANE_RIGHT,False,1885966959.3657925,30370856.151301242,1196241942.1029181,2702157344.5552025,25.0,22.138989825382737,5.300249309086534
normal_012,normal,112,SLOWER,LANE_RIGHT,LANE_RIGHT,False,2526535572.934906,39913748.70908403,1409173394.329552,3423350365.8410487,25.0,21.303188066179473,5.092720716433928
normal_012,normal,113,IDLE,LANE_RIGHT,LANE_RIGHT,False,2262001232.9855337,35141096.594569005,1513865231.072987,3238661936.3616524,23.511659807956104,20.573168425820313,7.61759602783413
normal_012,normal,114,IDLE,LANE_RIGHT,LANE_RIGHT,False,2319247226.492695,36068986.9498582,1518128844.336491,3258900597.321598,22.46635092136286,20.10776938760182,12.10310324686188
normal_012,normal,115,IDLE,LANE_RIGHT,LANE_RIGHT,False,2340103872.4944077,36337447.600248024,1522101495.1244361,3275233429.755639,21.732197080573094,19.82788075626229,21.249914383860517
normal_012,normal,116,IDLE,LANE_RIGHT,LANE_RIGHT,False,2351112634.8895483,36556052.12772834,1525829751.6893587,3288663723.335253,21.216577373461487,19.677945517083913,46.49308779325684
normal_012,normal,117,IDLE,LANE_RIGHT,LANE_RIGHT,False,2360429214.883505,36737875.3509185,1529339988.6281488,3299871074.2824774,20.8544411731307,19.618948794882613,293.63224755009276
normal_012,normal,118,FASTER,LANE_RIGHT,LANE_RIGHT,False,2368461492.121813,36892114.070852906,1532650580.305253,3309333251.585326,20.600101345189188,19.62349377481121,inf
normal_012,normal,119,SLOWER,LANE_RIGHT,LANE_RIGHT,False,2331229591.8512387,36466859.02897869,1528727256.1334987,3263272817.228221,21.90981054696415,19.565347478395438,17.263053826242285
normal_012,normal,120,IDLE,LANE_RIGHT,LANE_RIGHT,False,2355733724.240254,36705576.750792995,1531906893.938122,3275045705.9156146,21.341320987716934,19.379176616246696,33.97762081508823
normal_012,normal,121,IDLE,LANE_RIGHT,LANE_RIGHT,False,2364320958.4786415,36875525.381445184,1534918014.015157,3284666233.610987,20.94205260042671,19.29344848779317,109.32269044344778
normal_012,normal,122,FASTER,LANE_RIGHT,LANE_RIGHT,False,2371632808.019517,37017605.76465571,1537776806.8062034,3292642604.2376103,20.6616336507798,19.277955343413964,inf
normal_012,normal,123,SLOWER,LANE_RIGHT,LANE_RIGHT,False,2305474441.364109,36153747.3368924,1533448963.00646,3245225174.921726,21.953026651850834,19.20448993007085,16.030127258740926
normal_012,normal,124,IDLE,LANE_RIGHT,LANE_RIGHT,False,2335768789.7322793,36674016.98728695,1536266359.7622056,3255770174.665608,21.37167303943433,19.0063322934119,30.564568604478573
normal_012,normal,125,IDLE,LANE_RIGHT,LANE_RIGHT,False,2356869730.8830433,36967107.32292017,1538945843.6242397,3264256568.5795975,20.963369816447702,18.910975761402824,86.4959823294767
normal_012,normal,126,FASTER,LANE_RIGHT,LANE_RIGHT,False,2371460776.5547886,37098971.655226804,1541502028.3062322,3271196727.8008494,20.67660541292349,18.88752845739691,inf
normal_012,normal,127,SLOWER,LANE_RIGHT,LANE_RIGHT,False,2278773796.8953543,35818246.66509117,1536899963.759543,3222844822.0533905,21.96354179892569,18.807302565043983,15.305772326230862
normal_012,normal,128,IDLE,LANE_RIGHT,LANE_RIGHT,False,2308726117.437866,36331459.85809262,1539468519.8253455,3232548777.278642,21.379058163305835,18.60324053278964,28.657436516634284
normal_012,normal,129,IDLE,LANE_RIGHT,LANE_RIGHT,False,2329482638.0050116,36690015.054810256,1541919230.7325482,3240269669.0939684,20.968556624982977,18.502598497974873,76.00018003851565
normal_012,normal,130,FASTER,LANE_RIGHT,LANE_RIGHT,False,2343737475.949908,36939101.63825956,1544265657.1724262,3246516983.318068,20.680248274336467,18.47431790909002,inf
normal_012,normal,131,SLOWER,LANE_RIGHT,LANE_RIGHT,False,1680166831.4426465,27078410.870710257,1251112060.5587478,2351429326.105269,21.96610029692767,18.389593797510543,14.707305048022489
normal_012,normal,132,IDLE,LANE_RIGHT,LANE_RIGHT,False,1710621371.0953913,27597331.814648338,1253877435.6846855,2374848122.47774,21.380855078226293,18.181286237922677,27.148278326322178
normal_012,normal,133,IDLE,LANE_RIGHT,LANE_RIGHT,False,1732135236.806334,27966176.86458755,1257147335.3665679,2393237735.1182184,20.96981865576387,18.076593417290155,68.68762495434183
normal_012,normal,134,FASTER,LANE_RIGHT,LANE_RIGHT,False,1747316289.5093164,28228615.529200178,1260720298.1379235,2408072968.7133045,20.6811346388904,18.044415984467378,inf
normal_012,normal,135,SLOWER,LANE_RIGHT,LANE_RIGHT,False,1655081470.6207163,26755682.422632605,1256746034.105699,2414804249.358689,21.966722819083518,17.95592021422874,14.151134264067107
normal_012,normal,136,IDLE,LANE_RIGHT,LANE_RIGHT,False,1685224205.2335758,27268601.978192262,1259211019.1077728,2437865649.1290817,21.38129229543314,17.743945880486763,25.800871586006092
normal_012,normal,137,IDLE,LANE_RIGHT,LANE_RIGHT,False,1706453017.7120667,27631940.333082657,1262206629.5203261,2455904846.2229247,20.9701257273824,17.63567680594599,62.809944485957594
normal_012,normal,138,FASTER,LANE_RIGHT,LANE_RIGHT,False,1721373784.79029,27889330.52726787,1265529346.6685984,2470396957.812524,20.68135030510259,17.600003442420302,inf
normal_012,normal,139,SLOWER,LANE_RIGHT,LANE_RIGHT,False,1628900798.337956,26411755.51885519,1261324985.6499903,2476792475.2163477,21.966874288357374,17.50808479232421,13.616988856347522
normal_012,normal,140,IDLE,LANE_RIGHT,LANE_RIGHT,False,1658822947.343678,26920359.489814363,1263576800.9213638,2499524025.8308997,21.38139867714537,17.292755409310644,24.553596716314853
normal_012,normal,141,IDLE,LANE_RIGHT,LANE_RIGHT,False,2267292096.753772,36596073.952625096,1478152276.4110768,3215284977.7084975,20.970200442659024,17.181195335178586,57.843797659793616
normal_012,normal,142,IDLE,LANE_RIGHT,LANE_RIGHT,False,2276225883.7545595,36757198.18434851,1481549786.8407254,3233341986.1411023,20.681402780029384,17.14229224992937,1416.6097089323023
normal_012,normal,143,FASTER,LANE_RIGHT,LANE_RIGHT,False,2284741674.4926195,36906432.18054435,1485139659.756888,3248889854.198078,20.478570951131747,17.154198975936197,inf
normal_012,normal,144,SLOWER,LANE_RIGHT,LANE_RIGHT,False,2261729338.4543095,36501015.297912486,1481094524.421146,3257066924.718455,21.82445586691283,17.094579625902952,14.702576075435548
normal_012,normal,145,IDLE,LANE_RIGHT,LANE_RIGHT,False,2271026178.664556,36682315.574199095,1483429002.5275524,3282089577.4194837,21.2813736678455,16.90083734977361,27.115994048659154
normal_012,normal,146,IDLE,LANE_RIGHT,LANE_RIGHT,False,2279830860.121156,36846240.606664054,1486290571.8784394,3302460750.7526765,20.89994968166927,16.80336070808562,68.45731658691501
normal_012,normal,147,FASTER,LANE_RIGHT,LANE_RIGHT,False,2288220384.296998,36996783.0968319,1489483487.5318136,3319546018.0557117,20.63206342526017,16.77329067187452,inf
normal_012,normal,148,SLOWER,LANE_RIGHT,LANE_RIGHT,False,2249651744.515728,36157687.10410251,1485148533.2650704,3328718771.155139,21.932258537356937,16.68336658116084,12.985454917485889
normal_012,normal,149,IDLE,LANE_RIGHT,LANE_RIGHT,False,2274305582.8289776,36674973.895646006,1487269255.2070668,3354355561.572909,21.357086928843284,16.467532634042072,23.095871087213677
normal_012,normal,150,IDLE,LANE_RIGHT,LANE_RIGHT,False,2283015875.3731623,36936660.716787905,1489963460.3290193,3375073461.0983305,20.953125524784312,16.353747930904092,52.35079613276462
