model,iteration,max_change,max_abs_q
clean,1,0.9996803893098617,0.9996803893098617
clean,2,0.9890435423422946,1.9884632155233135
clean,3,0.9791531069188717,2.9672305304149993
clean,4,0.9693615758496832,3.936592106264682
clean,5,0.9596679600911862,4.896260066355868
clean,6,0.950071280490274,5.846331346846142
clean,7,0.9405705676853717,6.786901914531513
clean,8,0.9311648620085169,7.71806677654003
clean,9,0.9218532133884336,8.639919989928464
clean,10,0.9126346812545503,9.552554671183012
clean,11,0.9035083344420034,10.456063005625014
clean,12,0.8944732510975832,11.350536256722597
clean,13,0.8855285185866073,12.236064775309204
clean,14,0.8766732334007408,13.112738008709945
clean,15,0.8679065010667344,13.98064450977668
clean,16,0.8592274360560666,14.839871945832746
clean,17,0.8506351616955072,15.690507107528253
clean,18,0.8421288100785524,16.5326359176068
clean,19,0.8337075219777681,17.36634343958457
clean,20,0.8253704467579936,18.191713886342555
clean,21,0.8171167422904091,19.008830628632964
clean,22,0.8089455748675078,19.81777620350047
clean,23,0.8008561191188264,20.618632322619295
clean,24,0.7928475579276402,21.411479880546935
clean,25,0.7849190823483667,22.196398962895298
clean,26,0.7770698915248815,22.973468854420176
clean,27,0.7692991926096333,23.74276804702981
clean,28,0.7616062006835378,24.504374247713347
clean,29,0.7539901386766985,25.258364386390046
clean,30,0.7464502372899346,26.00481462367998
clean,31,0.7389857349170299,26.74380035859701
clean,32,0.7315958775678624,27.475396236164872
clean,33,0.7242799187921847,28.199676154957057
clean,34,0.7170371196042673,28.91671327456132
clean,35,0.7098667484082171,29.626580022969538
clean,36,0.702768080924141,30.32934810389368
clean,37,0.6957404001149001,31.025088504008576
clean,38,0.6887829961137477,31.713871500122323
clean,39,0.6818951661526143,32.39576666627493
clean,40,0.6750762144910851,33.070842880766016
clean,41,0.668325452346167,33.73916833311218
clean,42,0.6616421978227152,34.4008105309349
clean,43,0.6550257758444786,35.055836306779376
clean,44,0.6484755180860304,35.70431182486541
clean,45,0.6419907629051806,36.34630258777059
clean,46,0.6355708552761286,36.981873443046716
clean,47,0.629215146723368,37.611088589770084
clean,48,0.6229229952561326,38.23401158502622
clean,49,0.616693765303566,38.85070535032978
clean,50,0.6105268276505313,39.461232177980314
clean,51,0.6044215593740319,40.065653737354346
clean,52,0.5983773437802853,40.66403108113463
clean,53,0.5923935703424803,41.25642465147711
clean,54,0.5864696346390588,41.84289428611617
clean,55,0.5806049382926659,42.423499224408836
clean,56,0.5747988889097471,42.99829811331858
clean,57,0.5690509000206561,43.56734901333923
clean,58,0.5633603910204386,44.13070940435967
clean,59,0.5577267871102407,44.68843619146991
clean,60,0.552149519239137,45.24058571070905
clean,61,0.5466280240467469,45.787213734755795
clean,62,0.5411617438062848,46.328375478562066
clean,63,0.5357501263682138,46.86412560493028
clean,64,0.5303926251045397,47.394518230034805
clean,65,0.5250886988534873,47.91960692888829
clean,66,0.5198378118649458,48.43944474075324
clean,67,0.5146394337463036,48.95408417449954
clean,68,0.5094930394088379,49.46357721390837
clean,69,0.504398109014744,49.96797532292312
clean,70,0.49935412792460454,50.46732945084772
clean,71,0.49436058664535665,50.96169003749308
clean,72,0.4894169807789055,51.45110701827198
clean,73,0.4845228109711215,51.93562982924309
clean,74,0.47967758286139883,52.41530741210449
clean,75,0.4748808070327897,52.89018821913728
clean,76,0.47013199896245794,53.36032021809974
clean,77,0.46543067897283663,53.82575089707257
clean,78,0.46077637218311196,54.28652726925568
clean,79,0.45616860846127594,54.742695877716955
clean,80,0.4516069223766692,55.19430280009362
clean,81,0.44709085315290054,55.64139365324652
clean,82,0.4426199446213701,56.08401359786789
clean,83,0.4381937451751554,56.52220734304304
clean,84,0.43381180772340144,56.956019150766444
clean,85,0.42947368964617283,57.38549284041261
clean,86,0.42517895274971096,57.81067179316232
clean,87,0.4209271632222027,58.23159895638452
clean,88,0.4167178915899896,58.64831684797451
clean,89,0.41255071267408994,59.0608675606486
clean,90,0.40842520554735273,59.46929276619594
clean,91,0.40434095349186805,59.87363371968781
clean,92,0.4002975439569596,60.27393126364476
clean,93,0.39629456851738354,60.670225832162146
clean,94,0.39233162283221645,61.06255745499436
clean,95,0.3884083066038926,61.45096576159825
clean,96,0.3845242235378521,61.8354899851361
clean,97,0.3806789813024736,62.21616896643857
clean,98,0.37687219148945417,62.59304115792802
clean,99,0.373103469574545,62.966144627502565
clean,100,0.36937243487881233,63.33551706238137
clean,101,0.36567871053001255,63.70119577291138
clean,102,0.36202192342471307,64.0632176963361
clean,103,0.3584017041904701,64.42161940052657
clean,104,0.354817687148568,64.77643708767513
clean,105,0.35126951027707776,65.12770659795221
clean,106,0.3477568151743071,65.47546341312652
clean,107,0.34427924702256973,65.81974266014909
clean,108,0.34083645455234546,66.16057911470143
clean,109,0.3374280900068243,66.49800720470826
clean,110,0.33405380910674864,66.83206101381501
clean,111,0.33071327101568215,67.16277428483069
clean,112,0.327406138305534,67.49018042313622
clean,113,0.32413207692246715,67.81431250005869
clean,114,0.320890756153247,68.13520325621194
clean,115,0.3176818485917181,68.45288510480366
clean,116,0.3145050301057921,68.76739013490945
clean,117,0.3113599798047346,69.07875011471418
clean,118,0.30824638000669324,69.38699649472088
clean,119,0.30516391620662375,69.6921604109275
clean,120,0.30211227704455723,69.99427268797206
clean,121,0.2990911542741088,70.29336384224617
clean,122,0.29610024273137014,70.58946408497754
clean,123,0.2931392403040576,70.8826033252816
clean,124,0.2902078479010157,71.17281117318261
clean,125,0.28730576942200514,71.46011694260461
clean,126,0.2844327117277885,71.7445496543324
clean,127,0.28158838461051516,72.02613803894292
clean,128,0.2787725007644042,72.30491053970732
clean,129,0.2759847757567542,72.58089531546408
clean,130,0.27322492799919473,72.85412024346327
clean,131,0.2704926787192079,73.12461292218248
clean,132,0.2677877519320049,73.39240067411448
clean,133,0.26510987441268696,73.65751054852717
clean,134,0.2624587756685628,73.91996932419573
clean,135,0.25983418791187773,74.17980351210761
clean,136,0.2572358460327564,74.43703935814037
clean,137,0.2546634875724294,74.6917028457128
clean,138,0.2521168526967017,74.9438196984095
clean,139,0.24959568416973354,75.19341538257923
clean,140,0.24709972732804886,75.44051510990728
clean,141,0.24462873005475672,75.68514383996204
clean,142,0.2421824427542134,75.92732628271625
clean,143,0.23976061832667028,76.16708690104292
clean,144,0.23736301214340472,76.40444991318633
clean,145,0.23498938202196484,76.63943929520829
clean,146,0.23263948820175528,76.87207878341005
clean,147,0.2303130933197366,77.10239187672978
clean,148,0.2280099623865368,77.33040183911632
clean,149,0.2257298627626767,77.556131701879
clean,150,0.2234725641350508,77.77960426601405
clean,151,0.2212378384936926,78.00084210450774
clean,152,0.21902546010875312,78.2198675646165
clean,153,0.2168352055076639,78.43670277012416
clean,154,0.21466685345259862,78.65136962357676
clean,155,0.21252018491806268,78.86388980849482
clean,156,0.2103949830688805,79.0742847915637
clean,157,0.2082910332381971,79.2825758248019
clean,158,0.2062081229058208,79.48878394770772
clean,159,0.20414604167675066,79.69292998938447
clean,160,0.20210458125998798,79.89503457064446
clean,161,0.20008353544739066,80.09511810609185
clean,162,0.19808270009291107,80.29320080618476
clean,163,0.19610187309199034,80.48930267927675
clean,164,0.19414085436106632,80.68344353363781
clean,165,0.19219944581745096,80.87564297945526
clean,166,0.19027745135927887,81.06592043081454
clean,167,0.1883746768456831,81.25429510766023
clean,168,0.18649093007722684,81.44078603773745
clean,169,0.18462602077646295,81.62541205851392
clean,170,0.1827797605686925,81.80819181908261
clean,171,0.18095196296300742,81.98914378204562
clean,172,0.17914244333337592,82.16828622537899
clean,173,0.17735101890004046,82.34563724427903
clean,174,0.1755775087110436,82.52121475299008
clean,175,0.1738217336239387,82.69503648661401
clean,176,0.17208351628769947,82.86712000290171
clean,177,0.17036268112481423,83.03748268402653
clean,178,0.1686590543135651,83.2061417383401
clean,179,0.16697246377043484,83.37311420211053
clean,180,0.16530273913272708,83.53841694124326
clean,181,0.16364971174139953,83.70206665298466
clean,182,0.16201321462398255,83.86407986760864
clean,183,0.16039308247775352,84.02447295008639
clean,184,0.15878915165296803,84.18326210173936
clean,185,0.1572012601364463,84.3404633618758
clean,186,0.15562924753507446,84.49609260941088
clean,187,0.15407295505973195,84.65016556447061
clean,188,0.15253222550913392,84.80269778997975
clean,189,0.15100690325404287,84.95370469323379
clean,190,0.14949683422149462,85.10320152745528
clean,191,0.1480018658792801,85.25120339333456
clean,192,0.1465218472204981,85.39772524055506
clean,193,0.14505662874829284,85.54278186930333
clean,194,0.14360606246081886,85.68638793176414
clean,195,0.14217000183619177,85.82855793360034
clean,196,0.14074830181786524,85.96930623541817
clean,197,0.13934081879966698,86.10864705421784
clean,198,0.13794741061167315,86.24659446482951
clean,199,0.13656793650555699,86.38316240133504
clean,200,0.1352022571404632,86.5183646584755
clean,201,0.1338502345690813,86.65221489304459
clean,202,0.1325117322234064,86.78472662526798
clean,203,0.13118661490115358,86.91591324016913
clean,204,0.1298747487521439,87.04578798892128
clean,205,0.12857600126463353,87.1743639901859
clean,206,0.12729024125195565,87.30165423143785
clean,207,0.12601733883946054,87.42767157027731
clean,208,0.1247571654510864,87.55242873572837
clean,209,0.12350959379654114,87.67593832952491
clean,210,0.1222744978585979,87.79821282738351
clean,211,0.1210517528800068,87.91926458026349
clean,212,0.1198412353511884,88.03910581561468
clean,213,0.11864282299768547,88.15774863861236
clean,214,0.1174563947677143,88.27520503338008
clean,215,0.11628183082004284,88.3914868642001
clean,216,0.11511901251182621,88.50660587671193
clean,217,0.11396782238671221,88.62057369909864
clean,218,0.11282814416286158,88.7334018432615
clean,219,0.11169986272123822,88.84510170598271
clean,220,0.11058286409399898,88.95568457007671
clean,221,0.10947703545306808,89.06516160552978
clean,222,0.1083822650985411,89.17354387062831
clean,223,0.10729844244755782,89.28084231307587
clean,224,0.1062254580230757,89.38706777109894
clean,225,0.10516320344285646,89.49223097454178
clean,226,0.1041115714084242,89.59634254595021
clean,227,0.10307045569435047,89.69941300164453
clean,228,0.10203975113738295,89.80145275278191
clean,229,0.10101935362601466,89.90247210640791
clean,230,0.1000091600897548,90.00248126649767
clean,231,0.09900906848886848,90.10149033498652
clean,232,0.0980189778039744,90.1995093127905
clean,233,0.0970387880259409,90.29654810081642
clean,234,0.09606840014566842,90.39261650096209
clean,235,0.09510771614421287,90.4877242171063
clean,236,0.09415663898278126,90.58188085608907
clean,237,0.09321507259295458,90.67509592868203
clean,238,0.09228292186702447,90.76737885054904
clean,239,0.091360092648344,90.85873894319737
clean,240,0.09044649172186325,90.94918543491923
clean,241,0.08954202680462231,91.03872746172385
clean,242,0.08864660653659939,91.12737406826045
clean,243,0.08776014047123226,91.21513420873168
clean,244,0.08688253906653642,91.30201674779819
clean,245,0.08601371367585386,91.38803046147405
clean,246,0.08515357653911337,91.47318403801314
clean,247,0.08430204077370718,91.55748607878684
clean,248,0.08345902036596442,91.6409450991528
clean,249,0.08262443016231202,91.72356952931511
clean,250,0.08179818586069132,91.80536771517579
clean,251,0.08098020400207417,91.88634791917787
clean,252,0.08017040196205016,91.96651832113992
clean,253,0.07936869794245638,92.04588701908237
clean,254,0.07857501096300723,92.12446203004538
clean,255,0.07778926085339322,92.20225129089874
clean,256,0.0770113682448681,92.27926265914361
clean,257,0.0762412545624187,92.355503913706
clean,258,0.07547884201676425,92.43098275572277
clean,259,0.0747240535966256,92.50570680931939
clean,260,0.07397681306065351,92.57968362238005
clean,261,0.07323704493005323,92.65292066731008
clean,262,0.07250467448074005,92.72542534179081
clean,263,0.07177962773592128,92.79720496952673
clean,264,0.07106183145856448,92.8682668009853
clean,265,0.07035121314399362,92.93861801412929
clean,266,0.06964770101255624,93.00826571514183
clean,267,0.0689512240024186,93.07721693914425
clean,268,0.06826171176240337,93.14547865090663
clean,269,0.06757909464477052,93.2130577455514
clean,270,0.06690330369835351,93.27996104924972
clean,271,0.06623427066132592,93.34619531991105
clean,272,0.06557192795473554,93.41176724786578
clean,273,0.06491620867518577,93.47668345654097
clean,274,0.06426704658844073,93.5409505031294
clean,275,0.06362437612256144,93.60457487925196
clean,276,0.06298813236132617,93.66756301161327
clean,277,0.06235825103772186,93.72992126265098
clean,278,0.0617346685273219,93.7916559311783
clean,279,0.061117321842061756,93.85277325302036
clean,280,0.060506148623630907,93.91327940164399
clean,281,0.05990108713740483,93.9731804887814
clean,282,0.059302076266021686,94.03248256504742
clean,283,0.05870905550338534,94.09119162055077
clean,284,0.05812196494832733,94.1493135854991
clean,285,0.05754074529885145,94.20685433079795
clean,286,0.05696533784585256,94.2638196686438
clean,287,0.05639568446740384,94.32021535311121
clean,288,0.055831727622731364,94.37604708073393
clean,289,0.05527341034651556,94.43132049108044
clean,290,0.05472067624305055,94.48604116732349
clean,291,0.05417346948061663,94.54021463680408
clean,292,0.05363173478581018,94.59384637158989
clean,293,0.05309541743794455,94.64694178902782
clean,294,0.052564463263550465,94.69950625229137
clean,295,0.05203881863093329,94.75154507092229
clean,296,0.05151843044461657,94.8030635013669
clean,297,0.05100324614018348,94.85406674750709
clean,298,0.05049321367877724,94.90455996118585
clean,299,0.04998828154197099,94.95454824272781
clean,300,0.04948839872656663,95.00403664145438
clean,301,0.04899351473930835,95.05303015619366
clean,302,0.04850357959189466,95.10153373578555
clean,303,0.048018543795990354,95.14955227958153
clean,304,0.047538358358025334,95.19709063793955
clean,305,0.047062974774434,95.24415361271399
clean,306,0.046592345026695625,95.29074595774068
clean,307,0.046126421576445864,95.33687237931713
clean,308,0.04566515736067345,95.38253753667777
clean,309,0.04520850578705904,95.42774604246483
clean,310,0.044756420729186175,95.47250246319402
clean,311,0.044308856521908524,95.51681131971593
clean,312,0.04386576795668873,95.56067708767262
clean,313,0.04342711027712198,95.60410419794971
clean,314,0.04299283917434593,95.64709703712406
clean,315,0.04256291078259267,95.68965994790665
clean,316,0.04213728167478337,95.73179722958143
clean,317,0.041715908858051876,95.77351313843945
clean,318,0.041298749769438814,95.8148118882089
clean,319,0.04088576227175622,95.85569765048064
clean,320,0.04047690464902587,95.89617455512966
clean,321,0.04007213560255707,95.93624669073222
clean,322,0.03967141424652709,95.97591810497875
clean,323,0.03927470010407319,96.01519280508279
clean,324,0.03888195310300091,96.05407475818579
clean,325,0.03849313357197559,96.09256789175777
clean,326,0.038108202236273314,96.13067609399404
clean,327,0.037727120213901344,96.16840321420791
clean,328,0.037349849011761194,96.20575306321967
clean,329,0.036976350521641166,96.24272941374132
clean,330,0.036606587016422054,96.27933600075774
clean,331,0.03624052114625442,96.31557652190399
clean,332,0.03587811593479273,96.35145463783878
clean,333,0.03551933477544367,96.38697397261421
clean,334,0.035164141427685536,96.4221381140419
clean,335,0.03481250001343028,96.45695061405532
clean,336,0.03446437501328603,96.49141498906859
clean,337,0.03411973126314649,96.52553472033173
clean,338,0.03377853395053876,96.55931325428224
clean,339,0.03344074861102797,96.59275400289327
clean,340,0.03310634112490618,96.62586034401818
clean,341,0.03277527771365385,96.65863562173183
clean,342,0.03244752493651504,96.69108314666835
clean,343,0.032123049687157845,96.72320619635548
clean,344,0.031801819190263814,96.75500801554574
clean,345,0.03148380099837311,96.78649181654411
clean,346,0.03116896298838867,96.8176607795325
clean,347,0.030857273358520843,96.848518052891
clean,348,0.030548700624919434,96.87906675351591
clean,349,0.030243213618675213,96.90930996713458
clean,350,0.029940781482508783,96.93925074861708
clean,351,0.02964137366767261,96.96889212228473
clean,352,0.029344959930995174,96.99823708221572
clean,353,0.029051510331697727,97.0272885925474
clean,354,0.028760995228367392,97.05604958777576
clean,355,0.02847338527610077,97.08452297305183
clean,356,0.02818865142332072,97.11271162447515
clean,357,0.027906764909076287,97.14061838938422
clean,358,0.027627697260001582,97.16824608664422
clean,359,0.02735142028740256,97.1955975069316
clean,360,0.027077906084514325,97.22267541301612
clean,361,0.02680712702367316,97.24948254003978
clean,362,0.02653905575343174,97.27602159579321
clean,363,0.026273665195915896,97.30229526098913
clean,364,0.026010928543968248,97.32830618953307
clean,365,0.025750819258504976,97.35405700879157
clean,366,0.025493311065929447,97.3795503198575
clean,367,0.025238377955290048,97.40478869781276
clean,368,0.024985994175708015,97.42977469198847
clean,369,0.024736134233947382,97.45451082622242
clean,370,0.02448877289162965,97.47899959911403
clean,371,0.02424388516269005,97.50324348427671
clean,372,0.02400144631106116,97.52724493058777
clean,373,0.023761431847958647,97.55100636243571
clean,374,0.02352381752946542,97.57453017996518
clean,375,0.02328857935417261,97.59781875931935
clean,376,0.02305569356065007,97.62087445288
clean,377,0.022825136625044706,97.64369958950503
clean,378,0.022596885258778343,97.6662964747638
clean,379,0.022370916406202923,97.68866739117
clean,380,0.02214720724214203,97.71081459841213
clean,381,0.02192573516971663,97.73274033358184
clean,382,0.02170647781801449,97.75444681139986
clean,383,0.02148941303983065,97.77593622443969
clean,384,0.021274518909450535,97.79721074334913
clean,385,0.021061773720347787,97.81827251706947
clean,386,0.020851155983137915,97.83912367305261
clean,387,0.020642644423304546,97.85976631747592
clean,388,0.020436217979096227,97.880202535455
clean,389,0.020231855799295317,97.9004343912543
clean,390,0.020029537241299522,97.92046392849556
clean,391,0.01982924186887658,97.94029317036444
clean,392,0.01963094945018895,97.95992411981463
clean,393,0.019434639955690614,97.97935875977032
clean,394,0.019240293556151755,97.99859905332646
clean,395,0.019047890620569774,98.01764694394701
clean,396,0.018857411714378713,98.03650435566139
clean,397,0.018668837597218157,98.05517319325861
clean,398,0.01848214922125635,98.07365534247985
clean,399,0.018297327729030144,98.09195267020887
clean,400,0.0181143544517397,98.11006702466061
clean,401,0.017933210907244757,98.12800023556785
clean,402,0.017753878798160372,98.14575411436601
clean,403,0.01757634001020847,98.1633304543762
clean,404,0.017400576610057783,98.18073103098625
clean,405,0.017226570843988043,98.19795760183024
clean,406,0.017054305135545178,98.21501190696578
clean,407,0.01688376208419129,98.23189566904996
clean,408,0.01671492446334355,98.2486105935133
clean,409,0.016547775218711536,98.265158368732
clean,410,0.016382297466520868,98.28154066619852
clean,411,0.016218474491864754,98.29775914069039
clean,412,0.016056289746941843,98.31381543043733
clean,413,0.01589572684949303,98.3297111572868
clean,414,0.015736769580954046,98.34544792686775
clean,415,0.01557940188517648,98.36102732875293
clean,416,0.015423607866324573,98.37645093661922
clean,417,0.015269371787624664,98.39172030840685
clean,418,0.01511667806975936,98.4068369864766
clean,419,0.014965511289091182,98.42180249776567
clean,420,0.014815856176156217,98.43661835394182
clean,421,0.014667697614413555,98.45128605155624
clean,422,0.014521020638284199,98.46580707219452
clean,423,0.014375810431900504,98.48018288262642
clean,424,0.01423205232758562,98.49441493495401
clean,425,0.014089731804304506,98.50850466675831
clean,426,0.013948834486285477,98.52245350124457
clean,427,0.013809346141385959,98.53626284738596
clean,428,0.013671252679984036,98.54993410006591
clean,429,0.013534540153159469,98.56346864021907
clean,430,0.013399194751627874,98.5768678349707
clean,431,0.01326520280412069,98.59013303777482
clean,432,0.0131325507761062,98.60326558855093
clean,433,0.013001225268340022,98.61626681381927
clean,434,0.01287121301565719,98.62913802683492
clean,435,0.012742500885494223,98.6418805277204
clean,436,0.01261507587662436,98.65449560359703
clean,437,0.012488925117864369,98.66698452871488
clean,438,0.0123640358666961,98.67934856458157
clean,439,0.012240395508030133,98.69158896008958
clean,440,0.012117991552941021,98.70370695164252
clean,441,0.011996811637430937,98.71570376327992
clean,442,0.011876843521022806,98.72758060680094
clean,443,0.011758075085822384,98.73933868188676
clean,444,0.011640494334983487,98.75097917622173
clean,445,0.011524089391613757,98.76250326561335
clean,446,0.011408848497694635,98.77391211411104
clean,447,0.01129476001271712,98.78520687412374
clean,448,0.011181812412587533,98.79638868653633
clean,449,0.011069994288476437,98.80745868082481
clean,450,0.010959294345596504,98.8184179751704
clean,451,0.010849701402150913,98.82926767657254
clean,452,0.010741204388111214,98.84000888096064
clean,453,0.010633792344236781,98.85064267330488
clean,454,0.010527454420795834,98.86117012772566
clean,455,0.01042217987657068,98.87159230760221
clean,456,0.01031795807780611,98.88191026568002
clean,457,0.010214778497029897,98.89212504417704
clean,458,0.010112630712043824,98.90223767488908
clean,459,0.010011504404928928,98.91224917929401
clean,460,0.009911389360880207,98.92216056865489
clean,461,0.009812275467282916,98.93197284412217
clean,462,0.00971415271263254,98.94168699683479
clean,463,0.009617011185483193,98.95130400802027
clean,464,0.009520841073637598,98.96082484909391
clean,465,0.009425632662896533,98.9702504817568
clean,466,0.00933137633626302,98.97958185809307
clean,467,0.009238062572919148,98.98881992066599
clean,468,0.009145681947188677,98.99796560261318
clean,469,0.009054225127712812,99.00701982774088
clean,470,0.008963682876441226,99.01598351061732
clean,471,0.008874046047665729,99.02485755666498
clean,472,0.008785305587196035,99.03364286225217
clean,473,0.008697452531308159,99.04234031478347
clean,474,0.008610478006033873,99.05095079278948
clean,475,0.008524373225952786,99.05947516601543
clean,476,0.008439129493694963,99.06791429550913
clean,477,0.008354738198761424,99.07626903370787
clean,478,0.008271190816756757,99.08454022452463
clean,479,0.008188478908607522,99.09272870343322
clean,480,0.008106594119496435,99.1008352975527
clean,481,0.00802552817830815,99.10886082573101
clean,482,0.007945272896520805,99.11680609862753
clean,483,0.00786582016756654,99.12467191879507
clean,484,0.007787161965879363,99.13245908076095
clean,485,0.007709290346213038,99.14016837110717
clean,486,0.0076321974427600026,99.14780056854993
clean,487,0.007555875468341355,99.15535644401825
clean,488,0.007480316713667889,99.16283676073192
clean,489,0.007405513546530074,99.17024227427844
clean,490,0.007331458411044878,99.17757373268948
clean,491,0.007258143826945229,99.18483187651641
clean,492,0.00718556238868473,99.1920174389051
clean,493,0.007113706764798167,99.19913114566987
clean,494,0.007042569697134127,99.206173715367
clean,495,0.006972144000158664,99.21314585936716
clean,496,0.006902422560173704,99.2200482819273
clean,497,0.006833398334578078,99.22688168026188
clean,498,0.006765064351228034,99.23364674461311
clean,499,0.006697413707712485,99.2403441583208
clean,500,0.006630439570628255,99.24697459789142
clean,501,0.006564135174926378,99.25353873306635
clean,502,0.006498493823187346,99.26003722688954
clean,503,0.006433508884967409,99.26647073577448
clean,504,0.006369173796088035,99.27283990957056
clean,505,0.006305482058124312,99.27914539162869
clean,506,0.006242427237566517,99.28538781886624
clean,507,0.006180002965166409,99.2915678218314
clean,508,0.00611820293553933,99.29768602476695
clean,509,0.006057020906197863,99.30374304567312
clean,510,0.0059964506971113,99.30973949637023
clean,511,0.005936486190151413,99.31567598256038
clean,512,0.005877121328239809,99.32155310388862
clean,513,0.0058183501149642325,99.32737145400358
clean,514,0.0057601666138111796,99.33313162061738
clean,515,0.0057025649476543094,99.33883418556502
clean,516,0.005645539298186009,99.3444797248632
clean,517,0.0055890839052210595,99.35006880876841
clean,518,0.005533193066170838,99.35560200183458
clean,519,0.0054778611355033036,99.36107986297009
clean,520,0.005423082524146139,99.36650294549422
clean,521,0.005368851698904109,99.37187179719312
clean,522,0.005315163181919047,99.37718696037503
clean,523,0.005262011550087209,99.3824489719251
clean,524,0.005209391434576105,99.38765836335968
clean,525,0.005157297520256066,99.39281566087993
clean,526,0.005105724545046542,99.39792138542498
clean,527,0.005054667299617677,99.40297605272457
clean,528,0.005004120626594499,99.40798017335116
clean,529,0.004954079420329549,99.41293425277149
clean,530,0.004904538626135491,99.41783879139761
clean,531,0.004855493239872999,99.42269428463749
clean,532,0.00480693830746759,99.42750122294494
clean,533,0.004758868924383819,99.43226009186931
clean,534,0.004711280235142112,99.43697137210445
clean,535,0.004664167432792965,99.44163553953724
clean,536,0.004617525758476404,99.4462530652957
clean,537,0.004571350500881977,99.45082441579659
clean,538,0.004525636995865057,99.45535005279244
clean,539,0.004480380625906832,99.45983043341835
clean,540,0.004435576819659559,99.46426601023798
clean,541,0.00439122105146339,99.46865723128944
clean,542,0.0043473088409626826,99.47300454013038
clean,543,0.004303835752523355,99.4773083758829
clean,544,0.004260797395019722,99.48156917327792
clean,545,0.004218189421067109,99.48578736269899
clean,546,0.004176007526851322,99.48996337022584
clean,547,0.004134247451588635,99.49409761767743
clean,548,0.0040929049770710435,99.4981905226545
clean,549,0.004051975927310991,99.50224249858178
clean,550,0.004011456168029781,99.50625395474981
clean,551,0.003971341606344936,99.51022529635615
clean,552,0.003931628190287029,99.51415692454641
clean,553,0.0038923119083591473,99.51804923645477
clean,554,0.003853388789295309,99.52190262524407
clean,555,0.003814854901406761,99.52571748014547
clean,556,0.003776706352411452,99.52949418649786
clean,557,0.003738939288851384,99.53323312578671
clean,558,0.0037015498959789284,99.53693467568269
clean,559,0.00366453439701786,99.54059921007968
clean,560,0.0036278890530212493,99.5442270991327
clean,561,0.003591610162501979,99.5478187092952
clean,562,0.0035556940608785226,99.55137440335608
clean,563,0.00352013712027599,99.55489454047635
clean,564,0.003484935749071383,99.55837947622543
clean,565,0.003450086391580953,99.561829562617
clean,566,0.0034155855276765124,99.56524514814468
clean,567,0.0033814296724017368,99.56862657781706
clean,568,0.0033476153756595295,99.57197419319272
clean,569,0.0033141392219135923,99.57528833241463
clean,570,0.0032809978297052567,99.57856933024432
clean,571,0.003248187851397688,99.5818175180957
clean,572,0.0032157059728774584,99.58503322406858
clean,573,0.003183548913156642,99.58821677298174
clean,574,0.0031517134240317546,99.59136848640576
clean,575,0.0031201962897711155,99.59448868269551
clean,576,0.003088994326887473,99.5975776770224
clean,577,0.0030581043836264143,99.60063578140603
clean,578,0.0030275233397958345,99.6036633047458
clean,579,0.002997248106396455,99.60666055285219
clean,580,0.0029672756253233956,99.60962782847749
clean,581,0.002937602869039324,99.61256543134652
clean,582,0.002908226840375505,99.6154736581869
clean,583,0.0028791445719633657,99.61835280275886
clean,584,0.0028503531262629167,99.62120315588511
clean,585,0.002821849594980108,99.62402500548008
clean,586,0.0027936310990384072,99.62681863657912
clean,587,0.0027656947880245752,99.62958433136714
clean,588,0.0027380378401602457,99.6323223692073
clean,589,0.0027106574617619117,99.63503302666906
clean,590,0.0026835508871556613,99.6377165775562
clean,591,0.002656715378279273,99.64037329293448
clean,592,0.002630148224497475,99.64300344115895
clean,593,0.002603846742246674,99.6456072879012
clean,594,0.002577808274821791,99.64818509617601
clean,595,0.0025520301920778365,99.65073712636809
clean,596,0.002526509890174111,99.65326363625825
clean,597,0.00250124479126157,99.65576488104949
clean,598,0.002476232343326501,99.65824111339282
clean,599,0.002451470019920521,99.66069258341274
clean,600,0.0024269553197200366,99.66311953873246
clean,601,0.002402685766526247,99.66552222449896
clean,602,0.0023786589088530263,99.66790088340781
clean,603,0.002354872319756396,99.67025575572757
clean,604,0.002331323596578727,99.67258707932415
clean,605,0.002308010360607682,99.67489508968474
clean,606,0.002284930256990947,99.67718001994172
clean,607,0.002262080954437806,99.67944210089615
clean,608,0.0022394601448922913,99.68168156104105
clean,609,0.002217065543433705,99.68389862658448
clean,610,0.0021948948880066155,99.68609352147246
clean,611,0.0021729459391082173,99.68826646741157
clean,612,0.0021512164797172773,99.69041768389127
clean,613,0.002129704314938863,99.69254738820621
clean,614,0.0021084072717911795,99.694655795478
clean,615,0.002087323199063462,99.69674311867705
clean,616,0.00206644996706018,99.69880956864411
clean,617,0.0020457854674020837,99.70085535411151
clean,618,0.0020253276127277786,99.70288068172424
clean,619,0.0020050743366226698,99.70488575606083
clean,620,0.001985023593206847,99.70687077965404
clean,621,0.0019651733572771946,99.70883595301132
clean,622,0.0019455216237247441,99.71078147463504
clean,623,0.0019260664074920442,99.7127075410425
clean,624,0.0019068057434168395,99.71461434678592
clean,625,0.001887737685990487,99.71650208447188
clean,626,0.0018688603091021605,99.71837094478099
clean,627,0.00185017170603885,99.72022111648702
clean,628,0.001831669988973772,99.722052786476
clean,629,0.001813353289094266,99.7238661397651
clean,630,0.0017952197562038918,99.72566135952127
clean,631,0.0017772675586229525,99.72743862707989
clean,632,0.0017594948830463863,99.72919812196294
clean,633,0.0017418999342027064,99.73094002189714
clean,634,0.001724480934882422,99.732664502832
clean,635,0.0017072361255259239,99.73437173895752
clean,636,0.0016901637642661171,99.73606190272176
clean,637,0.001673262126629993,99.73773516484839
clean,638,0.0016565295053823093,99.73939169435374
clean,639,0.001639964210298217,99.74103165856404
clean,640,0.0016235645681916822,99.74265522313222
clean,641,0.0016073289225175813,99.74426255205474
clean,642,0.0015912556333006478,99.74585380768804
clean,643,0.0015753430769649412,99.74742915076497
clean,644,0.0015595896461917391,99.74898874041116
clean,645,0.0015439937497347955,99.7505327341609
clean,646,0.0015285538122356002,99.7520612879731
clean,647,0.0015132682741096914,99.75357455624722
clean,648,0.0014981355913619154,99.75507269183856
clean,649,0.001483154235458528,99.75655584607402
clean,650,0.0014683226931282434,99.75802416876712
clean,651,0.0014536394661632812,99.75947780823329
clean,652,0.0014391030715046327,99.76091691130478
clean,653,0.0014247120407873126,99.76234162334556
clean,654,0.001410464920397203,99.76375208826596
clean,655,0.0013963602711868361,99.76514844853712
clean,656,0.0013823966684611833,99.76653084520558
clean,657,0.0013685727018071248,99.76789941790736
clean,658,0.0013548869747523895,99.76925430488211
clean,659,0.0013413381050213502,99.77059564298713
clean,660,0.001327924723995011,99.7719235677111
clean,661,0.001314645476725218,99.77323821318782
clean,662,0.0013014990219630818,99.77453971220977
clean,663,0.0012884840317326507,99.77582819624149
clean,664,0.001275599191401966,99.7771037954329
clean,665,0.001262843199512531,99.7783666386324
clean,666,0.0012502147675235165,99.7796168533999
clean,667,0.001237712619840181,99.78085456601974
clean,668,0.0012253354936433425,99.78207990151338
clean,669,0.0012130821387188462,99.78329298365209
clean,670,0.0012009513173296682,99.78449393496942
clean,671,0.0011889418041590716,99.78568287677358
clean,672,0.0011770523861258653,99.78685992915968
clean,673,0.0011652818622565064,99.78802521102193
clean,674,0.001153629043628257,99.78917884006553
clean,675,0.0011420927531844427,99.79032093281872
clean,676,0.0011306718256491877,99.79145160464437
clean,677,0.0011193651073853061,99.79257096975175
clean,678,0.001108171456337459,99.79367914120807
clean,679,0.0010970897417621472,99.79477623094982
clean,680,0.0010861188443413994,99.79586234979416
clean,681,0.0010752576558985538,99.79693760745006
clean,682,0.0010645050793272048,99.79800211252939
clean,683,0.00105386002854857,99.79905597255792
clean,684,0.0010433214282556946,99.80009929398618
clean,685,0.0010328882139702955,99.80113218220015
clean,686,0.0010225593318580195,99.80215474153198
clean,687,0.0010123337385152809,99.8031670752705
clean,688,0.0010022104011397914,99.8041692856716
clean,689,0.000992188297118446,99.80516147396872
clean,690,0.0009822664141552195,99.80614374038286
clean,691,0.0009724437500153726,99.80711618413288
clean,692,0.0009627193125396616,99.80807890344539
clean,693,0.0009530921193885433,99.80903199556478
clean,694,0.0009435611981984948,99.80997555676295
clean,695,0.0009341255862125308,99.81090968234916
clean,696,0.000924784330365469,99.8118344666795
clean,697,0.0009155364870281346,99.81275000316653
clean,698,0.0009063811221494689,99.81365638428868
clean,699,0.0008973173109296795,99.8145537015996
clean,700,0.0008883441378202406,99.81544204573743
clean,701,0.0008794606964528384,99.81632150643388
clean,702,0.0008706660895114737,99.81719217252339
clean,703,0.0008619594286187748,99.818054131952
clean,704,0.0008533398343217868,99.8189074717863
clean,705,0.0008448064359640739,99.81975227822227
clean,706,0.0008363583716288758,99.82058863659388
clean,707,0.0008279947879117344,99.8214166313818
clean,708,0.0008197148400483911,99.82223634622181
clean,709,0.0008115176916021483,99.82304786391342
clean,710,0.0008034025147054535,99.82385126642812
clean,711,0.0007953684895483093,99.82464663491767
clean,712,0.0007874148046767004,99.82543404972233
clean,713,0.0007795406566089014,99.82621359037894
clean,714,0.0007717452500628497,99.82698533562899
clean,715,0.0007640277975582421,99.82774936342655
clean,716,0.0007563875195870651,99.82850575094612
clean,717,0.0007488236443862206,99.8292545745905
clean,718,0.0007413354079375267,99.82999590999843
clean,719,0.0007339220538682412,99.83072983205227
clean,720,0.0007265828332947422,99.83145641488557
clean,721,0.0007193170049930586,99.83217573189056
clean,722,0.0007121238349441228,99.83288785572547
clean,723,0.0007050025965753548,99.83359285832205
clean,724,0.000697952570632765,99.83429081089268
clean,725,0.0006909730449251583,99.83498178393761
clean,726,0.0006840633144662434,99.83566584725206
clean,727,0.0006772226813183124,99.83634306993338
clean,728,0.0006704504545211876,99.83701352038788
clean,729,0.0006637459499643228,99.83767726633783
clean,730,0.0006571084904720692,99.8383343748283
clean,731,0.0006505374055478796,99.83898491223385
clean,732,0.0006440320315164172,99.83962894426536
clean,733,0.0006375917111824947,99.84026653597653
clean,734,0.0006312157940584484,99.84089775177058
clean,735,0.0006249036361367644,99.84152265540672
clean,736,0.0006186545997763915,99.84214131000647
clean,737,0.000612468053759585,99.84275377806023
clean,738,0.0006063433732350632,99.84336012143346
clean,739,0.0006002799395048442,99.84396040137297
clean,740,0.0005942771401095115,99.84455467851308
clean,741,0.000588334368714527,99.84514301288179
clean,742,0.0005824510250249659,99.84572546390682
clean,743,0.0005766265147855165,99.84630209042159
clean,744,0.000570860249624161,99.8468729506712
clean,745,0.0005651516471232298,99.84743810231832
clean,746,0.000559500130663082,99.84799760244897
clean,747,0.0005539051293368402,99.8485515075783
clean,748,0.0005483660780498667,99.84909987365636
clean,749,0.0005428824172639679,99.8496427560736
clean,750,0.0005374535930968705,99.8501802096667
clean,751,0.0005320790571659018,99.85071228872387
clean,752,0.0005267582666164117,99.85123904699049
clean,753,0.0005214906839228206,99.85176053767441
clean,754,0.0005162757771017823,99.8522768134515
clean,755,0.0005111130193142799,99.8527879264708
clean,756,0.0005060018891072104,99.8532939283599
clean,757,0.0005009418702428547,99.85379487023015
clean,758,0.0004959324515425578,99.85429080268166
clean,759,0.0004909731270288376,99.85478177580869
clean,760,0.0004860633957406435,99.85526783920443
clean,761,0.00048120276180441124,99.85574904196623
clean,762,0.0004763907341924778,99.8562254327004
clean,763,0.0004716268268367685,99.85669705952724
clean,764,0.00046691055855774266,99.85716397008578
clean,765,0.0004622414529649177,99.85762621153874
clean,766,0.00045761903844265817,99.85808383057719
clean,767,0.00045304284805069983,99.85853687342524
clean,768,0.00044851241959520394,99.85898538584483
clean,769,0.00044402729538717267,99.85942941314022
clean,770,0.00043958702244140113,99.85986900016265
clean,771,0.00043519115222068194,99.86030419131487
clean,772,0.00043083924069264867,99.86073503055555
clean,773,0.00042653084828714327,99.86116156140383
clean,774,0.00042226553981095094,99.86158382694362
clean,775,0.0004180428843909567,99.862001869828
clean,776,0.00041386245557362145,99.86241573228358
clean,777,0.000409723831012343,99.86282545611459
clean,778,0.0004056265927090408,99.86323108270729
clean,779,0.00040157032675836035,99.86363265303403
clean,780,0.00039755462350399284,99.86403020765754
clean,781,0.00039357907728287955,99.86442378673479
clean,782,0.00038964328649626623,99.86481343002129
clean,783,0.00038574685365233563,99.86519917687491
clean,784,0.0003818893850962013,99.86558106626
clean,785,0.00037807049125149206,99.86595913675126
clean,786,0.00037428978633613497,99.86633342653757
clean,787,0.00037054688846183126,99.86670397342603
clean,788,0.00036684141957721295,99.8670708148456
clean,789,0.0003631730053825777,99.86743398785097
clean,790,0.0003595412753156779,99.86779352912629
clean,791,0.00035594586256593175,99.86814947498885
clean,792,0.00035238640396073606,99.86850186139282
clean,793,0.00034886253990862315,99.86885072393272
clean,794,0.00034537391454136923,99.86919609784724
clean,795,0.00034192017534451224,99.86953801802258
clean,796,0.0003385009736120992,99.8698765189962
clean,797,0.00033511596390667364,99.87021163496007
clean,798,0.00033176480422980603,99.8705433997643
clean,799,0.00032844715620683473,99.87087184692048
clean,800,0.0003251626846321187,99.87119700960511
clean,801,0.00032191105779588725,99.87151892066288
clean,802,0.0003186919472000227,99.87183761261008
clean,803,0.00031550502774280176,99.87215311763782
clean,804,0.0003123499774631,99.87246546761526
clean,805,0.00030922647768250044,99.87277469409294
clean,806,0.00030613421290581755,99.87308082830585
clean,807,0.00030307287079267553,99.87338390117662
clean,808,0.00030004214205803237,99.87368394331868
clean,809,0.0002970417206569209,99.87398098503934
clean,810,0.00029407130345759924,99.8742750563428
clean,811,0.00029113059042629175,99.87456618693322
clean,812,0.0002882192845135023,99.87485440621772
clean,813,0.0002853370916682252,99.87513974330938
clean,814,0.00028248372073846895,99.87542222703011
clean,815,0.0002796588835281,99.87570188591364
clean,816,0.0002768622947115773,99.87597874820835
clean,817,0.0002740936717771092,99.8762528418801
clean,818,0.00027135273502665314,99.87652419461513
clean,819,0.00026863920770381355,99.87679283382283
clean,820,0.0002659528156243596,99.87705878663844
clean,821,0.00026329328744623126,99.87732207992588
clean,822,0.00026066035457006365,99.87758274028045
clean,823,0.00025805375103971073,99.87784079403146
clean,824,0.0002554732135138238,99.87809626724497
clean,825,0.0002529184813795382,99.87834918572635
clean,826,0.00025038929656773234,99.87859957502292
clean,827,0.000247885403609871,99.87884746042653
clean,828,0.0002454065495811619,99.87909286697611
clean,829,0.00024295248408634507,99.8793358194602
clean,830,0.00024052295924548162,99.87957634241941
clean,831,0.0002381177296228998,99.87981446014903
clean,832,0.0002357365523266708,99.88005019670136
clean,833,0.0002333791868238677,99.88028357588819
clean,834,0.00023104539495477638,99.88051462128313
clean,835,0.0002287349409897388,99.88074335622412
clean,836,0.00022644759160073136,99.88096980381572
clean,837,0.0002241831156908347,99.88119398693141
clean,838,0.0002219412845363422,99.88141592821592
clean,839,0.00021972187168728397,99.8816356500876
clean,840,0.00021752465296742685,99.88185317474056
clean,841,0.0002153494064316419,99.88206852414699
clean,842,0.0002131959123659044,99.88228172005934
clean,843,0.0002110639532446612,99.88249278401258
clean,844,0.00020895331371661996,99.88270173732629
clean,845,0.00020686378059053823,99.88290860110686
clean,846,0.00020479514274995836,99.88311339624961
clean,847,0.0002027471913379486,99.88331614344095
clean,848,0.00020071971943025346,99.88351686316037
clean,849,0.00019871252224845648,99.88371557568261
clean,850,0.00019672539701787173,99.88391230107963
clean,851,0.00019475814305280892,99.88410705922267
clean,852,0.00019281056161446486,99.88429986978429
clean,853,0.00019088245601039944,99.8844907522403
clean,854,0.00018897363145242707,99.88467972587175
clean,855,0.00018708389512767098,99.88486680976685
clean,856,0.0001852130561701415,99.88505202282302
clean,857,0.00018336092561810347,99.88523538374864
clean,858,0.00018152731635723285,99.88541691106498
clean,859,0.00017971204317746015,99.88559662310816
clean,860,0.00017791492277297039,99.88577453803093
clean,861,0.00017613577354325116,99.88595067380447
clean,862,0.0001743744157920446,99.88612504822026
clean,863,0.00017263067164208223,99.88629767889188
clean,864,0.0001709043649071873,99.88646858325679
clean,865,0.000169195321262805,99.88663777857805
clean,866,0.00016750336806126143,99.88680528194611
clean,867,0.0001658283343886069,99.8869711102805
clean,868,0.00016417005105040516,99.88713528033152
clean,869,0.00016252835051489,99.88729780868204
clean,870,0.00016090306701244117,99.88745871174905
clean,871,0.00015929403633663242,99.88761800578538
clean,872,0.00015770109598634008,99.88777570688137
clean,873,0.00015612408503784536,99.88793183096641
clean,874,0.0001545628441874669,99.88808639381057
clean,875,0.0001530172157231391,99.88823941102629
clean,876,0.00015148704356704457,99.88839089806986
clean,877,0.00014997217313350575,99.88854087024299
clean,878,0.00014847245141424992,99.88868934269438
clean,879,0.0001469877268931441,99.88883633042127
clean,880,0.00014551784960303848,99.88898184827087
clean,881,0.00014406267113997728,99.88912591094201
clean,882,0.00014262204440740334,99.88926853298642
clean,883,0.0001411958239714295,99.88940972881039
clean,884,0.00013978386573398893,99.88954951267613
clean,885,0.0001383860270891546,99.88968789870319
clean,886,0.00013700216679524146,99.88982490086998
clean,887,0.00013563214513112598,99.8899605330151
clean,888,0.00013427582368308322,99.89009480883878
clean,889,0.00013293306544426287,99.89022774190421
clean,890,0.00013160373480047838,99.89035934563901
clean,891,0.0001302876974591527,99.89048963333646
clean,892,0.0001289848204635291,99.89061861815692
clean,893,0.0001276949722637255,99.89074631312917
clean,894,0.00012641802254620416,99.89087273115172
clean,895,0.00012515384233324767,99.89099788499402
clean,896,0.000123902303883483,99.8911217872979
clean,897,0.00012266328084820088,99.89124445057875
clean,898,0.00012143664805819299,99.89136588722681
clean,899,0.00012022228156638448,99.89148610950838
clean,900,0.00011902005876152089,99.89160512956714
clean,901,0.00011782985818342695,99.89172295942531
clean,902,0.00011665155959406093,99.8918396109849
clean,903,0.00011548504400593629,99.8919550960289
clean,904,0.00011433019355422402,99.89206942622245
clean,905,0.00011318689162465034,99.89218261311407
clean,906,0.00011205502271138812,99.89229466813678
clean,907,0.00011093447248811117,99.89240560260924
clean,908,0.00010982512775115083,99.892515427737
clean,909,0.00010872687647633938,99.89262415461344
clean,910,0.00010763960771953407,99.89273179422116
clean,911,0.00010656321163082794,99.89283835743277
clean,912,0.00010549757951139327,99.89294385501228
clean,913,0.00010444260372821645,99.89304829761598
clean,914,0.00010339817765725456,99.89315169579363
clean,915,0.00010236419591080903,99.89325405998954
clean,916,0.00010134055395383257,99.89335540054348
clean,917,0.00010032714840235712,99.89345572769189
clean,918,9.932387690980704e-05,99.8935550515688
clean,919,9.833063816699905e-05,99.89365338220694
clean,920,9.734733176003374e-05,99.8937507295387
clean,921,9.637385844030177e-05,99.89384710339714
clean,922,9.541011986868853e-05,99.893942513517
clean,923,9.445601867241749e-05,99.89403696953566
clean,924,9.351145847347198e-05,99.89413048099414
clean,925,9.257634391701686e-05,99.89422305733802
clean,926,9.165058044402485e-05,99.89431470791847
clean,927,9.073407464654792e-05,99.89440544199311
clean,928,8.982673388402418e-05,99.894495268727
clean,929,8.892846658170583e-05,99.89458419719358
clean,930,8.80391819180204e-05,99.89467223637548
clean,931,8.715879009457694e-05,99.89475939516558
clean,932,8.628720217984664e-05,99.89484568236776
clean,933,8.542433016600626e-05,99.89493110669791
clean,934,8.45700868694621e-05,99.89501567678478
clean,935,8.372438600190435e-05,99.89509940117075
clean,936,8.28871421134636e-05,99.89518228831287
clean,937,8.205827070639771e-05,99.89526434658357
clean,938,8.123768800771813e-05,99.89534558427158
clean,939,8.042531112550932e-05,99.8954260095827
clean,940,7.962105802050701e-05,99.8955056306407
clean,941,7.882484742083307e-05,99.89558445548812
clean,942,7.803659897831494e-05,99.89566249208707
clean,943,7.725623298426854e-05,99.89573974832005
clean,944,7.648367063950445e-05,99.8958162319907
clean,945,7.571883394064116e-05,99.8958919508246
clean,946,7.496164559483987e-05,99.8959669124702
clean,947,7.421202913349134e-05,99.89604112449933
clean,948,7.346990886958338e-05,99.89611459440817
clean,949,7.273520975559222e-05,99.89618732961793
clean,950,7.200785763927797e-05,99.89625933747557
clean,951,7.12877790647326e-05,99.89633062525463
clean,952,7.057490128659083e-05,99.89640120015592
clean,953,6.98691522700301e-05,99.89647106930818
clean,954,6.917046073340316e-05,99.89654023976891
clean,955,6.847875613402721e-05,99.89660871852504
clean,956,6.779396858291875e-05,99.89667651249363
clean,957,6.711602893005875e-05,99.89674362852253
clean,958,6.644486860807319e-05,99.89681007339114
clean,959,6.578041993066108e-05,99.89687585381107
clean,960,6.512261573732303e-05,99.89694097642678
clean,961,6.447138957810239e-05,99.89700544781635
clean,962,6.382667569937439e-05,99.89706927449203
clean,963,6.318840893015931e-05,99.89713246290096
clean,964,6.255652483844187e-05,99.8971950194258
clean,965,6.19309595890627e-05,99.89725695038537
clean,966,6.131164998635086e-05,99.89731826203536
clean,967,6.069853348833476e-05,99.89737896056882
clean,968,6.00915481498987e-05,99.89743905211697
clean,969,5.949063267962629e-05,99.89749854274964
clean,970,5.889572636874618e-05,99.89755743847599
clean,971,5.830676906271037e-05,99.89761574524505
clean,972,5.772370138856786e-05,99.89767346894644
clean,973,5.7146464399693286e-05,99.89773061541081
clean,974,5.657499974631719e-05,99.89778719041055
clean,975,5.600924974658028e-05,99.89784319966027
clean,976,5.544915723021404e-05,99.8978986488175
clean,977,5.489466565222756e-05,99.89795354348314
clean,978,5.4345718993431547e-05,99.89800788920213
clean,979,5.380226181728176e-05,99.89806169146395
clean,980,5.3264239198824725e-05,99.89811495570314
clean,981,5.273159679575201e-05,99.89816768729993
clean,982,5.2204280834189376e-05,99.89821989158077
clean,983,5.168223803764249e-05,99.8982715738188
clean,984,5.1165415655418656e-05,99.89832273923446
clean,985,5.06537614910485e-05,99.89837339299595
clean,986,5.014722387386428e-05,99.89842354021982
clean,987,4.964575165899987e-05,99.89847318597145
clean,988,4.9149294113703945e-05,99.89852233526557
clean,989,4.8657801187346195e-05,99.89857099306676
clean,990,4.8171223170356825e-05,99.89861916428993
clean,991,4.768951095002194e-05,99.89866685380086
clean,992,4.721261582574243e-05,99.89871406641669
clean,993,4.674048966535338e-05,99.89876080690635
clean,994,4.6273084791437213e-05,99.89880707999112
clean,995,4.5810353924480296e-05,99.89885289034504
clean,996,4.535225038182489e-05,99.89889824259542
clean,997,4.489872787871718e-05,99.8989431413233
clean,998,4.4449740599361576e-05,99.89898759106389
clean,999,4.400524321113153e-05,99.8990315963071
clean,1000,4.356519077930443e-05,99.89907516149788
clean,1001,4.312953886653759e-05,99.89911829103671
clean,1002,4.2698243461813945e-05,99.89916098928018
clean,1003,4.227126105149637e-05,99.89920326054123
clean,1004,4.184854843458652e-05,99.89924510908963
clean,1005,4.143006293588769e-05,99.89928653915257
clean,1006,4.101576229231796e-05,99.89932755491486
clean,1007,4.06056046813319e-05,99.89936816051954
clean,1008,4.01995486498663e-05,99.8994083600682
clean,1009,3.9797553156972754e-05,99.89944815762135
clean,1010,3.939957763066104e-05,99.89948755719895
clean,1011,3.900558185421232e-05,99.8995265627808
clean,1012,3.861552602302254e-05,99.89956517830683
clean,1013,3.822937077302413e-05,99.89960340767759
clean,1014,3.7847077052788336e-05,99.89964125475463
clean,1015,3.746860629405546e-05,99.89967872336092
clean,1016,3.7093920241204614e-05,99.89971581728116
clean,1017,3.672298103651883e-05,99.89975254026217
clean,1018,3.635575120597423e-05,99.89978889601338
clean,1019,3.5992193701872566e-05,99.89982488820708
clean,1020,3.563227176073269e-05,99.89986052047884
clean,1021,3.52759490453991e-05,99.89989579642788
clean,1022,3.49231895597768e-05,99.89993071961744
clean,1023,3.4573957663042165e-05,99.89996529357511
clean,1024,3.422821808385379e-05,99.89999952179319
clean,1025,3.388593590614164e-05,99.9000334077291
clean,1026,3.3547076554896194e-05,99.90006695480565
clean,1027,3.321160579616844e-05,99.90010016641145
clean,1028,3.287948973706989e-05,99.90013304590116
clean,1029,3.255069482577255e-05,99.90016559659598
clean,1030,3.222518789414153e-05,99.90019782178388
clean,1031,3.190293601562644e-05,99.90022972471986
clean,1032,3.158390663315913e-05,99.9002613086265
clean,1033,3.126806757336453e-05,99.90029257669407
clean,1034,3.095538689024124e-05,99.90032353208096
clean,1035,3.064583302148094e-05,99.90035417791398
clean,1036,3.0339374688992393e-05,99.90038451728867
clean,1037,3.003598095574489e-05,99.90041455326961
clean,1038,2.97356211405031e-05,99.90044428889075
clean,1039,2.9438264945724768e-05,99.90047372715567
clean,1040,2.9143882258608755e-05,99.90050287103793
clean,1041,2.885244344952298e-05,99.90053172348138
clean,1042,2.8563919030943907e-05,99.90056028740041
clean,1043,2.8278279842197662e-05,99.90058856568025
clean,1044,2.7995497063670882e-05,99.90061656117729
clean,1045,2.7715542060491316e-05,99.90064427671935
clean,1046,2.7438386652534064e-05,99.900671715106
clean,1047,2.7164002787571917e-05,99.90069887910879
clean,1048,2.689236275443818e-05,99.90072577147153
clean,1049,2.6623439111972402e-05,99.90075239491064
clean,1050,2.6357204745863783e-05,99.90077875211539
clean,1051,2.6093632698120928e-05,99.90080484574806
clean,1052,2.58326963376021e-05,99.9008306784444
clean,1053,2.557436937422608e-05,99.90085625281377
clean,1054,2.5318625702652753e-05,99.90088157143947
clean,1055,2.5065439444915683e-05,99.90090663687891
clean,1056,2.4814785035687237e-05,99.90093145166395
clean,1057,2.4566637193856877e-05,99.90095601830114
clean,1058,2.432097083726603e-05,99.90098033927195
clean,1059,2.4077761096918948e-05,99.90100441703305
clean,1060,2.3836983515934662e-05,99.90102825401657
clean,1061,2.3598613680064773e-05,99.90105185263023
clean,1062,2.3362627530332247e-05,99.90107521525776
clean,1063,2.3129001263555438e-05,99.90109834425903
clean,1064,2.2897711261293807e-05,99.90112124197026
clean,1065,2.266873411826964e-05,99.90114391070438
clean,1066,2.2442046770265733e-05,99.90116635275115
clean,1067,2.2217626337805996e-05,99.90118857037749
clean,1068,2.1995450069312028e-05,99.90121056582753
clean,1069,2.177549554005509e-05,99.90123234132307
clean,1070,2.155774059531268e-05,99.90125389906366
clean,1071,2.1342163194049135e-05,99.90127524122686
clean,1072,2.1128741565235032e-05,99.90129636996842
clean,1073,2.0917454151003767e-05,99.90131728742256
clean,1074,2.0708279592440704e-05,99.90133799570215
clean,1075,2.0501196829059154e-05,99.90135849689898
clean,1076,2.029618485721585e-05,99.90137879308384
clean,1077,2.0093223014328032e-05,99.90139888630684
clean,1078,1.989229076571064e-05,99.9014187785976
clean,1079,1.969336787510656e-05,99.90143847196548
clean,1080,1.949643417731295e-05,99.90145796839965
clean,1081,1.930146984818748e-05,99.90147726986947
clean,1082,1.9108455148852954e-05,99.90149637832462
clean,1083,1.8917370596227556e-05,99.9015152956952
clean,1084,1.8728196891970583e-05,99.9015340238921
clean,1085,1.8540914922482443e-05,99.901552564807
clean,1086,1.8355505758904656e-05,99.90157092031275
clean,1087,1.8171950699752415e-05,99.90158909226345
clean,1088,1.7990231214071173e-05,99.90160708249465
clean,1089,1.7810328870382364e-05,99.90162489282352
clean,1090,1.763222559247879e-05,99.90164252504911
clean,1091,1.7455903332574962e-05,99.90165998095245
clean,1092,1.728134429868078e-05,99.90167726229674
clean,1093,1.710853086933639e-05,99.90169437082761
clean,1094,1.69374455651905e-05,99.90171130827316
clean,1095,1.676807112005463e-05,99.90172807634428
clean,1096,1.6600390409848842e-05,99.90174467673467
clean,1097,1.643438649523432e-05,99.90176111112116
clean,1098,1.627004263582421e-05,99.90177738116377
clean,1099,1.6107342204918496e-05,99.90179348850597
clean,1100,1.5946268803190833e-05,99.90180943477475
clean,1101,1.57868060881583e-05,99.90182522158084
clean,1102,1.562893802997678e-05,99.90184085051885
clean,1103,1.5472648627223862e-05,99.90185632316748
clean,1104,1.5317922176905086e-05,99.90187164108966
clean,1105,1.5164742961815136e-05,99.90188680583259
clean,1106,1.5013095492122375e-05,99.90190181892808
clean,1107,1.4862964533790546e-05,99.90191668189262
clean,1108,1.4714334923837669e-05,99.90193139622754
clean,1109,1.4567191570336036e-05,99.9019459634191
clean,1110,1.4421519637153324e-05,99.90196038493873
clean,1111,1.4277304444476613e-05,99.90197466224318
clean,1112,1.413453139775811e-05,99.90198879677457
clean,1113,1.3993186087191134e-05,99.90200278996065
clean,1114,1.3853254245077551e-05,99.90201664321489
clean,1115,1.371472170319521e-05,99.90203035793657
clean,1116,1.3577574463852216e-05,99.90204393551103
clean,1117,1.344179872830864e-05,99.90205737730976
clean,1118,1.3307380754667975e-05,99.9020706846905
clean,1119,1.3174306914720546e-05,99.90208385899741
clean,1120,1.3042563864473777e-05,99.90209690156128
clean,1121,1.2912138231513381e-05,99.9021098136995
clean,1122,1.2783016828166183e-05,99.90212259671632
clean,1123,1.2655186651500117e-05,99.90213525190298
clean,1124,1.2528634783848247e-05,99.90214778053776
clean,1125,1.2403348449652185e-05,99.90216018388621
clean,1126,1.2279314972829525e-05,99.90217246320117
clean,1127,1.2156521805195553e-05,99.90218461972297
clean,1128,1.2034956597517521e-05,99.90219665467957
clean,1129,1.1914607057406101e-05,99.90220856928663
clean,1130,1.1795460977737093e-05,99.9022203647476
clean,1131,1.1677506378759972e-05,99.90223204225397
clean,1132,1.1560731309145922e-05,99.90224360298527
clean,1133,1.144512397388553e-05,99.90225504810924
clean,1134,1.1330672734288783e-05,99.90226637878197
clean,1135,1.1217366022719943e-05,99.902277596148
clean,1136,1.1105192356808402e-05,99.90228870134035
clean,1137,1.099414043892466e-05,99.90229969548079
clean,1138,1.0884199042493492e-05,99.9023105796798
clean,1139,1.0775357054626511e-05,99.90232135503686
clean,1140,1.0667603476122167e-05,99.90233202264032
clean,1141,1.0560927449887458e-05,99.90234258356776
clean,1142,1.0455318161461946e-05,99.90235303888592
clean,1143,1.0350764995337158e-05,99.90236338965092
clean,1144,1.0247257321793768e-05,99.90237363690824
clean,1145,1.0144784766907833e-05,99.90238378169299
clean,1146,1.0043336899911992e-05,99.90239382502989
clean,1147,9.94290354583427e-06,99.90240376793342
clean,1148,9.84347450128098e-06,99.90241361140791
clean,1149,9.745039776021258e-06,99.90242335644768
clean,1150,9.647589365613385e-06,99.90243300403704
clean,1151,9.551113478778461e-06,99.90244255515051
clean,1152,9.455602338448443e-06,99.90245201075284
clean,1153,9.361046309663834e-06,99.90246137179913
clean,1154,9.267435842730265e-06,99.90247063923498
clean,1155,9.174761501640205e-06,99.90247981399648
clean,1156,9.083013878807833e-06,99.90248889701036
clean,1157,8.992183751388438e-06,99.9024978891941
clean,1158,8.902261896537311e-06,99.90250679145599
clean,1159,8.813239290361707e-06,99.90251560469528
clean,1160,8.725106894758028e-06,99.90252432980215
clean,1161,8.637855827942076e-06,99.90253296765798
clean,1162,8.551477264973073e-06,99.90254151913523
clean,1163,8.465962494597079e-06,99.90254998509772
clean,1164,8.381302876614427e-06,99.90255836640058
clean,1165,8.297489827668869e-06,99.90256666389041
clean,1166,8.214514963356123e-06,99.90257487840535
clean,1167,8.13236978558507e-06,99.90258301077513
clean,1168,8.051046094692538e-06,99.90259106182123
clean,1169,7.970535634171938e-06,99.90259903235683
clean,1170,7.890830261203519e-06,99.9026069231871
clean,1171,7.811921975076075e-06,99.90261473510907
clean,1172,7.733802760867547e-06,99.90262246891182
clean,1173,7.65646473155357e-06,99.90263012537655
clean,1174,7.579900099585757e-06,99.90263770527662
clean,1175,7.504101063204871e-06,99.90264520937768
clean,1176,7.429060076447058e-06,99.90265263843776
clean,1177,7.354769465450772e-06,99.90265999320722
clean,1178,7.281221769517288e-06,99.90266727442899
clean,1179,7.208409556369588e-06,99.90267448283855
clean,1180,7.136325464784932e-06,99.90268161916401
clean,1181,7.064962204594849e-06,99.9026886841262
clean,1182,6.994312570896e-06,99.90269567843877
clean,1183,6.924369444050171e-06,99.90270260280822
clean,1184,6.855125747051716e-06,99.90270945793395
clean,1185,6.786574488160113e-06,99.90271624450844
clean,1186,6.718708746689117e-06,99.90272296321719
clean,1187,6.651521673006755e-06,99.90272961473886
clean,1188,6.585006460113618e-06,99.90273619974532
clean,1189,6.519156400486281e-06,99.9027427189017
clean,1190,6.4539648292338825e-06,99.90274917286654
clean,1191,6.389425195152398e-06,99.9027555622917
clean,1192,6.3255309328269504e-06,99.90276188782263
clean,1193,6.2622756189512074e-06,99.90276815009823
clean,1194,6.199652872851402e-06,99.9027743497511
clean,1195,6.137656328064622e-06,99.90278048740743
clean,1196,6.076279760236503e-06,99.90278656368719
clean,1197,6.015516973434387e-06,99.90279257920413
clean,1198,5.95536180014733e-06,99.90279853456593
clean,1199,5.895808186551221e-06,99.90280443037409
clean,1200,5.836850093032808e-06,99.90281026722418
clean,1201,5.778481593665674e-06,99.90281604570578
clean,1202,5.720696776734258e-06,99.90282176640255
clean,1203,5.663489815788125e-06,99.90282742989234
clean,1204,5.606854912798553e-06,99.90283303674725
clean,1205,5.550786369212801e-06,99.90283858753361
clean,1206,5.495278500688983e-06,99.90284408281211
clean,1207,5.44032570815034e-06,99.90284952313782
clean,1208,5.3859224635743885e-06,99.90285490906028
clean,1209,5.332063253149499e-06,99.9028602411235
clean,1210,5.278742605696607e-06,99.90286551986611
clean,1211,5.225955177934338e-06,99.90287074582129
clean,1212,5.1736956265813205e-06,99.90287591951692
clean,1213,5.121958679410454e-06,99.9028810414756
clean,1214,5.070739078405495e-06,99.90288611221467
clean,1215,5.020031707658745e-06,99.90289113224635
clean,1216,4.969831365997379e-06,99.90289610207772
clean,1217,4.920133051200537e-06,99.90290102221077
clean,1218,4.870931746836504e-06,99.90290589314252
clean,1219,4.822222422262712e-06,99.90291071536494
clean,1220,4.7740002031559925e-06,99.90291548936511
clean,1221,4.726260200982324e-06,99.90292021562531
clean,1222,4.678997598261958e-06,99.9029248946229
clean,1223,4.6322076059368555e-06,99.9029295268305
clean,1224,4.5858855344249605e-06,99.90293411271603
clean,1225,4.540026679933362e-06,99.9029386527427
clean,1226,4.494626409723423e-06,99.90294314736911
clean,1227,4.449680176321635e-06,99.90294759704926
clean,1228,4.405183346989361e-06,99.90295200223261
clean,1229,4.361131516361638e-06,99.90295636336411
clean,1230,4.317520193808377e-06,99.9029606808843
clean,1231,4.274344988175471e-06,99.90296495522928
clean,1232,4.231601536730523e-06,99.90296918683082
clean,1233,4.1892855335845525e-06,99.90297337611634
clean,1234,4.147392687059437e-06,99.90297752350902
clean,1235,4.105918762320471e-06,99.90298162942777
clean,1236,4.064859552954658e-06,99.90298569428732
clean,1237,4.024210966235842e-06,99.90298971849829
clean,1238,3.983968852594444e-06,99.90299370246714
clean,1239,3.944129161936871e-06,99.9029976465963
clean,1240,3.904687886802094e-06,99.90300155128416
clean,1241,3.865640991307373e-06,99.90300541692515
clean,1242,3.826984581678516e-06,99.90300924390972
clean,1243,3.7887147499304774e-06,99.90301303262447
clean,1244,3.750827602289064e-06,99.90301678345206
clean,1245,3.7133193302452128e-06,99.90302049677138
clean,1246,3.6761861252898598e-06,99.9030241729575
clean,1247,3.6394242641790697e-06,99.90302781238177
clean,1248,3.6030300236689072e-06,99.90303141541176
clean,1249,3.566999723148001e-06,99.90303498241148
clean,1250,3.531329724637544e-06,99.9030385137412
clean,1251,3.4960164185804388e-06,99.90304200975761
clean,1252,3.461056252263006e-06,99.90304547081386
clean,1253,3.4264457156041317e-06,99.90304889725957
clean,1254,3.3921812558901365e-06,99.90305228944082
clean,1255,3.3582594340941796e-06,99.90305564770024
clean,1256,3.3246768396111293e-06,99.90305897237708
clean,1257,3.2914300760467086e-06,99.90306226380714
clean,1258,3.2585157612174953e-06,99.90306552232289
clean,1259,3.2259305982051956e-06,99.90306874825349
clean,1260,3.193671318513225e-06,99.9030719419248
clean,1261,3.161734582590725e-06,99.90307510365938
clean,1262,3.130117249838804e-06,99.90307823377661
clean,1263,3.0988160659717323e-06,99.90308133259266
clean,1264,3.067827918812327e-06,99.90308440042058
clean,1265,3.037149625129132e-06,99.9030874375702
clean,1266,3.006778143799238e-06,99.90309044434832
clean,1267,2.9767103342237533e-06,99.90309342105866
clean,1268,2.9469432547557517e-06,99.90309636800191
clean,1269,2.9174738358506147e-06,99.90309928547572
clean,1270,2.8882990790179974e-06,99.9031021737748
clean,1271,2.8594160994543927e-06,99.9031050331909
clean,1272,2.8308219413020197e-06,99.90310786401282
clean,1273,2.8025137055465166e-06,99.90311066652653
clean,1274,2.774488564227795e-06,99.90311344101508
clean,1275,2.7467436893857666e-06,99.90311618775877
clean,1276,2.719276267271198e-06,99.90311890703504
clean,1277,2.69208349834571e-06,99.9031215991185
clean,1278,2.665162668336052e-06,99.90312426428117
clean,1279,2.638511034547264e-06,99.90312690279218
clean,1280,2.6121258969169503e-06,99.90312951491808
clean,1281,2.586004654858698e-06,99.90313210092273
clean,1282,2.560144608310111e-06,99.90313466106734
clean,1283,2.5345431566847765e-06,99.9031371956105
clean,1284,2.509197742028846e-06,99.90313970480823
clean,1285,2.484105763755906e-06,99.90314218891399
clean,1286,2.459264692333818e-06,99.90314464817868
clean,1287,2.434672055073861e-06,99.90314708285071
clean,1288,2.410325322443896e-06,99.90314949317603
clean,1289,2.386222078598621e-06,99.9031518793981
clean,1290,2.362359850849316e-06,99.90315424175795
clean,1291,2.3387362659832434e-06,99.90315658049421
clean,1292,2.3153489081551015e-06,99.9031588958431
clean,1293,2.292195404152153e-06,99.90316118803851
clean,1294,2.269273451815934e-06,99.90316345731196
clean,1295,2.2465807205662713e-06,99.90316570389268
clean,1296,2.2241149224555556e-06,99.90316792800759
clean,1297,2.201873755325323e-06,99.90317012988135
clean,1298,2.1798550449148024e-06,99.90317230973636
clean,1299,2.158056474854675e-06,99.90317446779284
clean,1300,2.1364759135167333e-06,99.90317660426872
clean,1301,2.115111144007642e-06,99.90317871937987
clean,1302,2.0939600489100485e-06,99.90318081333992
clean,1303,2.0730204397523266e-06,99.90318288636036
clean,1304,2.052290241749688e-06,99.90318493865057
clean,1305,2.0317673232739253e-06,99.90318697041789
clean,1306,2.011449666383669e-06,99.90318898186756
clean,1307,1.991335167872421e-06,99.90319097320271
clean,1308,1.971421824009667e-06,99.90319294462454
clean,1309,1.9517076026431823e-06,99.90319489633214
clean,1310,1.9321905426750163e-06,99.90319682852265
clean,1311,1.91286859774209e-06,99.90319874139125
clean,1312,1.8937399062224358e-06,99.90320063513116
clean,1313,1.8748025212289576e-06,99.90320250993368
clean,1314,1.8560544958745595e-06,99.90320436598817
clean,1315,1.837493954326419e-06,99.90320620348211
clean,1316,1.8191190065408591e-06,99.90320802260112
clean,1317,1.8009278335284762e-06,99.90320982352894
clean,1318,1.7829185452455931e-06,99.90321160644748
clean,1319,1.7650893795462252e-06,99.90321337153686
clean,1320,1.7474384748084049e-06,99.90321511897533
clean,1321,1.729964083097002e-06,99.90321684893941
clean,1322,1.712664442266032e-06,99.90321856160385
clean,1323,1.6955378043803648e-06,99.90322025714164
clean,1324,1.6785824215048706e-06,99.90322193572406
clean,1325,1.6617965883369834e-06,99.90322359752065
clean,1326,1.6451786422067016e-06,99.90322524269929
clean,1327,1.62872684938975e-06,99.90322687142611
clean,1328,1.6124395756378362e-06,99.90322848386569
clean,1329,1.5963151867026681e-06,99.90323008018088
clean,1330,1.5803520341250987e-06,99.90323166053288
clean,1331,1.5645485262893999e-06,99.90323322508141
clean,1332,1.5489030147364247e-06,99.90323477398442
clean,1333,1.533414007326428e-06,99.9032363073984
clean,1334,1.5180798556002628e-06,99.90323782547826
clean,1335,1.5028990674181841e-06,99.90323932837731
clean,1336,1.4878700653753185e-06,99.90324081624738
clean,1337,1.4729913573319209e-06,99.90324228923873
clean,1338,1.4582614653591008e-06,99.90324374750018
clean,1339,1.4436788262628397e-06,99.90324519117901
clean,1340,1.4292420473793754e-06,99.90324662042106
clean,1341,1.4149496223581082e-06,99.90324803537067
clean,1342,1.4008001443244211e-06,99.90324943617081
clean,1343,1.386792135349424e-06,99.90325082296295
clean,1344,1.3729242027693545e-06,99.90325219588715
clean,1345,1.35919498234216e-06,99.90325355508212
clean,1346,1.3456030103498051e-06,99.90325490068513
clean,1347,1.3321469793936558e-06,99.9032562328321
clean,1348,1.3188255252316594e-06,99.90325755165763
clean,1349,1.3056372694109086e-06,99.90325885729487
clean,1350,1.2925808761110602e-06,99.90326014987575
clean,1351,1.2796550663551898e-06,99.90326142953082
clean,1352,1.2668585185338088e-06,99.90326269638933
clean,1353,1.2541899394591383e-06,99.90326395057927
clean,1354,1.241648035943399e-06,99.90326519222731
clean,1355,1.2292315716422308e-06,99.90326642145885
clean,1356,1.2169392249461453e-06,99.90326763839808
clean,1357,1.204769858986765e-06,99.90326884316794
clean,1358,1.1927221521546016e-06,99.90327003589009
clean,1359,1.1807949533704232e-06,99.90327121668503
clean,1360,1.1689869694464505e-06,99.903272385672
clean,1361,1.1572971061468706e-06,99.9032735429691
clean,1362,1.1457241271273233e-06,99.90327468869323
clean,1363,1.1342668813085766e-06,99.90327582296011
clean,1364,1.1229242318222532e-06,99.90327694588434
clean,1365,1.1116949849565572e-06,99.90327805757931
clean,1366,1.10057806068653e-06,99.90327915815737
clean,1367,1.0895722653003759e-06,99.90328024772964
clean,1368,1.0786765471948456e-06,99.90328132640616
clean,1369,1.0678897552907074e-06,99.90328239429591
clean,1370,1.0572108948281311e-06,99.90328345150681
clean,1371,1.0466387720953207e-06,99.90328449814558
clean,1372,1.0361723923324462e-06,99.90328553431796
clean,1373,1.0258106613036944e-06,99.90328656012862
clean,1374,1.0155525558275258e-06,99.90328757568118
clean,1375,1.0053970385115463e-06,99.90328858107819
clean,1376,9.953430435416522e-07,99.90328957642123
stealthy_poison,1,1.0170219365969335,1.0170219365969335
stealthy_poison,2,1.0068517172309641,1.9884632155233135
stealthy_poison,3,0.9817949991851773,2.9672305304149993
stealthy_poison,4,0.9693615758496832,3.936592106264682
stealthy_poison,5,0.9596679600911862,4.896260066355868
stealthy_poison,6,0.950071280490274,5.846331346846142
stealthy_poison,7,0.9405705676853717,6.786901914531513
stealthy_poison,8,0.9311648620085169,7.71806677654003
stealthy_poison,9,0.9218532133884336,8.639919989928464
stealthy_poison,10,0.9126346812545503,9.552554671183012
stealthy_poison,11,0.9035083344420034,10.456063005625014
stealthy_poison,12,0.8944732510975832,11.350536256722597
stealthy_poison,13,0.8855285185866073,12.236064775309204
stealthy_poison,14,0.8766732334007408,13.112738008709945
stealthy_poison,15,0.8679065010667344,13.98064450977668
stealthy_poison,16,0.8592274360560666,14.839871945832746
stealthy_poison,17,0.8506351616955072,15.690507107528253
stealthy_poison,18,0.8421288100785524,16.5326359176068
stealthy_poison,19,0.8337075219777681,17.36634343958457
stealthy_poison,20,0.8253704467579936,18.191713886342555
stealthy_poison,21,0.8171167422904091,19.008830628632964
stealthy_poison,22,0.8089455748675078,19.81777620350047
stealthy_poison,23,0.8008561191188264,20.618632322619295
stealthy_poison,24,0.7928475579276402,21.411479880546935
stealthy_poison,25,0.7849190823483667,22.196398962895298
stealthy_poison,26,0.7770698915248815,22.973468854420176
stealthy_poison,27,0.7692991926096333,23.74276804702981
stealthy_poison,28,0.7616062006835378,24.504374247713347
stealthy_poison,29,0.7539901386766985,25.258364386390046
stealthy_poison,30,0.7464502372899346,26.00481462367998
stealthy_poison,31,0.7389857349170299,26.74380035859701
stealthy_poison,32,0.7315958775678624,27.475396236164872
stealthy_poison,33,0.7242799187921847,28.199676154957057
stealthy_poison,34,0.7170371196042673,28.91671327456132
stealthy_poison,35,0.7098667484082171,29.626580022969538
stealthy_poison,36,0.702768080924141,30.32934810389368
stealthy_poison,37,0.6957404001149001,31.025088504008576
stealthy_poison,38,0.6887829961137477,31.713871500122323
stealthy_poison,39,0.6818951661526143,32.39576666627493
stealthy_poison,40,0.6750762144910851,33.070842880766016
stealthy_poison,41,0.668325452346167,33.73916833311218
stealthy_poison,42,0.6616421978227152,34.4008105309349
stealthy_poison,43,0.6550257758444786,35.055836306779376
stealthy_poison,44,0.6484755180860304,35.70431182486541
stealthy_poison,45,0.6419907629051806,36.34630258777059
stealthy_poison,46,0.6355708552761286,36.981873443046716
stealthy_poison,47,0.629215146723368,37.611088589770084
stealthy_poison,48,0.6229229952561326,38.23401158502622
stealthy_poison,49,0.616693765303566,38.85070535032978
stealthy_poison,50,0.6105268276505313,39.461232177980314
stealthy_poison,51,0.6044215593740319,40.065653737354346
stealthy_poison,52,0.5983773437802853,40.66403108113463
stealthy_poison,53,0.5923935703424803,41.25642465147711
stealthy_poison,54,0.5864696346390588,41.84289428611617
stealthy_poison,55,0.5806049382926659,42.423499224408836
stealthy_poison,56,0.5747988889097471,42.99829811331858
stealthy_poison,57,0.5690509000206561,43.56734901333923
stealthy_poison,58,0.5633603910204386,44.13070940435967
stealthy_poison,59,0.5577267871102407,44.68843619146991
stealthy_poison,60,0.552149519239137,45.24058571070905
stealthy_poison,61,0.5466280240467469,45.787213734755795
stealthy_poison,62,0.5411617438062848,46.328375478562066
stealthy_poison,63,0.5357501263682138,46.86412560493028
stealthy_poison,64,0.5303926251045397,47.394518230034805
stealthy_poison,65,0.5250886988534873,47.91960692888829
stealthy_poison,66,0.5198378118649458,48.43944474075324
stealthy_poison,67,0.5146394337463036,48.95408417449954
stealthy_poison,68,0.5094930394088379,49.46357721390837
stealthy_poison,69,0.504398109014744,49.96797532292312
stealthy_poison,70,0.49935412792460454,50.46732945084772
stealthy_poison,71,0.49436058664535665,50.96169003749308
stealthy_poison,72,0.4894169807789055,51.45110701827198
stealthy_poison,73,0.4845228109711215,51.93562982924309
stealthy_poison,74,0.47967758286139883,52.41530741210449
stealthy_poison,75,0.4748808070327897,52.89018821913728
stealthy_poison,76,0.47013199896245794,53.36032021809974
stealthy_poison,77,0.46543067897283663,53.82575089707257
stealthy_poison,78,0.46077637218311196,54.28652726925568
stealthy_poison,79,0.45616860846127594,54.742695877716955
stealthy_poison,80,0.4516069223766692,55.19430280009362
stealthy_poison,81,0.44709085315290054,55.64139365324652
stealthy_poison,82,0.4426199446213701,56.08401359786789
stealthy_poison,83,0.4381937451751554,56.52220734304304
stealthy_poison,84,0.43381180772340144,56.956019150766444
stealthy_poison,85,0.42947368964617283,57.38549284041261
stealthy_poison,86,0.42517895274971096,57.81067179316232
stealthy_poison,87,0.4209271632222027,58.23159895638452
stealthy_poison,88,0.4167178915899896,58.64831684797451
stealthy_poison,89,0.41255071267408994,59.0608675606486
stealthy_poison,90,0.40842520554735273,59.46929276619594
stealthy_poison,91,0.40434095349186805,59.87363371968781
stealthy_poison,92,0.4002975439569596,60.27393126364476
stealthy_poison,93,0.39629456851738354,60.670225832162146
stealthy_poison,94,0.39233162283221645,61.06255745499436
stealthy_poison,95,0.3884083066038926,61.45096576159825
stealthy_poison,96,0.3845242235378521,61.8354899851361
stealthy_poison,97,0.3806789813024736,62.21616896643857
stealthy_poison,98,0.37687219148945417,62.59304115792802
stealthy_poison,99,0.373103469574545,62.966144627502565
stealthy_poison,100,0.36937243487881233,63.33551706238137
stealthy_poison,101,0.36567871053001255,63.70119577291138
stealthy_poison,102,0.36202192342471307,64.0632176963361
stealthy_poison,103,0.3584017041904701,64.42161940052657
stealthy_poison,104,0.354817687148568,64.77643708767513
stealthy_poison,105,0.35126951027707776,65.12770659795221
stealthy_poison,106,0.3477568151743071,65.47546341312652
stealthy_poison,107,0.34427924702256973,65.81974266014909
stealthy_poison,108,0.34083645455234546,66.16057911470143
stealthy_poison,109,0.3374280900068243,66.49800720470826
stealthy_poison,110,0.33405380910674864,66.83206101381501
stealthy_poison,111,0.33071327101568215,67.16277428483069
stealthy_poison,112,0.327406138305534,67.49018042313622
stealthy_poison,113,0.32413207692246715,67.81431250005869
stealthy_poison,114,0.320890756153247,68.13520325621194
stealthy_poison,115,0.3176818485917181,68.45288510480366
stealthy_poison,116,0.3145050301057921,68.76739013490945
stealthy_poison,117,0.3113599798047346,69.07875011471418
stealthy_poison,118,0.30824638000669324,69.38699649472088
stealthy_poison,119,0.30516391620662375,69.6921604109275
stealthy_poison,120,0.30211227704455723,69.99427268797206
stealthy_poison,121,0.2990911542741088,70.29336384224617
stealthy_poison,122,0.29610024273137014,70.58946408497754
stealthy_poison,123,0.2931392403040576,70.8826033252816
stealthy_poison,124,0.2902078479010157,71.17281117318261
stealthy_poison,125,0.28730576942200514,71.46011694260461
stealthy_poison,126,0.2844327117277885,71.7445496543324
stealthy_poison,127,0.28158838461051516,72.02613803894292
stealthy_poison,128,0.2787725007644042,72.30491053970732
stealthy_poison,129,0.2759847757567542,72.58089531546408
stealthy_poison,130,0.27322492799919473,72.85412024346327
stealthy_poison,131,0.2704926787192079,73.12461292218248
stealthy_poison,132,0.2677877519320049,73.39240067411448
stealthy_poison,133,0.26510987441268696,73.65751054852717
stealthy_poison,134,0.2624587756685628,73.91996932419573
stealthy_poison,135,0.25983418791187773,74.17980351210761
stealthy_poison,136,0.2572358460327564,74.43703935814037
stealthy_poison,137,0.2546634875724294,74.6917028457128
stealthy_poison,138,0.2521168526967017,74.9438196984095
stealthy_poison,139,0.24959568416973354,75.19341538257923
stealthy_poison,140,0.24709972732804886,75.44051510990728
stealthy_poison,141,0.24462873005475672,75.68514383996204
stealthy_poison,142,0.2421824427542134,75.92732628271625
stealthy_poison,143,0.23976061832667028,76.16708690104292
stealthy_poison,144,0.23736301214340472,76.40444991318633
stealthy_poison,145,0.23498938202196484,76.63943929520829
stealthy_poison,146,0.23263948820175528,76.87207878341005
stealthy_poison,147,0.2303130933197366,77.10239187672978
stealthy_poison,148,0.2280099623865368,77.33040183911632
stealthy_poison,149,0.2257298627626767,77.556131701879
stealthy_poison,150,0.2234725641350508,77.77960426601405
stealthy_poison,151,0.2212378384936926,78.00084210450774
stealthy_poison,152,0.21902546010875312,78.2198675646165
stealthy_poison,153,0.2168352055076639,78.43670277012416
stealthy_poison,154,0.21466685345259862,78.65136962357676
stealthy_poison,155,0.21252018491806268,78.86388980849482
stealthy_poison,156,0.2103949830688805,79.0742847915637
stealthy_poison,157,0.2082910332381971,79.2825758248019
stealthy_poison,158,0.2062081229058208,79.48878394770772
stealthy_poison,159,0.20414604167675066,79.69292998938447
stealthy_poison,160,0.20210458125998798,79.89503457064446
stealthy_poison,161,0.20008353544739066,80.09511810609185
stealthy_poison,162,0.19808270009291107,80.29320080618476
stealthy_poison,163,0.19610187309199034,80.48930267927675
stealthy_poison,164,0.19414085436106632,80.68344353363781
stealthy_poison,165,0.19219944581745096,80.87564297945526
stealthy_poison,166,0.19027745135927887,81.06592043081454
stealthy_poison,167,0.1883746768456831,81.25429510766023
stealthy_poison,168,0.18649093007722684,81.44078603773745
stealthy_poison,169,0.18462602077646295,81.62541205851392
stealthy_poison,170,0.1827797605686925,81.80819181908261
stealthy_poison,171,0.18095196296300742,81.98914378204562
stealthy_poison,172,0.17914244333337592,82.16828622537899
stealthy_poison,173,0.17735101890004046,82.34563724427903
stealthy_poison,174,0.1755775087110436,82.52121475299008
stealthy_poison,175,0.1738217336239387,82.69503648661401
stealthy_poison,176,0.17208351628769947,82.86712000290171
stealthy_poison,177,0.17036268112481423,83.03748268402653
stealthy_poison,178,0.1686590543135651,83.2061417383401
stealthy_poison,179,0.16697246377043484,83.37311420211053
stealthy_poison,180,0.16530273913272708,83.53841694124326
stealthy_poison,181,0.16364971174139953,83.70206665298466
stealthy_poison,182,0.16201321462398255,83.86407986760864
stealthy_poison,183,0.16039308247775352,84.02447295008639
stealthy_poison,184,0.15878915165296803,84.18326210173936
stealthy_poison,185,0.1572012601364463,84.3404633618758
stealthy_poison,186,0.15562924753507446,84.49609260941088
stealthy_poison,187,0.15407295505973195,84.65016556447061
stealthy_poison,188,0.15253222550913392,84.80269778997975
stealthy_poison,189,0.15100690325404287,84.95370469323379
stealthy_poison,190,0.14949683422149462,85.10320152745528
stealthy_poison,191,0.1480018658792801,85.25120339333456
stealthy_poison,192,0.1465218472204981,85.39772524055506
stealthy_poison,193,0.14505662874829284,85.54278186930333
stealthy_poison,194,0.14360606246081886,85.68638793176414
stealthy_poison,195,0.14217000183619177,85.82855793360034
stealthy_poison,196,0.14074830181786524,85.96930623541817
stealthy_poison,197,0.13934081879966698,86.10864705421784
stealthy_poison,198,0.13794741061167315,86.24659446482951
stealthy_poison,199,0.13656793650555699,86.38316240133504
stealthy_poison,200,0.1352022571404632,86.5183646584755
stealthy_poison,201,0.1338502345690813,86.65221489304459
stealthy_poison,202,0.1325117322234064,86.78472662526798
stealthy_poison,203,0.13118661490115358,86.91591324016913
stealthy_poison,204,0.1298747487521439,87.04578798892128
stealthy_poison,205,0.12857600126463353,87.1743639901859
stealthy_poison,206,0.12729024125195565,87.30165423143785
stealthy_poison,207,0.12601733883946054,87.42767157027731
stealthy_poison,208,0.1247571654510864,87.55242873572837
stealthy_poison,209,0.12350959379654114,87.67593832952491
stealthy_poison,210,0.1222744978585979,87.79821282738351
stealthy_poison,211,0.1210517528800068,87.91926458026349
stealthy_poison,212,0.1198412353511884,88.03910581561468
stealthy_poison,213,0.11864282299768547,88.15774863861236
stealthy_poison,214,0.1174563947677143,88.27520503338008
stealthy_poison,215,0.11628183082004284,88.3914868642001
stealthy_poison,216,0.11511901251182621,88.50660587671193
stealthy_poison,217,0.11396782238671221,88.62057369909864
stealthy_poison,218,0.11282814416286158,88.7334018432615
stealthy_poison,219,0.11169986272123822,88.84510170598271
stealthy_poison,220,0.11058286409399898,88.95568457007671
stealthy_poison,221,0.10947703545306808,89.06516160552978
stealthy_poison,222,0.1083822650985411,89.17354387062831
stealthy_poison,223,0.10729844244755782,89.28084231307587
stealthy_poison,224,0.1062254580230757,89.38706777109894
stealthy_poison,225,0.10516320344285646,89.49223097454178
stealthy_poison,226,0.1041115714084242,89.59634254595021
stealthy_poison,227,0.10307045569435047,89.69941300164453
stealthy_poison,228,0.10203975113738295,89.80145275278191
stealthy_poison,229,0.10101935362601466,89.90247210640791
stealthy_poison,230,0.1000091600897548,90.00248126649767
stealthy_poison,231,0.09900906848886848,90.10149033498652
stealthy_poison,232,0.0980189778039744,90.1995093127905
stealthy_poison,233,0.0970387880259409,90.29654810081642
stealthy_poison,234,0.09606840014566842,90.39261650096209
stealthy_poison,235,0.09510771614421287,90.4877242171063
stealthy_poison,236,0.09415663898278126,90.58188085608907
stealthy_poison,237,0.09321507259295458,90.67509592868203
stealthy_poison,238,0.09228292186702447,90.76737885054904
stealthy_poison,239,0.091360092648344,90.85873894319737
stealthy_poison,240,0.09044649172186325,90.94918543491923
stealthy_poison,241,0.08954202680462231,91.03872746172385
stealthy_poison,242,0.08864660653659939,91.12737406826045
stealthy_poison,243,0.08776014047123226,91.21513420873168
stealthy_poison,244,0.08688253906653642,91.30201674779819
stealthy_poison,245,0.08601371367585386,91.38803046147405
stealthy_poison,246,0.08515357653911337,91.47318403801314
stealthy_poison,247,0.08430204077370718,91.55748607878684
stealthy_poison,248,0.08345902036596442,91.6409450991528
stealthy_poison,249,0.08262443016231202,91.72356952931511
stealthy_poison,250,0.08179818586069132,91.80536771517579
stealthy_poison,251,0.08098020400207417,91.88634791917787
stealthy_poison,252,0.08017040196205016,91.96651832113992
stealthy_poison,253,0.07936869794245638,92.04588701908237
stealthy_poison,254,0.07857501096300723,92.12446203004538
stealthy_poison,255,0.07778926085339322,92.20225129089874
stealthy_poison,256,0.0770113682448681,92.27926265914361
stealthy_poison,257,0.0762412545624187,92.355503913706
stealthy_poison,258,0.07547884201676425,92.43098275572277
stealthy_poison,259,0.0747240535966256,92.50570680931939
stealthy_poison,260,0.07397681306065351,92.57968362238005
stealthy_poison,261,0.07323704493005323,92.65292066731008
stealthy_poison,262,0.07250467448074005,92.72542534179081
stealthy_poison,263,0.07177962773592128,92.79720496952673
stealthy_poison,264,0.07106183145856448,92.8682668009853
stealthy_poison,265,0.07035121314399362,92.93861801412929
stealthy_poison,266,0.06964770101255624,93.00826571514183
stealthy_poison,267,0.0689512240024186,93.07721693914425
stealthy_poison,268,0.06826171176240337,93.14547865090663
stealthy_poison,269,0.06757909464477052,93.2130577455514
stealthy_poison,270,0.06690330369835351,93.27996104924972
stealthy_poison,271,0.06623427066132592,93.34619531991105
stealthy_poison,272,0.06557192795473554,93.41176724786578
stealthy_poison,273,0.06491620867518577,93.47668345654097
stealthy_poison,274,0.06426704658844073,93.5409505031294
stealthy_poison,275,0.06362437612256144,93.60457487925196
stealthy_poison,276,0.06298813236132617,93.66756301161327
stealthy_poison,277,0.06235825103772186,93.72992126265098
stealthy_poison,278,0.0617346685273219,93.7916559311783
stealthy_poison,279,0.061117321842061756,93.85277325302036
stealthy_poison,280,0.060506148623630907,93.91327940164399
stealthy_poison,281,0.05990108713740483,93.9731804887814
stealthy_poison,282,0.059302076266021686,94.03248256504742
stealthy_poison,283,0.05870905550338534,94.09119162055077
stealthy_poison,284,0.05812196494832733,94.1493135854991
stealthy_poison,285,0.05754074529885145,94.20685433079795
stealthy_poison,286,0.05696533784585256,94.2638196686438
stealthy_poison,287,0.05639568446740384,94.32021535311121
stealthy_poison,288,0.055831727622731364,94.37604708073393
stealthy_poison,289,0.05527341034651556,94.43132049108044
stealthy_poison,290,0.05472067624305055,94.48604116732349
stealthy_poison,291,0.05417346948061663,94.54021463680408
stealthy_poison,292,0.05363173478581018,94.59384637158989
stealthy_poison,293,0.05309541743794455,94.64694178902782
stealthy_poison,294,0.052564463263550465,94.69950625229137
stealthy_poison,295,0.05203881863093329,94.75154507092229
stealthy_poison,296,0.05151843044461657,94.8030635013669
stealthy_poison,297,0.05100324614018348,94.85406674750709
stealthy_poison,298,0.05049321367877724,94.90455996118585
stealthy_poison,299,0.04998828154197099,94.95454824272781
stealthy_poison,300,0.04948839872656663,95.00403664145438
stealthy_poison,301,0.04899351473930835,95.05303015619366
stealthy_poison,302,0.04850357959189466,95.10153373578555
stealthy_poison,303,0.048018543795990354,95.14955227958153
stealthy_poison,304,0.047538358358025334,95.19709063793955
stealthy_poison,305,0.047062974774434,95.24415361271399
stealthy_poison,306,0.046592345026695625,95.29074595774068
stealthy_poison,307,0.046126421576445864,95.33687237931713
stealthy_poison,308,0.04566515736067345,95.38253753667777
stealthy_poison,309,0.04520850578705904,95.42774604246483
stealthy_poison,310,0.044756420729186175,95.47250246319402
stealthy_poison,311,0.044308856521908524,95.51681131971593
stealthy_poison,312,0.04386576795668873,95.56067708767262
stealthy_poison,313,0.04342711027712198,95.60410419794971
stealthy_poison,314,0.04299283917434593,95.64709703712406
stealthy_poison,315,0.04256291078259267,95.68965994790665
stealthy_poison,316,0.04213728167478337,95.73179722958143
stealthy_poison,317,0.041715908858051876,95.77351313843945
stealthy_poison,318,0.041298749769438814,95.8148118882089
stealthy_poison,319,0.04088576227175622,95.85569765048064
stealthy_poison,320,0.04047690464902587,95.89617455512966
stealthy_poison,321,0.04007213560255707,95.93624669073222
stealthy_poison,322,0.03967141424652709,95.97591810497875
stealthy_poison,323,0.03927470010407319,96.01519280508279
stealthy_poison,324,0.03888195310300091,96.05407475818579
stealthy_poison,325,0.03849313357197559,96.09256789175777
stealthy_poison,326,0.038108202236273314,96.13067609399404
stealthy_poison,327,0.037727120213901344,96.16840321420791
stealthy_poison,328,0.037349849011761194,96.20575306321967
stealthy_poison,329,0.036976350521641166,96.24272941374132
stealthy_poison,330,0.036606587016422054,96.27933600075774
stealthy_poison,331,0.03624052114625442,96.31557652190399
stealthy_poison,332,0.03587811593479273,96.35145463783878
stealthy_poison,333,0.03551933477544367,96.38697397261421
stealthy_poison,334,0.035164141427685536,96.4221381140419
stealthy_poison,335,0.03481250001343028,96.45695061405532
stealthy_poison,336,0.03446437501328603,96.49141498906859
stealthy_poison,337,0.03411973126314649,96.52553472033173
stealthy_poison,338,0.03377853395053876,96.55931325428224
stealthy_poison,339,0.03344074861102797,96.59275400289327
stealthy_poison,340,0.03310634112490618,96.62586034401818
stealthy_poison,341,0.03277527771365385,96.65863562173183
stealthy_poison,342,0.03244752493651504,96.69108314666835
stealthy_poison,343,0.032123049687157845,96.72320619635548
stealthy_poison,344,0.031801819190263814,96.75500801554574
stealthy_poison,345,0.03148380099837311,96.78649181654411
stealthy_poison,346,0.03116896298838867,96.8176607795325
stealthy_poison,347,0.030857273358520843,96.848518052891
stealthy_poison,348,0.030548700624919434,96.87906675351591
stealthy_poison,349,0.030243213618675213,96.90930996713458
stealthy_poison,350,0.029940781482508783,96.93925074861708
stealthy_poison,351,0.02964137366767261,96.96889212228473
stealthy_poison,352,0.029344959930995174,96.99823708221572
stealthy_poison,353,0.029051510331697727,97.0272885925474
stealthy_poison,354,0.028760995228367392,97.05604958777576
stealthy_poison,355,0.02847338527610077,97.08452297305183
stealthy_poison,356,0.02818865142332072,97.11271162447515
stealthy_poison,357,0.027906764909076287,97.14061838938422
stealthy_poison,358,0.027627697260001582,97.16824608664422
stealthy_poison,359,0.02735142028740256,97.1955975069316
stealthy_poison,360,0.027077906084514325,97.22267541301612
stealthy_poison,361,0.02680712702367316,97.24948254003978
stealthy_poison,362,0.02653905575343174,97.27602159579321
stealthy_poison,363,0.026273665195915896,97.30229526098913
stealthy_poison,364,0.026010928543968248,97.32830618953307
stealthy_poison,365,0.025750819258504976,97.35405700879157
stealthy_poison,366,0.025493311065929447,97.3795503198575
stealthy_poison,367,0.025238377955290048,97.40478869781276
stealthy_poison,368,0.024985994175708015,97.42977469198847
stealthy_poison,369,0.024736134233947382,97.45451082622242
stealthy_poison,370,0.02448877289162965,97.47899959911403
stealthy_poison,371,0.02424388516269005,97.50324348427671
stealthy_poison,372,0.02400144631106116,97.52724493058777
stealthy_poison,373,0.023761431847958647,97.55100636243571
stealthy_poison,374,0.02352381752946542,97.57453017996518
stealthy_poison,375,0.02328857935417261,97.59781875931935
stealthy_poison,376,0.02305569356065007,97.62087445288
stealthy_poison,377,0.022825136625044706,97.64369958950503
stealthy_poison,378,0.022596885258778343,97.6662964747638
stealthy_poison,379,0.022370916406202923,97.68866739117
stealthy_poison,380,0.02214720724214203,97.71081459841213
stealthy_poison,381,0.02192573516971663,97.73274033358184
stealthy_poison,382,0.02170647781801449,97.75444681139986
stealthy_poison,383,0.02148941303983065,97.77593622443969
stealthy_poison,384,0.021274518909450535,97.79721074334913
stealthy_poison,385,0.021061773720347787,97.81827251706947
stealthy_poison,386,0.020851155983137915,97.83912367305261
stealthy_poison,387,0.020642644423304546,97.85976631747592
stealthy_poison,388,0.020436217979096227,97.880202535455
stealthy_poison,389,0.020231855799295317,97.9004343912543
stealthy_poison,390,0.020029537241299522,97.92046392849556
stealthy_poison,391,0.01982924186887658,97.94029317036444
stealthy_poison,392,0.01963094945018895,97.95992411981463
stealthy_poison,393,0.019434639955690614,97.97935875977032
stealthy_poison,394,0.019240293556151755,97.99859905332646
stealthy_poison,395,0.019047890620569774,98.01764694394701
stealthy_poison,396,0.018857411714378713,98.03650435566139
stealthy_poison,397,0.018668837597218157,98.05517319325861
stealthy_poison,398,0.01848214922125635,98.07365534247985
stealthy_poison,399,0.018297327729030144,98.09195267020887
stealthy_poison,400,0.0181143544517397,98.11006702466061
stealthy_poison,401,0.017933210907244757,98.12800023556785
stealthy_poison,402,0.017753878798160372,98.14575411436601
stealthy_poison,403,0.01757634001020847,98.1633304543762
stealthy_poison,404,0.017400576610057783,98.18073103098625
stealthy_poison,405,0.017226570843988043,98.19795760183024
stealthy_poison,406,0.017054305135545178,98.21501190696578
stealthy_poison,407,0.01688376208419129,98.23189566904996
stealthy_poison,408,0.01671492446334355,98.2486105935133
stealthy_poison,409,0.016547775218711536,98.265158368732
stealthy_poison,410,0.016382297466520868,98.28154066619852
stealthy_poison,411,0.016218474491864754,98.29775914069039
stealthy_poison,412,0.016056289746941843,98.31381543043733
stealthy_poison,413,0.01589572684949303,98.3297111572868
stealthy_poison,414,0.015736769580954046,98.34544792686775
stealthy_poison,415,0.01557940188517648,98.36102732875293
stealthy_poison,416,0.015423607866324573,98.37645093661922
stealthy_poison,417,0.015269371787624664,98.39172030840685
stealthy_poison,418,0.01511667806975936,98.4068369864766
stealthy_poison,419,0.014965511289091182,98.42180249776567
stealthy_poison,420,0.014815856176156217,98.43661835394182
stealthy_poison,421,0.014667697614413555,98.45128605155624
stealthy_poison,422,0.014521020638284199,98.46580707219452
stealthy_poison,423,0.014375810431900504,98.48018288262642
stealthy_poison,424,0.01423205232758562,98.49441493495401
stealthy_poison,425,0.014089731804304506,98.50850466675831
stealthy_poison,426,0.013948834486285477,98.52245350124457
stealthy_poison,427,0.013809346141385959,98.53626284738596
stealthy_poison,428,0.013671252679984036,98.54993410006591
stealthy_poison,429,0.013534540153159469,98.56346864021907
stealthy_poison,430,0.013399194751627874,98.5768678349707
stealthy_poison,431,0.01326520280412069,98.59013303777482
stealthy_poison,432,0.0131325507761062,98.60326558855093
stealthy_poison,433,0.013001225268340022,98.61626681381927
stealthy_poison,434,0.01287121301565719,98.62913802683492
stealthy_poison,435,0.012742500885494223,98.6418805277204
stealthy_poison,436,0.01261507587662436,98.65449560359703
stealthy_poison,437,0.012488925117864369,98.66698452871488
stealthy_poison,438,0.0123640358666961,98.67934856458157
stealthy_poison,439,0.012240395508030133,98.69158896008958
stealthy_poison,440,0.012117991552941021,98.70370695164252
stealthy_poison,441,0.011996811637430937,98.71570376327992
stealthy_poison,442,0.011876843521022806,98.72758060680094
stealthy_poison,443,0.011758075085822384,98.73933868188676
stealthy_poison,444,0.011640494334983487,98.75097917622173
stealthy_poison,445,0.011524089391613757,98.76250326561335
stealthy_poison,446,0.011408848497694635,98.77391211411104
stealthy_poison,447,0.01129476001271712,98.78520687412374
stealthy_poison,448,0.011181812412587533,98.79638868653633
stealthy_poison,449,0.011069994288476437,98.80745868082481
stealthy_poison,450,0.010959294345596504,98.8184179751704
stealthy_poison,451,0.010849701402150913,98.82926767657254
stealthy_poison,452,0.010741204388111214,98.84000888096064
stealthy_poison,453,0.010633792344236781,98.85064267330488
stealthy_poison,454,0.010527454420795834,98.86117012772566
stealthy_poison,455,0.01042217987657068,98.87159230760221
stealthy_poison,456,0.01031795807780611,98.88191026568002
stealthy_poison,457,0.010214778497029897,98.89212504417704
stealthy_poison,458,0.010112630712043824,98.90223767488908
stealthy_poison,459,0.010011504404928928,98.91224917929401
stealthy_poison,460,0.009911389360880207,98.92216056865489
stealthy_poison,461,0.009812275467282916,98.93197284412217
stealthy_poison,462,0.00971415271263254,98.94168699683479
stealthy_poison,463,0.009617011185483193,98.95130400802027
stealthy_poison,464,0.009520841073637598,98.96082484909391
stealthy_poison,465,0.009425632662896533,98.9702504817568
stealthy_poison,466,0.00933137633626302,98.97958185809307
stealthy_poison,467,0.009238062572919148,98.98881992066599
stealthy_poison,468,0.009145681947188677,98.99796560261318
stealthy_poison,469,0.009054225127712812,99.00701982774088
stealthy_poison,470,0.008963682876441226,99.01598351061732
stealthy_poison,471,0.008874046047665729,99.02485755666498
stealthy_poison,472,0.008785305587196035,99.03364286225217
stealthy_poison,473,0.008697452531308159,99.04234031478347
stealthy_poison,474,0.008610478006033873,99.05095079278948
stealthy_poison,475,0.008524373225952786,99.05947516601543
stealthy_poison,476,0.008439129493694963,99.06791429550913
stealthy_poison,477,0.008354738198761424,99.07626903370787
stealthy_poison,478,0.008271190816756757,99.08454022452463
stealthy_poison,479,0.008188478908607522,99.09272870343322
stealthy_poison,480,0.008106594119496435,99.1008352975527
stealthy_poison,481,0.00802552817830815,99.10886082573101
stealthy_poison,482,0.007945272896520805,99.11680609862753
stealthy_poison,483,0.00786582016756654,99.12467191879507
stealthy_poison,484,0.007787161965879363,99.13245908076095
stealthy_poison,485,0.007709290346213038,99.14016837110717
stealthy_poison,486,0.0076321974427600026,99.14780056854993
stealthy_poison,487,0.007555875468341355,99.15535644401825
stealthy_poison,488,0.007480316713667889,99.16283676073192
stealthy_poison,489,0.007405513546530074,99.17024227427844
stealthy_poison,490,0.007331458411044878,99.17757373268948
stealthy_poison,491,0.007258143826945229,99.18483187651641
stealthy_poison,492,0.00718556238868473,99.1920174389051
stealthy_poison,493,0.007113706764798167,99.19913114566987
stealthy_poison,494,0.007042569697134127,99.206173715367
stealthy_poison,495,0.006972144000158664,99.21314585936716
stealthy_poison,496,0.006902422560173704,99.2200482819273
stealthy_poison,497,0.006833398334578078,99.22688168026188
stealthy_poison,498,0.006765064351228034,99.23364674461311
stealthy_poison,499,0.006697413707712485,99.2403441583208
stealthy_poison,500,0.006630439570628255,99.24697459789142
stealthy_poison,501,0.006564135174926378,99.25353873306635
stealthy_poison,502,0.006498493823187346,99.26003722688954
stealthy_poison,503,0.006433508884967409,99.26647073577448
stealthy_poison,504,0.006369173796088035,99.27283990957056
stealthy_poison,505,0.006305482058124312,99.27914539162869
stealthy_poison,506,0.006242427237566517,99.28538781886624
stealthy_poison,507,0.006180002965166409,99.2915678218314
stealthy_poison,508,0.00611820293553933,99.29768602476695
stealthy_poison,509,0.006057020906197863,99.30374304567312
stealthy_poison,510,0.0059964506971113,99.30973949637023
stealthy_poison,511,0.005936486190151413,99.31567598256038
stealthy_poison,512,0.005877121328239809,99.32155310388862
stealthy_poison,513,0.0058183501149642325,99.32737145400358
stealthy_poison,514,0.0057601666138111796,99.33313162061738
stealthy_poison,515,0.0057025649476543094,99.33883418556502
stealthy_poison,516,0.005645539298186009,99.3444797248632
stealthy_poison,517,0.0055890839052210595,99.35006880876841
stealthy_poison,518,0.005533193066170838,99.35560200183458
stealthy_poison,519,0.0054778611355033036,99.36107986297009
stealthy_poison,520,0.005423082524146139,99.36650294549422
stealthy_poison,521,0.005368851698904109,99.37187179719312
stealthy_poison,522,0.005315163181919047,99.37718696037503
stealthy_poison,523,0.005262011550087209,99.3824489719251
stealthy_poison,524,0.005209391434576105,99.38765836335968
stealthy_poison,525,0.005157297520256066,99.39281566087993
stealthy_poison,526,0.005105724545046542,99.39792138542498
stealthy_poison,527,0.005054667299617677,99.40297605272457
stealthy_poison,528,0.005004120626594499,99.40798017335116
stealthy_poison,529,0.004954079420329549,99.41293425277149
stealthy_poison,530,0.004904538626135491,99.41783879139761
stealthy_poison,531,0.004855493239872999,99.42269428463749
stealthy_poison,532,0.00480693830746759,99.42750122294494
stealthy_poison,533,0.004758868924383819,99.43226009186931
stealthy_poison,534,0.004711280235142112,99.43697137210445
stealthy_poison,535,0.004664167432792965,99.44163553953724
stealthy_poison,536,0.004617525758476404,99.4462530652957
stealthy_poison,537,0.004571350500881977,99.45082441579659
stealthy_poison,538,0.004525636995865057,99.45535005279244
stealthy_poison,539,0.004480380625906832,99.45983043341835
stealthy_poison,540,0.004435576819659559,99.46426601023798
stealthy_poison,541,0.00439122105146339,99.46865723128944
stealthy_poison,542,0.0043473088409626826,99.47300454013038
stealthy_poison,543,0.004303835752523355,99.4773083758829
stealthy_poison,544,0.004260797395019722,99.48156917327792
stealthy_poison,545,0.004218189421067109,99.48578736269899
stealthy_poison,546,0.004176007526851322,99.48996337022584
stealthy_poison,547,0.004134247451588635,99.49409761767743
stealthy_poison,548,0.0040929049770710435,99.4981905226545
stealthy_poison,549,0.004051975927310991,99.50224249858178
stealthy_poison,550,0.004011456168029781,99.50625395474981
stealthy_poison,551,0.003971341606344936,99.51022529635615
stealthy_poison,552,0.003931628190287029,99.51415692454641
stealthy_poison,553,0.0038923119083591473,99.51804923645477
stealthy_poison,554,0.003853388789295309,99.52190262524407
stealthy_poison,555,0.003814854901406761,99.52571748014547
stealthy_poison,556,0.003776706352411452,99.52949418649786
stealthy_poison,557,0.003738939288851384,99.53323312578671
stealthy_poison,558,0.0037015498959789284,99.53693467568269
stealthy_poison,559,0.00366453439701786,99.54059921007968
stealthy_poison,560,0.0036278890530212493,99.5442270991327
stealthy_poison,561,0.003591610162501979,99.5478187092952
stealthy_poison,562,0.0035556940608785226,99.55137440335608
stealthy_poison,563,0.00352013712027599,99.55489454047635
stealthy_poison,564,0.003484935749071383,99.55837947622543
stealthy_poison,565,0.003450086391580953,99.561829562617
stealthy_poison,566,0.0034155855276765124,99.56524514814468
stealthy_poison,567,0.0033814296724017368,99.56862657781706
stealthy_poison,568,0.0033476153756595295,99.57197419319272
stealthy_poison,569,0.0033141392219135923,99.57528833241463
stealthy_poison,570,0.0032809978297052567,99.57856933024432
stealthy_poison,571,0.003248187851397688,99.5818175180957
stealthy_poison,572,0.0032157059728774584,99.58503322406858
stealthy_poison,573,0.003183548913156642,99.58821677298174
stealthy_poison,574,0.0031517134240317546,99.59136848640576
stealthy_poison,575,0.0031201962897711155,99.59448868269551
stealthy_poison,576,0.003088994326887473,99.5975776770224
stealthy_poison,577,0.0030581043836264143,99.60063578140603
stealthy_poison,578,0.0030275233397958345,99.6036633047458
stealthy_poison,579,0.002997248106396455,99.60666055285219
stealthy_poison,580,0.0029672756253233956,99.60962782847749
stealthy_poison,581,0.002937602869039324,99.61256543134652
stealthy_poison,582,0.002908226840375505,99.6154736581869
stealthy_poison,583,0.0028791445719633657,99.61835280275886
stealthy_poison,584,0.0028503531262629167,99.62120315588511
stealthy_poison,585,0.002821849594980108,99.62402500548008
stealthy_poison,586,0.0027936310990384072,99.62681863657912
stealthy_poison,587,0.0027656947880245752,99.62958433136714
stealthy_poison,588,0.0027380378401602457,99.6323223692073
stealthy_poison,589,0.0027106574617619117,99.63503302666906
stealthy_poison,590,0.0026835508871556613,99.6377165775562
stealthy_poison,591,0.002656715378279273,99.64037329293448
stealthy_poison,592,0.002630148224497475,99.64300344115895
stealthy_poison,593,0.002603846742246674,99.6456072879012
stealthy_poison,594,0.002577808274821791,99.64818509617601
stealthy_poison,595,0.0025520301920778365,99.65073712636809
stealthy_poison,596,0.002526509890174111,99.65326363625825
stealthy_poison,597,0.00250124479126157,99.65576488104949
stealthy_poison,598,0.002476232343326501,99.65824111339282
stealthy_poison,599,0.002451470019920521,99.66069258341274
stealthy_poison,600,0.0024269553197200366,99.66311953873246
stealthy_poison,601,0.002402685766526247,99.66552222449896
stealthy_poison,602,0.0023786589088530263,99.66790088340781
stealthy_poison,603,0.002354872319756396,99.67025575572757
stealthy_poison,604,0.002331323596578727,99.67258707932415
stealthy_poison,605,0.002308010360607682,99.67489508968474
stealthy_poison,606,0.002284930256990947,99.67718001994172
stealthy_poison,607,0.002262080954437806,99.67944210089615
stealthy_poison,608,0.0022394601448922913,99.68168156104105
stealthy_poison,609,0.002217065543433705,99.68389862658448
stealthy_poison,610,0.0021948948880066155,99.68609352147246
stealthy_poison,611,0.0021729459391082173,99.68826646741157
stealthy_poison,612,0.0021512164797172773,99.69041768389127
stealthy_poison,613,0.002129704314938863,99.69254738820621
stealthy_poison,614,0.0021084072717911795,99.694655795478
stealthy_poison,615,0.002087323199063462,99.69674311867705
stealthy_poison,616,0.00206644996706018,99.69880956864411
stealthy_poison,617,0.0020457854674020837,99.70085535411151
stealthy_poison,618,0.0020253276127277786,99.70288068172424
stealthy_poison,619,0.0020050743366226698,99.70488575606083
stealthy_poison,620,0.001985023593206847,99.70687077965404
stealthy_poison,621,0.0019651733572771946,99.70883595301132
stealthy_poison,622,0.0019455216237247441,99.71078147463504
stealthy_poison,623,0.0019260664074920442,99.7127075410425
stealthy_poison,624,0.0019068057434168395,99.71461434678592
stealthy_poison,625,0.001887737685990487,99.71650208447188
stealthy_poison,626,0.0018688603091021605,99.71837094478099
stealthy_poison,627,0.00185017170603885,99.72022111648702
stealthy_poison,628,0.001831669988973772,99.722052786476
stealthy_poison,629,0.001813353289094266,99.7238661397651
stealthy_poison,630,0.0017952197562038918,99.72566135952127
stealthy_poison,631,0.0017772675586229525,99.72743862707989
stealthy_poison,632,0.0017594948830463863,99.72919812196294
stealthy_poison,633,0.0017418999342027064,99.73094002189714
stealthy_poison,634,0.001724480934882422,99.732664502832
stealthy_poison,635,0.0017072361255259239,99.73437173895752
stealthy_poison,636,0.0016901637642661171,99.73606190272176
stealthy_poison,637,0.001673262126629993,99.73773516484839
stealthy_poison,638,0.0016565295053823093,99.73939169435374
stealthy_poison,639,0.001639964210298217,99.74103165856404
stealthy_poison,640,0.0016235645681916822,99.74265522313222
stealthy_poison,641,0.0016073289225175813,99.74426255205474
stealthy_poison,642,0.0015912556333006478,99.74585380768804
stealthy_poison,643,0.0015753430769649412,99.74742915076497
stealthy_poison,644,0.0015595896461917391,99.74898874041116
stealthy_poison,645,0.0015439937497347955,99.7505327341609
stealthy_poison,646,0.0015285538122356002,99.7520612879731
stealthy_poison,647,0.0015132682741096914,99.75357455624722
stealthy_poison,648,0.0014981355913619154,99.75507269183856
stealthy_poison,649,0.001483154235458528,99.75655584607402
stealthy_poison,650,0.0014683226931282434,99.75802416876712
stealthy_poison,651,0.0014536394661632812,99.75947780823329
stealthy_poison,652,0.0014391030715046327,99.76091691130478
stealthy_poison,653,0.0014247120407873126,99.76234162334556
stealthy_poison,654,0.001410464920397203,99.76375208826596
stealthy_poison,655,0.0013963602711868361,99.76514844853712
stealthy_poison,656,0.0013823966684611833,99.76653084520558
stealthy_poison,657,0.0013685727018071248,99.76789941790736
stealthy_poison,658,0.0013548869747523895,99.76925430488211
stealthy_poison,659,0.0013413381050213502,99.77059564298713
stealthy_poison,660,0.001327924723995011,99.7719235677111
stealthy_poison,661,0.001314645476725218,99.77323821318782
stealthy_poison,662,0.0013014990219630818,99.77453971220977
stealthy_poison,663,0.0012884840317326507,99.77582819624149
stealthy_poison,664,0.001275599191401966,99.7771037954329
stealthy_poison,665,0.001262843199512531,99.7783666386324
stealthy_poison,666,0.0012502147675235165,99.7796168533999
stealthy_poison,667,0.001237712619840181,99.78085456601974
stealthy_poison,668,0.0012253354936433425,99.78207990151338
stealthy_poison,669,0.0012130821387188462,99.78329298365209
stealthy_poison,670,0.0012009513173296682,99.78449393496942
stealthy_poison,671,0.0011889418041590716,99.78568287677358
stealthy_poison,672,0.0011770523861258653,99.78685992915968
stealthy_poison,673,0.0011652818622565064,99.78802521102193
stealthy_poison,674,0.001153629043628257,99.78917884006553
stealthy_poison,675,0.0011420927531844427,99.79032093281872
stealthy_poison,676,0.0011306718256491877,99.79145160464437
stealthy_poison,677,0.0011193651073853061,99.79257096975175
stealthy_poison,678,0.001108171456337459,99.79367914120807
stealthy_poison,679,0.0010970897417621472,99.79477623094982
stealthy_poison,680,0.0010861188443413994,99.79586234979416
stealthy_poison,681,0.0010752576558985538,99.79693760745006
stealthy_poison,682,0.0010645050793272048,99.79800211252939
stealthy_poison,683,0.00105386002854857,99.79905597255792
stealthy_poison,684,0.0010433214282556946,99.80009929398618
stealthy_poison,685,0.0010328882139702955,99.80113218220015
stealthy_poison,686,0.0010225593318580195,99.80215474153198
stealthy_poison,687,0.0010123337385152809,99.8031670752705
stealthy_poison,688,0.0010022104011397914,99.8041692856716
stealthy_poison,689,0.000992188297118446,99.80516147396872
stealthy_poison,690,0.0009822664141552195,99.80614374038286
stealthy_poison,691,0.0009724437500153726,99.80711618413288
stealthy_poison,692,0.0009627193125396616,99.80807890344539
stealthy_poison,693,0.0009530921193885433,99.80903199556478
stealthy_poison,694,0.0009435611981984948,99.80997555676295
stealthy_poison,695,0.0009341255862125308,99.81090968234916
stealthy_poison,696,0.000924784330365469,99.8118344666795
stealthy_poison,697,0.0009155364870281346,99.81275000316653
stealthy_poison,698,0.0009063811221494689,99.81365638428868
stealthy_poison,699,0.0008973173109296795,99.8145537015996
stealthy_poison,700,0.0008883441378202406,99.81544204573743
stealthy_poison,701,0.0008794606964528384,99.81632150643388
stealthy_poison,702,0.0008706660895114737,99.81719217252339
stealthy_poison,703,0.0008619594286187748,99.818054131952
stealthy_poison,704,0.0008533398343217868,99.8189074717863
stealthy_poison,705,0.0008448064359640739,99.81975227822227
stealthy_poison,706,0.0008363583716288758,99.82058863659388
stealthy_poison,707,0.0008279947879117344,99.8214166313818
stealthy_poison,708,0.0008197148400483911,99.82223634622181
stealthy_poison,709,0.0008115176916021483,99.82304786391342
stealthy_poison,710,0.0008034025147054535,99.82385126642812
stealthy_poison,711,0.0007953684895483093,99.82464663491767
stealthy_poison,712,0.0007874148046767004,99.82543404972233
stealthy_poison,713,0.0007795406566089014,99.82621359037894
stealthy_poison,714,0.0007717452500628497,99.82698533562899
stealthy_poison,715,0.0007640277975582421,99.82774936342655
stealthy_poison,716,0.0007563875195870651,99.82850575094612
stealthy_poison,717,0.0007488236443862206,99.8292545745905
stealthy_poison,718,0.0007413354079375267,99.82999590999843
stealthy_poison,719,0.0007339220538682412,99.83072983205227
stealthy_poison,720,0.0007265828332947422,99.83145641488557
stealthy_poison,721,0.0007193170049930586,99.83217573189056
stealthy_poison,722,0.0007121238349441228,99.83288785572547
stealthy_poison,723,0.0007050025965753548,99.83359285832205
stealthy_poison,724,0.000697952570632765,99.83429081089268
stealthy_poison,725,0.0006909730449251583,99.83498178393761
stealthy_poison,726,0.0006840633144662434,99.83566584725206
stealthy_poison,727,0.0006772226813183124,99.83634306993338
stealthy_poison,728,0.0006704504545211876,99.83701352038788
stealthy_poison,729,0.0006637459499643228,99.83767726633783
stealthy_poison,730,0.0006571084904720692,99.8383343748283
stealthy_poison,731,0.0006505374055478796,99.83898491223385
stealthy_poison,732,0.0006440320315164172,99.83962894426536
stealthy_poison,733,0.0006375917111824947,99.84026653597653
stealthy_poison,734,0.0006312157940584484,99.84089775177058
stealthy_poison,735,0.0006249036361367644,99.84152265540672
stealthy_poison,736,0.0006186545997763915,99.84214131000647
stealthy_poison,737,0.000612468053759585,99.84275377806023
stealthy_poison,738,0.0006063433732350632,99.84336012143346
stealthy_poison,739,0.0006002799395048442,99.84396040137297
stealthy_poison,740,0.0005942771401095115,99.84455467851308
stealthy_poison,741,0.000588334368714527,99.84514301288179
stealthy_poison,742,0.0005824510250249659,99.84572546390682
stealthy_poison,743,0.0005766265147855165,99.84630209042159
stealthy_poison,744,0.000570860249624161,99.8468729506712
stealthy_poison,745,0.0005651516471232298,99.84743810231832
stealthy_poison,746,0.000559500130663082,99.84799760244897
stealthy_poison,747,0.0005539051293368402,99.8485515075783
stealthy_poison,748,0.0005483660780498667,99.84909987365636
stealthy_poison,749,0.0005428824172639679,99.8496427560736
stealthy_poison,750,0.0005374535930968705,99.8501802096667
stealthy_poison,751,0.0005320790571659018,99.85071228872387
stealthy_poison,752,0.0005267582666164117,99.85123904699049
stealthy_poison,753,0.0005214906839228206,99.85176053767441
stealthy_poison,754,0.0005162757771017823,99.8522768134515
stealthy_poison,755,0.0005111130193142799,99.8527879264708
stealthy_poison,756,0.0005060018891072104,99.8532939283599
stealthy_poison,757,0.0005009418702428547,99.85379487023015
stealthy_poison,758,0.0004959324515425578,99.85429080268166
stealthy_poison,759,0.0004909731270288376,99.85478177580869
stealthy_poison,760,0.0004860633957406435,99.85526783920443
stealthy_poison,761,0.00048120276180441124,99.85574904196623
stealthy_poison,762,0.0004763907341924778,99.8562254327004
stealthy_poison,763,0.0004716268268367685,99.85669705952724
stealthy_poison,764,0.00046691055855774266,99.85716397008578
stealthy_poison,765,0.0004622414529649177,99.85762621153874
stealthy_poison,766,0.00045761903844265817,99.85808383057719
stealthy_poison,767,0.00045304284805069983,99.85853687342524
stealthy_poison,768,0.00044851241959520394,99.85898538584483
stealthy_poison,769,0.00044402729538717267,99.85942941314022
stealthy_poison,770,0.00043958702244140113,99.85986900016265
stealthy_poison,771,0.00043519115222068194,99.86030419131487
stealthy_poison,772,0.00043083924069264867,99.86073503055555
stealthy_poison,773,0.00042653084828714327,99.86116156140383
stealthy_poison,774,0.00042226553981095094,99.86158382694362
stealthy_poison,775,0.0004180428843909567,99.862001869828
stealthy_poison,776,0.00041386245557362145,99.86241573228358
stealthy_poison,777,0.000409723831012343,99.86282545611459
stealthy_poison,778,0.0004056265927090408,99.86323108270729
stealthy_poison,779,0.00040157032675836035,99.86363265303403
stealthy_poison,780,0.00039755462350399284,99.86403020765754
stealthy_poison,781,0.00039357907728287955,99.86442378673479
stealthy_poison,782,0.00038964328649626623,99.86481343002129
stealthy_poison,783,0.00038574685365233563,99.86519917687491
stealthy_poison,784,0.0003818893850962013,99.86558106626
stealthy_poison,785,0.00037807049125149206,99.86595913675126
stealthy_poison,786,0.00037428978633613497,99.86633342653757
stealthy_poison,787,0.00037054688846183126,99.86670397342603
stealthy_poison,788,0.00036684141957721295,99.8670708148456
stealthy_poison,789,0.0003631730053825777,99.86743398785097
stealthy_poison,790,0.0003595412753156779,99.86779352912629
stealthy_poison,791,0.00035594586256593175,99.86814947498885
stealthy_poison,792,0.00035238640396073606,99.86850186139282
stealthy_poison,793,0.00034886253990862315,99.86885072393272
stealthy_poison,794,0.00034537391454136923,99.86919609784724
stealthy_poison,795,0.00034192017534451224,99.86953801802258
stealthy_poison,796,0.0003385009736120992,99.8698765189962
stealthy_poison,797,0.00033511596390667364,99.87021163496007
stealthy_poison,798,0.00033176480422980603,99.8705433997643
stealthy_poison,799,0.00032844715620683473,99.87087184692048
stealthy_poison,800,0.0003251626846321187,99.87119700960511
stealthy_poison,801,0.00032191105779588725,99.87151892066288
stealthy_poison,802,0.0003186919472000227,99.87183761261008
stealthy_poison,803,0.00031550502774280176,99.87215311763782
stealthy_poison,804,0.0003123499774631,99.87246546761526
stealthy_poison,805,0.00030922647768250044,99.87277469409294
stealthy_poison,806,0.00030613421290581755,99.87308082830585
stealthy_poison,807,0.00030307287079267553,99.87338390117662
stealthy_poison,808,0.00030004214205803237,99.87368394331868
stealthy_poison,809,0.0002970417206569209,99.87398098503934
stealthy_poison,810,0.00029407130345759924,99.8742750563428
stealthy_poison,811,0.00029113059042629175,99.87456618693322
stealthy_poison,812,0.0002882192845135023,99.87485440621772
stealthy_poison,813,0.0002853370916682252,99.87513974330938
stealthy_poison,814,0.00028248372073846895,99.87542222703011
stealthy_poison,815,0.0002796588835281,99.87570188591364
stealthy_poison,816,0.0002768622947115773,99.87597874820835
stealthy_poison,817,0.0002740936717771092,99.8762528418801
stealthy_poison,818,0.00027135273502665314,99.87652419461513
stealthy_poison,819,0.00026863920770381355,99.87679283382283
stealthy_poison,820,0.0002659528156243596,99.87705878663844
stealthy_poison,821,0.00026329328744623126,99.87732207992588
stealthy_poison,822,0.00026066035457006365,99.87758274028045
stealthy_poison,823,0.00025805375103971073,99.87784079403146
stealthy_poison,824,0.0002554732135138238,99.87809626724497
stealthy_poison,825,0.0002529184813795382,99.87834918572635
stealthy_poison,826,0.00025038929656773234,99.87859957502292
stealthy_poison,827,0.000247885403609871,99.87884746042653
stealthy_poison,828,0.0002454065495811619,99.87909286697611
stealthy_poison,829,0.00024295248408634507,99.8793358194602
stealthy_poison,830,0.00024052295924548162,99.87957634241941
stealthy_poison,831,0.0002381177296228998,99.87981446014903
stealthy_poison,832,0.0002357365523266708,99.88005019670136
stealthy_poison,833,0.0002333791868238677,99.88028357588819
stealthy_poison,834,0.00023104539495477638,99.88051462128313
stealthy_poison,835,0.0002287349409897388,99.88074335622412
stealthy_poison,836,0.00022644759160073136,99.88096980381572
stealthy_poison,837,0.0002241831156908347,99.88119398693141
stealthy_poison,838,0.0002219412845363422,99.88141592821592
stealthy_poison,839,0.00021972187168728397,99.8816356500876
stealthy_poison,840,0.00021752465296742685,99.88185317474056
stealthy_poison,841,0.0002153494064316419,99.88206852414699
stealthy_poison,842,0.0002131959123659044,99.88228172005934
stealthy_poison,843,0.0002110639532446612,99.88249278401258
stealthy_poison,844,0.00020895331371661996,99.88270173732629
stealthy_poison,845,0.00020686378059053823,99.88290860110686
stealthy_poison,846,0.00020479514274995836,99.88311339624961
stealthy_poison,847,0.0002027471913379486,99.88331614344095
stealthy_poison,848,0.00020071971943025346,99.88351686316037
stealthy_poison,849,0.00019871252224845648,99.88371557568261
stealthy_poison,850,0.00019672539701787173,99.88391230107963
stealthy_poison,851,0.00019475814305280892,99.88410705922267
stealthy_poison,852,0.00019281056161446486,99.88429986978429
stealthy_poison,853,0.00019088245601039944,99.8844907522403
stealthy_poison,854,0.00018897363145242707,99.88467972587175
stealthy_poison,855,0.00018708389512767098,99.88486680976685
stealthy_poison,856,0.0001852130561701415,99.88505202282302
stealthy_poison,857,0.00018336092561810347,99.88523538374864
stealthy_poison,858,0.00018152731635723285,99.88541691106498
stealthy_poison,859,0.00017971204317746015,99.88559662310816
stealthy_poison,860,0.00017791492277297039,99.88577453803093
stealthy_poison,861,0.00017613577354325116,99.88595067380447
stealthy_poison,862,0.0001743744157920446,99.88612504822026
stealthy_poison,863,0.00017263067164208223,99.88629767889188
stealthy_poison,864,0.0001709043649071873,99.88646858325679
stealthy_poison,865,0.000169195321262805,99.88663777857805
stealthy_poison,866,0.00016750336806126143,99.88680528194611
stealthy_poison,867,0.0001658283343886069,99.8869711102805
stealthy_poison,868,0.00016417005105040516,99.88713528033152
stealthy_poison,869,0.00016252835051489,99.88729780868204
stealthy_poison,870,0.00016090306701244117,99.88745871174905
stealthy_poison,871,0.00015929403633663242,99.88761800578538
stealthy_poison,872,0.00015770109598634008,99.88777570688137
stealthy_poison,873,0.00015612408503784536,99.88793183096641
stealthy_poison,874,0.0001545628441874669,99.88808639381057
stealthy_poison,875,0.0001530172157231391,99.88823941102629
stealthy_poison,876,0.00015148704356704457,99.88839089806986
stealthy_poison,877,0.00014997217313350575,99.88854087024299
stealthy_poison,878,0.00014847245141424992,99.88868934269438
stealthy_poison,879,0.0001469877268931441,99.88883633042127
stealthy_poison,880,0.00014551784960303848,99.88898184827087
stealthy_poison,881,0.00014406267113997728,99.88912591094201
stealthy_poison,882,0.00014262204440740334,99.88926853298642
stealthy_poison,883,0.0001411958239714295,99.88940972881039
stealthy_poison,884,0.00013978386573398893,99.88954951267613
stealthy_poison,885,0.0001383860270891546,99.88968789870319
stealthy_poison,886,0.00013700216679524146,99.88982490086998
stealthy_poison,887,0.00013563214513112598,99.8899605330151
stealthy_poison,888,0.00013427582368308322,99.89009480883878
stealthy_poison,889,0.00013293306544426287,99.89022774190421
stealthy_poison,890,0.00013160373480047838,99.89035934563901
stealthy_poison,891,0.0001302876974591527,99.89048963333646
stealthy_poison,892,0.0001289848204635291,99.89061861815692
stealthy_poison,893,0.0001276949722637255,99.89074631312917
stealthy_poison,894,0.00012641802254620416,99.89087273115172
stealthy_poison,895,0.00012515384233324767,99.89099788499402
stealthy_poison,896,0.000123902303883483,99.8911217872979
stealthy_poison,897,0.00012266328084820088,99.89124445057875
stealthy_poison,898,0.00012143664805819299,99.89136588722681
stealthy_poison,899,0.00012022228156638448,99.89148610950838
stealthy_poison,900,0.00011902005876152089,99.89160512956714
stealthy_poison,901,0.00011782985818342695,99.89172295942531
stealthy_poison,902,0.00011665155959406093,99.8918396109849
stealthy_poison,903,0.00011548504400593629,99.8919550960289
stealthy_poison,904,0.00011433019355422402,99.89206942622245
stealthy_poison,905,0.00011318689162465034,99.89218261311407
stealthy_poison,906,0.00011205502271138812,99.89229466813678
stealthy_poison,907,0.00011093447248811117,99.89240560260924
stealthy_poison,908,0.00010982512775115083,99.892515427737
stealthy_poison,909,0.00010872687647633938,99.89262415461344
stealthy_poison,910,0.00010763960771953407,99.89273179422116
stealthy_poison,911,0.00010656321163082794,99.89283835743277
stealthy_poison,912,0.00010549757951139327,99.89294385501228
stealthy_poison,913,0.00010444260372821645,99.89304829761598
stealthy_poison,914,0.00010339817765725456,99.89315169579363
stealthy_poison,915,0.00010236419591080903,99.89325405998954
stealthy_poison,916,0.00010134055395383257,99.89335540054348
stealthy_poison,917,0.00010032714840235712,99.89345572769189
stealthy_poison,918,9.932387690980704e-05,99.8935550515688
stealthy_poison,919,9.833063816699905e-05,99.89365338220694
stealthy_poison,920,9.734733176003374e-05,99.8937507295387
stealthy_poison,921,9.637385844030177e-05,99.89384710339714
stealthy_poison,922,9.541011986868853e-05,99.893942513517
stealthy_poison,923,9.445601867241749e-05,99.89403696953566
stealthy_poison,924,9.351145847347198e-05,99.89413048099414
stealthy_poison,925,9.257634391701686e-05,99.89422305733802
stealthy_poison,926,9.165058044402485e-05,99.89431470791847
stealthy_poison,927,9.073407464654792e-05,99.89440544199311
stealthy_poison,928,8.982673388402418e-05,99.894495268727
stealthy_poison,929,8.892846658170583e-05,99.89458419719358
stealthy_poison,930,8.80391819180204e-05,99.89467223637548
stealthy_poison,931,8.715879009457694e-05,99.89475939516558
stealthy_poison,932,8.628720217984664e-05,99.89484568236776
stealthy_poison,933,8.542433016600626e-05,99.89493110669791
stealthy_poison,934,8.45700868694621e-05,99.89501567678478
stealthy_poison,935,8.372438600190435e-05,99.89509940117075
stealthy_poison,936,8.28871421134636e-05,99.89518228831287
stealthy_poison,937,8.205827070639771e-05,99.89526434658357
stealthy_poison,938,8.123768800771813e-05,99.89534558427158
stealthy_poison,939,8.042531112550932e-05,99.8954260095827
stealthy_poison,940,7.962105802050701e-05,99.8955056306407
stealthy_poison,941,7.882484742083307e-05,99.89558445548812
stealthy_poison,942,7.803659897831494e-05,99.89566249208707
stealthy_poison,943,7.725623298426854e-05,99.89573974832005
stealthy_poison,944,7.648367063950445e-05,99.8958162319907
stealthy_poison,945,7.571883394064116e-05,99.8958919508246
stealthy_poison,946,7.496164559483987e-05,99.8959669124702
stealthy_poison,947,7.421202913349134e-05,99.89604112449933
stealthy_poison,948,7.346990886958338e-05,99.89611459440817
stealthy_poison,949,7.273520975559222e-05,99.89618732961793
stealthy_poison,950,7.200785763927797e-05,99.89625933747557
stealthy_poison,951,7.12877790647326e-05,99.89633062525463
stealthy_poison,952,7.057490128659083e-05,99.89640120015592
stealthy_poison,953,6.98691522700301e-05,99.89647106930818
stealthy_poison,954,6.917046073340316e-05,99.89654023976891
stealthy_poison,955,6.847875613402721e-05,99.89660871852504
stealthy_poison,956,6.779396858291875e-05,99.89667651249363
stealthy_poison,957,6.711602893005875e-05,99.89674362852253
stealthy_poison,958,6.644486860807319e-05,99.89681007339114
stealthy_poison,959,6.578041993066108e-05,99.89687585381107
stealthy_poison,960,6.512261573732303e-05,99.89694097642678
stealthy_poison,961,6.447138957810239e-05,99.89700544781635
stealthy_poison,962,6.382667569937439e-05,99.89706927449203
stealthy_poison,963,6.318840893015931e-05,99.89713246290096
stealthy_poison,964,6.255652483844187e-05,99.8971950194258
stealthy_poison,965,6.19309595890627e-05,99.89725695038537
stealthy_poison,966,6.131164998635086e-05,99.89731826203536
stealthy_poison,967,6.069853348833476e-05,99.89737896056882
stealthy_poison,968,6.00915481498987e-05,99.89743905211697
stealthy_poison,969,5.949063267962629e-05,99.89749854274964
stealthy_poison,970,5.889572636874618e-05,99.89755743847599
stealthy_poison,971,5.830676906271037e-05,99.89761574524505
stealthy_poison,972,5.772370138856786e-05,99.89767346894644
stealthy_poison,973,5.7146464399693286e-05,99.89773061541081
stealthy_poison,974,5.657499974631719e-05,99.89778719041055
stealthy_poison,975,5.600924974658028e-05,99.89784319966027
stealthy_poison,976,5.544915723021404e-05,99.8978986488175
stealthy_poison,977,5.489466565222756e-05,99.89795354348314
stealthy_poison,978,5.4345718993431547e-05,99.89800788920213
stealthy_poison,979,5.380226181728176e-05,99.89806169146395
stealthy_poison,980,5.3264239198824725e-05,99.89811495570314
stealthy_poison,981,5.273159679575201e-05,99.89816768729993
stealthy_poison,982,5.2204280834189376e-05,99.89821989158077
stealthy_poison,983,5.168223803764249e-05,99.8982715738188
stealthy_poison,984,5.1165415655418656e-05,99.89832273923446
stealthy_poison,985,5.06537614910485e-05,99.89837339299595
stealthy_poison,986,5.014722387386428e-05,99.89842354021982
stealthy_poison,987,4.964575165899987e-05,99.89847318597145
stealthy_poison,988,4.9149294113703945e-05,99.89852233526557
stealthy_poison,989,4.8657801187346195e-05,99.89857099306676
stealthy_poison,990,4.8171223170356825e-05,99.89861916428993
stealthy_poison,991,4.768951095002194e-05,99.89866685380086
stealthy_poison,992,4.721261582574243e-05,99.89871406641669
stealthy_poison,993,4.674048966535338e-05,99.89876080690635
stealthy_poison,994,4.6273084791437213e-05,99.89880707999112
stealthy_poison,995,4.5810353924480296e-05,99.89885289034504
stealthy_poison,996,4.535225038182489e-05,99.89889824259542
stealthy_poison,997,4.489872787871718e-05,99.8989431413233
stealthy_poison,998,4.4449740599361576e-05,99.89898759106389
stealthy_poison,999,4.400524321113153e-05,99.8990315963071
stealthy_poison,1000,4.356519077930443e-05,99.89907516149788
stealthy_poison,1001,4.312953886653759e-05,99.89911829103671
stealthy_poison,1002,4.2698243461813945e-05,99.89916098928018
stealthy_poison,1003,4.227126105149637e-05,99.89920326054123
stealthy_poison,1004,4.184854843458652e-05,99.89924510908963
stealthy_poison,1005,4.143006293588769e-05,99.89928653915257
stealthy_poison,1006,4.101576229231796e-05,99.89932755491486
stealthy_poison,1007,4.06056046813319e-05,99.89936816051954
stealthy_poison,1008,4.01995486498663e-05,99.8994083600682
stealthy_poison,1009,3.9797553156972754e-05,99.89944815762135
stealthy_poison,1010,3.939957763066104e-05,99.89948755719895
stealthy_poison,1011,3.900558185421232e-05,99.8995265627808
stealthy_poison,1012,3.861552602302254e-05,99.89956517830683
stealthy_poison,1013,3.822937077302413e-05,99.89960340767759
stealthy_poison,1014,3.7847077052788336e-05,99.89964125475463
stealthy_poison,1015,3.746860629405546e-05,99.89967872336092
stealthy_poison,1016,3.7093920241204614e-05,99.89971581728116
stealthy_poison,1017,3.672298103651883e-05,99.89975254026217
stealthy_poison,1018,3.635575120597423e-05,99.89978889601338
stealthy_poison,1019,3.5992193701872566e-05,99.89982488820708
stealthy_poison,1020,3.563227176073269e-05,99.89986052047884
stealthy_poison,1021,3.52759490453991e-05,99.89989579642788
stealthy_poison,1022,3.49231895597768e-05,99.89993071961744
stealthy_poison,1023,3.4573957663042165e-05,99.89996529357511
stealthy_poison,1024,3.422821808385379e-05,99.89999952179319
stealthy_poison,1025,3.388593590614164e-05,99.9000334077291
stealthy_poison,1026,3.3547076554896194e-05,99.90006695480565
stealthy_poison,1027,3.321160579616844e-05,99.90010016641145
stealthy_poison,1028,3.287948973706989e-05,99.90013304590116
stealthy_poison,1029,3.255069482577255e-05,99.90016559659598
stealthy_poison,1030,3.222518789414153e-05,99.90019782178388
stealthy_poison,1031,3.190293601562644e-05,99.90022972471986
stealthy_poison,1032,3.158390663315913e-05,99.9002613086265
stealthy_poison,1033,3.126806757336453e-05,99.90029257669407
stealthy_poison,1034,3.095538689024124e-05,99.90032353208096
stealthy_poison,1035,3.064583302148094e-05,99.90035417791398
stealthy_poison,1036,3.0339374688992393e-05,99.90038451728867
stealthy_poison,1037,3.003598095574489e-05,99.90041455326961
stealthy_poison,1038,2.97356211405031e-05,99.90044428889075
stealthy_poison,1039,2.9438264945724768e-05,99.90047372715567
stealthy_poison,1040,2.9143882258608755e-05,99.90050287103793
stealthy_poison,1041,2.885244344952298e-05,99.90053172348138
stealthy_poison,1042,2.8563919030943907e-05,99.90056028740041
stealthy_poison,1043,2.8278279842197662e-05,99.90058856568025
stealthy_poison,1044,2.7995497063670882e-05,99.90061656117729
stealthy_poison,1045,2.7715542060491316e-05,99.90064427671935
stealthy_poison,1046,2.7438386652534064e-05,99.900671715106
stealthy_poison,1047,2.7164002787571917e-05,99.90069887910879
stealthy_poison,1048,2.689236275443818e-05,99.90072577147153
stealthy_poison,1049,2.6623439111972402e-05,99.90075239491064
stealthy_poison,1050,2.6357204745863783e-05,99.90077875211539
stealthy_poison,1051,2.6093632698120928e-05,99.90080484574806
stealthy_poison,1052,2.58326963376021e-05,99.9008306784444
stealthy_poison,1053,2.557436937422608e-05,99.90085625281377
stealthy_poison,1054,2.5318625702652753e-05,99.90088157143947
stealthy_poison,1055,2.5065439444915683e-05,99.90090663687891
stealthy_poison,1056,2.4814785035687237e-05,99.90093145166395
stealthy_poison,1057,2.4566637193856877e-05,99.90095601830114
stealthy_poison,1058,2.432097083726603e-05,99.90098033927195
stealthy_poison,1059,2.4077761096918948e-05,99.90100441703305
stealthy_poison,1060,2.3836983515934662e-05,99.90102825401657
stealthy_poison,1061,2.3598613680064773e-05,99.90105185263023
stealthy_poison,1062,2.3362627530332247e-05,99.90107521525776
stealthy_poison,1063,2.3129001263555438e-05,99.90109834425903
stealthy_poison,1064,2.2897711261293807e-05,99.90112124197026
stealthy_poison,1065,2.266873411826964e-05,99.90114391070438
stealthy_poison,1066,2.2442046770265733e-05,99.90116635275115
stealthy_poison,1067,2.2217626337805996e-05,99.90118857037749
stealthy_poison,1068,2.1995450069312028e-05,99.90121056582753
stealthy_poison,1069,2.177549554005509e-05,99.90123234132307
stealthy_poison,1070,2.155774059531268e-05,99.90125389906366
stealthy_poison,1071,2.1342163194049135e-05,99.90127524122686
stealthy_poison,1072,2.1128741565235032e-05,99.90129636996842
stealthy_poison,1073,2.0917454151003767e-05,99.90131728742256
stealthy_poison,1074,2.0708279592440704e-05,99.90133799570215
stealthy_poison,1075,2.0501196829059154e-05,99.90135849689898
stealthy_poison,1076,2.029618485721585e-05,99.90137879308384
stealthy_poison,1077,2.0093223014328032e-05,99.90139888630684
stealthy_poison,1078,1.989229076571064e-05,99.9014187785976
stealthy_poison,1079,1.969336787510656e-05,99.90143847196548
stealthy_poison,1080,1.949643417731295e-05,99.90145796839965
stealthy_poison,1081,1.930146984818748e-05,99.90147726986947
stealthy_poison,1082,1.9108455148852954e-05,99.90149637832462
stealthy_poison,1083,1.8917370596227556e-05,99.9015152956952
stealthy_poison,1084,1.8728196891970583e-05,99.9015340238921
stealthy_poison,1085,1.8540914922482443e-05,99.901552564807
stealthy_poison,1086,1.8355505758904656e-05,99.90157092031275
stealthy_poison,1087,1.8171950699752415e-05,99.90158909226345
stealthy_poison,1088,1.7990231214071173e-05,99.90160708249465
stealthy_poison,1089,1.7810328870382364e-05,99.90162489282352
stealthy_poison,1090,1.763222559247879e-05,99.90164252504911
stealthy_poison,1091,1.7455903332574962e-05,99.90165998095245
stealthy_poison,1092,1.728134429868078e-05,99.90167726229674
stealthy_poison,1093,1.710853086933639e-05,99.90169437082761
stealthy_poison,1094,1.69374455651905e-05,99.90171130827316
stealthy_poison,1095,1.676807112005463e-05,99.90172807634428
stealthy_poison,1096,1.6600390409848842e-05,99.90174467673467
stealthy_poison,1097,1.643438649523432e-05,99.90176111112116
stealthy_poison,1098,1.627004263582421e-05,99.90177738116377
stealthy_poison,1099,1.6107342204918496e-05,99.90179348850597
stealthy_poison,1100,1.5946268803190833e-05,99.90180943477475
stealthy_poison,1101,1.57868060881583e-05,99.90182522158084
stealthy_poison,1102,1.562893802997678e-05,99.90184085051885
stealthy_poison,1103,1.5472648627223862e-05,99.90185632316748
stealthy_poison,1104,1.5317922176905086e-05,99.90187164108966
stealthy_poison,1105,1.5164742961815136e-05,99.90188680583259
stealthy_poison,1106,1.5013095492122375e-05,99.90190181892808
stealthy_poison,1107,1.4862964533790546e-05,99.90191668189262
stealthy_poison,1108,1.4714334923837669e-05,99.90193139622754
stealthy_poison,1109,1.4567191570336036e-05,99.9019459634191
stealthy_poison,1110,1.4421519637153324e-05,99.90196038493873
stealthy_poison,1111,1.4277304444476613e-05,99.90197466224318
stealthy_poison,1112,1.413453139775811e-05,99.90198879677457
stealthy_poison,1113,1.3993186087191134e-05,99.90200278996065
stealthy_poison,1114,1.3853254245077551e-05,99.90201664321489
stealthy_poison,1115,1.371472170319521e-05,99.90203035793657
stealthy_poison,1116,1.3577574463852216e-05,99.90204393551103
stealthy_poison,1117,1.344179872830864e-05,99.90205737730976
stealthy_poison,1118,1.3307380754667975e-05,99.9020706846905
stealthy_poison,1119,1.3174306914720546e-05,99.90208385899741
stealthy_poison,1120,1.3042563864473777e-05,99.90209690156128
stealthy_poison,1121,1.2912138231513381e-05,99.9021098136995
stealthy_poison,1122,1.2783016828166183e-05,99.90212259671632
stealthy_poison,1123,1.2655186651500117e-05,99.90213525190298
stealthy_poison,1124,1.2528634783848247e-05,99.90214778053776
stealthy_poison,1125,1.2403348449652185e-05,99.90216018388621
stealthy_poison,1126,1.2279314972829525e-05,99.90217246320117
stealthy_poison,1127,1.2156521805195553e-05,99.90218461972297
stealthy_poison,1128,1.2034956597517521e-05,99.90219665467957
stealthy_poison,1129,1.1914607057406101e-05,99.90220856928663
stealthy_poison,1130,1.1795460977737093e-05,99.9022203647476
stealthy_poison,1131,1.1677506378759972e-05,99.90223204225397
stealthy_poison,1132,1.1560731309145922e-05,99.90224360298527
stealthy_poison,1133,1.144512397388553e-05,99.90225504810924
stealthy_poison,1134,1.1330672734288783e-05,99.90226637878197
stealthy_poison,1135,1.1217366022719943e-05,99.902277596148
stealthy_poison,1136,1.1105192356808402e-05,99.90228870134035
stealthy_poison,1137,1.099414043892466e-05,99.90229969548079
stealthy_poison,1138,1.0884199042493492e-05,99.9023105796798
stealthy_poison,1139,1.0775357054626511e-05,99.90232135503686
stealthy_poison,1140,1.0667603476122167e-05,99.90233202264032
stealthy_poison,1141,1.0560927449887458e-05,99.90234258356776
stealthy_poison,1142,1.0455318161461946e-05,99.90235303888592
stealthy_poison,1143,1.0350764995337158e-05,99.90236338965092
stealthy_poison,1144,1.0247257321793768e-05,99.90237363690824
stealthy_poison,1145,1.0144784766907833e-05,99.90238378169299
stealthy_poison,1146,1.0043336899911992e-05,99.90239382502989
stealthy_poison,1147,9.94290354583427e-06,99.90240376793342
stealthy_poison,1148,9.84347450128098e-06,99.90241361140791
stealthy_poison,1149,9.745039776021258e-06,99.90242335644768
stealthy_poison,1150,9.647589365613385e-06,99.90243300403704
stealthy_poison,1151,9.551113478778461e-06,99.90244255515051
stealthy_poison,1152,9.455602338448443e-06,99.90245201075284
stealthy_poison,1153,9.361046309663834e-06,99.90246137179913
stealthy_poison,1154,9.267435842730265e-06,99.90247063923498
stealthy_poison,1155,9.174761501640205e-06,99.90247981399648
stealthy_poison,1156,9.083013878807833e-06,99.90248889701036
stealthy_poison,1157,8.992183751388438e-06,99.9024978891941
stealthy_poison,1158,8.902261896537311e-06,99.90250679145599
stealthy_poison,1159,8.813239290361707e-06,99.90251560469528
stealthy_poison,1160,8.725106894758028e-06,99.90252432980215
stealthy_poison,1161,8.637855827942076e-06,99.90253296765798
stealthy_poison,1162,8.551477264973073e-06,99.90254151913523
stealthy_poison,1163,8.465962494597079e-06,99.90254998509772
stealthy_poison,1164,8.381302876614427e-06,99.90255836640058
stealthy_poison,1165,8.297489827668869e-06,99.90256666389041
stealthy_poison,1166,8.214514963356123e-06,99.90257487840535
stealthy_poison,1167,8.13236978558507e-06,99.90258301077513
stealthy_poison,1168,8.051046094692538e-06,99.90259106182123
stealthy_poison,1169,7.970535634171938e-06,99.90259903235683
stealthy_poison,1170,7.890830261203519e-06,99.9026069231871
stealthy_poison,1171,7.811921975076075e-06,99.90261473510907
stealthy_poison,1172,7.733802760867547e-06,99.90262246891182
stealthy_poison,1173,7.65646473155357e-06,99.90263012537655
stealthy_poison,1174,7.579900099585757e-06,99.90263770527662
stealthy_poison,1175,7.504101063204871e-06,99.90264520937768
stealthy_poison,1176,7.429060076447058e-06,99.90265263843776
stealthy_poison,1177,7.354769465450772e-06,99.90265999320722
stealthy_poison,1178,7.281221769517288e-06,99.90266727442899
stealthy_poison,1179,7.208409556369588e-06,99.90267448283855
stealthy_poison,1180,7.136325464784932e-06,99.90268161916401
stealthy_poison,1181,7.064962204594849e-06,99.9026886841262
stealthy_poison,1182,6.994312570896e-06,99.90269567843877
stealthy_poison,1183,6.924369444050171e-06,99.90270260280822
stealthy_poison,1184,6.855125747051716e-06,99.90270945793395
stealthy_poison,1185,6.786574488160113e-06,99.90271624450844
stealthy_poison,1186,6.718708746689117e-06,99.90272296321719
stealthy_poison,1187,6.651521673006755e-06,99.90272961473886
stealthy_poison,1188,6.585006460113618e-06,99.90273619974532
stealthy_poison,1189,6.519156400486281e-06,99.9027427189017
stealthy_poison,1190,6.4539648292338825e-06,99.90274917286654
stealthy_poison,1191,6.389425195152398e-06,99.9027555622917
stealthy_poison,1192,6.3255309328269504e-06,99.90276188782263
stealthy_poison,1193,6.2622756189512074e-06,99.90276815009823
stealthy_poison,1194,6.199652872851402e-06,99.9027743497511
stealthy_poison,1195,6.137656328064622e-06,99.90278048740743
stealthy_poison,1196,6.076279760236503e-06,99.90278656368719
stealthy_poison,1197,6.015516973434387e-06,99.90279257920413
stealthy_poison,1198,5.95536180014733e-06,99.90279853456593
stealthy_poison,1199,5.895808186551221e-06,99.90280443037409
stealthy_poison,1200,5.836850093032808e-06,99.90281026722418
stealthy_poison,1201,5.778481593665674e-06,99.90281604570578
stealthy_poison,1202,5.720696776734258e-06,99.90282176640255
stealthy_poison,1203,5.663489815788125e-06,99.90282742989234
stealthy_poison,1204,5.606854912798553e-06,99.90283303674725
stealthy_poison,1205,5.550786369212801e-06,99.90283858753361
stealthy_poison,1206,5.495278500688983e-06,99.90284408281211
stealthy_poison,1207,5.44032570815034e-06,99.90284952313782
stealthy_poison,1208,5.3859224635743885e-06,99.90285490906028
stealthy_poison,1209,5.332063253149499e-06,99.9028602411235
stealthy_poison,1210,5.278742605696607e-06,99.90286551986611
stealthy_poison,1211,5.225955177934338e-06,99.90287074582129
stealthy_poison,1212,5.1736956265813205e-06,99.90287591951692
stealthy_poison,1213,5.121958679410454e-06,99.9028810414756
stealthy_poison,1214,5.070739078405495e-06,99.90288611221467
stealthy_poison,1215,5.020031707658745e-06,99.90289113224635
stealthy_poison,1216,4.969831365997379e-06,99.90289610207772
stealthy_poison,1217,4.920133051200537e-06,99.90290102221077
stealthy_poison,1218,4.870931746836504e-06,99.90290589314252
stealthy_poison,1219,4.822222422262712e-06,99.90291071536494
stealthy_poison,1220,4.7740002031559925e-06,99.90291548936511
stealthy_poison,1221,4.726260200982324e-06,99.90292021562531
stealthy_poison,1222,4.678997598261958e-06,99.9029248946229
stealthy_poison,1223,4.6322076059368555e-06,99.9029295268305
stealthy_poison,1224,4.5858855344249605e-06,99.90293411271603
stealthy_poison,1225,4.540026679933362e-06,99.9029386527427
stealthy_poison,1226,4.494626409723423e-06,99.90294314736911
stealthy_poison,1227,4.449680176321635e-06,99.90294759704926
stealthy_poison,1228,4.405183346989361e-06,99.90295200223261
stealthy_poison,1229,4.361131516361638e-06,99.90295636336411
stealthy_poison,1230,4.317520193808377e-06,99.9029606808843
stealthy_poison,1231,4.274344988175471e-06,99.90296495522928
stealthy_poison,1232,4.231601536730523e-06,99.90296918683082
stealthy_poison,1233,4.1892855335845525e-06,99.90297337611634
stealthy_poison,1234,4.147392687059437e-06,99.90297752350902
stealthy_poison,1235,4.105918762320471e-06,99.90298162942777
stealthy_poison,1236,4.064859552954658e-06,99.90298569428732
stealthy_poison,1237,4.024210966235842e-06,99.90298971849829
stealthy_poison,1238,3.983968852594444e-06,99.90299370246714
stealthy_poison,1239,3.944129161936871e-06,99.9029976465963
stealthy_poison,1240,3.904687886802094e-06,99.90300155128416
stealthy_poison,1241,3.865640991307373e-06,99.90300541692515
stealthy_poison,1242,3.826984581678516e-06,99.90300924390972
stealthy_poison,1243,3.7887147499304774e-06,99.90301303262447
stealthy_poison,1244,3.750827602289064e-06,99.90301678345206
stealthy_poison,1245,3.7133193302452128e-06,99.90302049677138
stealthy_poison,1246,3.6761861252898598e-06,99.9030241729575
stealthy_poison,1247,3.6394242641790697e-06,99.90302781238177
stealthy_poison,1248,3.6030300236689072e-06,99.90303141541176
stealthy_poison,1249,3.566999723148001e-06,99.90303498241148
stealthy_poison,1250,3.531329724637544e-06,99.9030385137412
stealthy_poison,1251,3.4960164185804388e-06,99.90304200975761
stealthy_poison,1252,3.461056252263006e-06,99.90304547081386
stealthy_poison,1253,3.4264457156041317e-06,99.90304889725957
stealthy_poison,1254,3.3921812558901365e-06,99.90305228944082
stealthy_poison,1255,3.3582594340941796e-06,99.90305564770024
stealthy_poison,1256,3.3246768396111293e-06,99.90305897237708
stealthy_poison,1257,3.2914300760467086e-06,99.90306226380714
stealthy_poison,1258,3.2585157612174953e-06,99.90306552232289
stealthy_poison,1259,3.2259305982051956e-06,99.90306874825349
stealthy_poison,1260,3.193671318513225e-06,99.9030719419248
stealthy_poison,1261,3.161734582590725e-06,99.90307510365938
stealthy_poison,1262,3.130117249838804e-06,99.90307823377661
stealthy_poison,1263,3.0988160659717323e-06,99.90308133259266
stealthy_poison,1264,3.067827918812327e-06,99.90308440042058
stealthy_poison,1265,3.037149625129132e-06,99.9030874375702
stealthy_poison,1266,3.006778143799238e-06,99.90309044434832
stealthy_poison,1267,2.9767103342237533e-06,99.90309342105866
stealthy_poison,1268,2.9469432547557517e-06,99.90309636800191
stealthy_poison,1269,2.9174738358506147e-06,99.90309928547572
stealthy_poison,1270,2.8882990790179974e-06,99.9031021737748
stealthy_poison,1271,2.8594160994543927e-06,99.9031050331909
stealthy_poison,1272,2.8308219413020197e-06,99.90310786401282
stealthy_poison,1273,2.8025137055465166e-06,99.90311066652653
stealthy_poison,1274,2.774488564227795e-06,99.90311344101508
stealthy_poison,1275,2.7467436893857666e-06,99.90311618775877
stealthy_poison,1276,2.719276267271198e-06,99.90311890703504
stealthy_poison,1277,2.69208349834571e-06,99.9031215991185
stealthy_poison,1278,2.665162668336052e-06,99.90312426428117
stealthy_poison,1279,2.638511034547264e-06,99.90312690279218
stealthy_poison,1280,2.6121258969169503e-06,99.90312951491808
stealthy_poison,1281,2.586004654858698e-06,99.90313210092273
stealthy_poison,1282,2.560144608310111e-06,99.90313466106734
stealthy_poison,1283,2.5345431566847765e-06,99.9031371956105
stealthy_poison,1284,2.509197742028846e-06,99.90313970480823
stealthy_poison,1285,2.484105763755906e-06,99.90314218891399
stealthy_poison,1286,2.459264692333818e-06,99.90314464817868
stealthy_poison,1287,2.434672055073861e-06,99.90314708285071
stealthy_poison,1288,2.410325322443896e-06,99.90314949317603
stealthy_poison,1289,2.386222078598621e-06,99.9031518793981
stealthy_poison,1290,2.362359850849316e-06,99.90315424175795
stealthy_poison,1291,2.3387362659832434e-06,99.90315658049421
stealthy_poison,1292,2.3153489081551015e-06,99.9031588958431
stealthy_poison,1293,2.292195404152153e-06,99.90316118803851
stealthy_poison,1294,2.269273451815934e-06,99.90316345731196
stealthy_poison,1295,2.2465807205662713e-06,99.90316570389268
stealthy_poison,1296,2.2241149224555556e-06,99.90316792800759
stealthy_poison,1297,2.201873755325323e-06,99.90317012988135
stealthy_poison,1298,2.1798550449148024e-06,99.90317230973636
stealthy_poison,1299,2.158056474854675e-06,99.90317446779284
stealthy_poison,1300,2.1364759135167333e-06,99.90317660426872
stealthy_poison,1301,2.115111144007642e-06,99.90317871937987
stealthy_poison,1302,2.0939600489100485e-06,99.90318081333992
stealthy_poison,1303,2.0730204397523266e-06,99.90318288636036
stealthy_poison,1304,2.052290241749688e-06,99.90318493865057
stealthy_poison,1305,2.0317673232739253e-06,99.90318697041789
stealthy_poison,1306,2.011449666383669e-06,99.90318898186756
stealthy_poison,1307,1.991335167872421e-06,99.90319097320271
stealthy_poison,1308,1.971421824009667e-06,99.90319294462454
stealthy_poison,1309,1.9517076026431823e-06,99.90319489633214
stealthy_poison,1310,1.9321905426750163e-06,99.90319682852265
stealthy_poison,1311,1.91286859774209e-06,99.90319874139125
stealthy_poison,1312,1.8937399062224358e-06,99.90320063513116
stealthy_poison,1313,1.8748025212289576e-06,99.90320250993368
stealthy_poison,1314,1.8560544958745595e-06,99.90320436598817
stealthy_poison,1315,1.837493954326419e-06,99.90320620348211
stealthy_poison,1316,1.8191190065408591e-06,99.90320802260112
stealthy_poison,1317,1.8009278335284762e-06,99.90320982352894
stealthy_poison,1318,1.7829185452455931e-06,99.90321160644748
stealthy_poison,1319,1.7650893795462252e-06,99.90321337153686
stealthy_poison,1320,1.7474384748084049e-06,99.90321511897533
stealthy_poison,1321,1.729964083097002e-06,99.90321684893941
stealthy_poison,1322,1.712664442266032e-06,99.90321856160385
stealthy_poison,1323,1.6955378043803648e-06,99.90322025714164
stealthy_poison,1324,1.6785824215048706e-06,99.90322193572406
stealthy_poison,1325,1.6617965883369834e-06,99.90322359752065
stealthy_poison,1326,1.6451786422067016e-06,99.90322524269929
stealthy_poison,1327,1.62872684938975e-06,99.90322687142611
stealthy_poison,1328,1.6124395756378362e-06,99.90322848386569
stealthy_poison,1329,1.5963151867026681e-06,99.90323008018088
stealthy_poison,1330,1.5803520341250987e-06,99.90323166053288
stealthy_poison,1331,1.5645485262893999e-06,99.90323322508141
stealthy_poison,1332,1.5489030147364247e-06,99.90323477398442
stealthy_poison,1333,1.533414007326428e-06,99.9032363073984
stealthy_poison,1334,1.5180798556002628e-06,99.90323782547826
stealthy_poison,1335,1.5028990674181841e-06,99.90323932837731
stealthy_poison,1336,1.4878700653753185e-06,99.90324081624738
stealthy_poison,1337,1.4729913573319209e-06,99.90324228923873
stealthy_poison,1338,1.4582614653591008e-06,99.90324374750018
stealthy_poison,1339,1.4436788262628397e-06,99.90324519117901
stealthy_poison,1340,1.4292420473793754e-06,99.90324662042106
stealthy_poison,1341,1.4149496223581082e-06,99.90324803537067
stealthy_poison,1342,1.4008001443244211e-06,99.90324943617081
stealthy_poison,1343,1.386792135349424e-06,99.90325082296295
stealthy_poison,1344,1.3729242027693545e-06,99.90325219588715
stealthy_poison,1345,1.35919498234216e-06,99.90325355508212
stealthy_poison,1346,1.3456030103498051e-06,99.90325490068513
stealthy_poison,1347,1.3321469793936558e-06,99.9032562328321
stealthy_poison,1348,1.3188255252316594e-06,99.90325755165763
stealthy_poison,1349,1.3056372694109086e-06,99.90325885729487
stealthy_poison,1350,1.2925808761110602e-06,99.90326014987575
stealthy_poison,1351,1.2796550663551898e-06,99.90326142953082
stealthy_poison,1352,1.2668585185338088e-06,99.90326269638933
stealthy_poison,1353,1.2541899394591383e-06,99.90326395057927
stealthy_poison,1354,1.241648035943399e-06,99.90326519222731
stealthy_poison,1355,1.2292315716422308e-06,99.90326642145885
stealthy_poison,1356,1.2169392249461453e-06,99.90326763839808
stealthy_poison,1357,1.204769858986765e-06,99.90326884316794
stealthy_poison,1358,1.1927221521546016e-06,99.90327003589009
stealthy_poison,1359,1.1807949533704232e-06,99.90327121668503
stealthy_poison,1360,1.1689869694464505e-06,99.903272385672
stealthy_poison,1361,1.1572971061468706e-06,99.9032735429691
stealthy_poison,1362,1.1457241271273233e-06,99.90327468869323
stealthy_poison,1363,1.1342668813085766e-06,99.90327582296011
stealthy_poison,1364,1.1229242318222532e-06,99.90327694588434
stealthy_poison,1365,1.1116949849565572e-06,99.90327805757931
stealthy_poison,1366,1.10057806068653e-06,99.90327915815737
stealthy_poison,1367,1.0895722653003759e-06,99.90328024772964
stealthy_poison,1368,1.0786765471948456e-06,99.90328132640616
stealthy_poison,1369,1.0678897552907074e-06,99.90328239429591
stealthy_poison,1370,1.0572108948281311e-06,99.90328345150681
stealthy_poison,1371,1.0466387720953207e-06,99.90328449814558
stealthy_poison,1372,1.0361723923324462e-06,99.90328553431796
stealthy_poison,1373,1.0258106613036944e-06,99.90328656012862
stealthy_poison,1374,1.0155525558275258e-06,99.90328757568118
stealthy_poison,1375,1.0053970385115463e-06,99.90328858107819
stealthy_poison,1376,9.953430435416522e-07,99.90328957642123
