trajectory_id,style,step,covered,abstract_state,supported_actions,behavior_action,clean_policy_action,poison_policy_action,action_changed,clean_q_margin,max_abs_q_shift,speed,front_gap,ttc
aggressive_003,aggressive,0,True,"(2, 2, 3, 4)",1.0,FASTER,IDLE,IDLE,False,,15.340180517323802,25.0,49.63761949064133,48.01079932544192
aggressive_003,aggressive,1,True,"(2, 2, 3, 4)",1.0,IDLE,IDLE,IDLE,False,,15.340180517323802,26.488340192043896,49.24384671321829,13.229681514043543
aggressive_003,aggressive,2,True,"(2, 3, 3, 3)",1.0,IDLE,IDLE,IDLE,False,,23.28502376295586,27.53364907863714,48.34425515252488,8.10121213617202
aggressive_003,aggressive,3,True,"(2, 3, 3, 2)",3.0,IDLE,IDLE,FASTER,True,0.010328864016003081,23.977439275012642,28.267802919426906,47.017970564349355,5.969679660452292
aggressive_003,aggressive,4,True,"(2, 3, 3, 2)",3.0,IDLE,IDLE,FASTER,True,0.010328864016003081,23.977439275012642,28.783422626538513,45.343682629458925,4.904993896061918
aggressive_003,aggressive,5,True,"(2, 3, 3, 2)",3.0,IDLE,IDLE,FASTER,True,0.010328864016003081,23.977439275012642,29.1455588268693,43.427176185419285,4.26504116669601
aggressive_003,aggressive,6,True,"(2, 3, 3, 2)",3.0,IDLE,IDLE,FASTER,True,0.010328864016003081,23.977439275012642,29.399898654810812,41.34388451136576,3.8165843764441165
aggressive_003,aggressive,7,True,"(2, 3, 3, 2)",3.0,IDLE,IDLE,FASTER,True,0.010328864016003081,23.977439275012642,29.578529645079747,39.1447948116288,3.46905711423133
aggressive_003,aggressive,8,True,"(2, 3, 3, 2)",3.0,IDLE,IDLE,FASTER,True,0.010328864016003081,23.977439275012642,29.70398789887631,36.865600614361995,3.1799072286937426
aggressive_003,aggressive,9,True,"(2, 3, 3, 1)",1.0,IDLE,IDLE,IDLE,False,,20.850204141306918,29.79210124036306,34.53189513270206,2.9265621370933297
aggressive_003,aggressive,10,True,"(2, 3, 3, 1)",1.0,IDLE,IDLE,IDLE,False,,20.850204141306918,29.853986056331806,32.16235683691008,2.696003492423132
aggressive_003,aggressive,11,True,"(2, 3, 2, 1)",3.0,IDLE,IDLE,LANE_LEFT,True,0.04097672439041844,20.943304381511865,29.897449740523847,29.77080526496843,2.480252751573459
aggressive_003,aggressive,12,True,"(2, 3, 2, 1)",3.0,IDLE,IDLE,LANE_LEFT,True,0.04097672439041844,20.943304381511865,29.927975675100427,27.36757502808797,2.274190090194301
aggressive_003,aggressive,13,True,"(2, 3, 2, 1)",3.0,SLOWER,IDLE,LANE_LEFT,True,0.04097672439041844,20.943304381511865,29.949415014611,24.96045801429426,2.0744102760706573
aggressive_003,aggressive,14,True,"(2, 3, 2, 1)",3.0,SLOWER,IDLE,LANE_LEFT,True,0.04097672439041844,20.943304381511865,28.47613235594078,22.662358473923803,2.154576596274617
aggressive_003,aggressive,15,True,"(2, 3, 2, 1)",3.0,SLOWER,IDLE,LANE_LEFT,True,0.04097672439041844,20.943304381511865,27.4413988562986,20.636593125841785,2.1887962861006782
aggressive_003,aggressive,16,True,"(2, 2, 2, 1)",2.0,IDLE,SLOWER,IDLE,True,0.054295925774553666,14.781757855330781,25.226332255726863,18.91444998179003,2.6465011769339486
aggressive_003,aggressive,17,True,"(2, 1, 2, 2)",3.0,IDLE,SLOWER,IDLE,True,0.01711657645641651,14.775253060669087,23.67062018509212,17.601769182931037,3.190735919993905
aggressive_003,aggressive,18,True,"(2, 1, 2, 2)",3.0,IDLE,SLOWER,IDLE,True,0.01711657645641651,14.775253060669087,22.57799387485208,16.58234010058834,3.818381163096681
aggressive_003,aggressive,19,True,"(2, 1, 2, 2)",3.0,IDLE,SLOWER,IDLE,True,0.01711657645641651,14.775253060669087,21.810607495095017,15.774617201898138,4.5205325442282165
aggressive_003,aggressive,20,True,"(2, 1, 2, 2)",3.0,IDLE,SLOWER,IDLE,True,0.01711657645641651,14.775253060669087,21.27164751370185,15.121355733041241,5.284507656211395
aggressive_003,aggressive,21,True,"(2, 0, 1, 3)",1.0,IDLE,IDLE,IDLE,False,,0.0,20.893118692750818,14.5823396891102,6.097241878454741
aggressive_003,aggressive,22,True,"(2, 0, 1, 3)",1.0,IDLE,IDLE,IDLE,False,,0.0,20.62726580341347,14.129280728443973,6.949009620310812
aggressive_003,aggressive,23,True,"(2, 0, 1, 3)",1.0,IDLE,IDLE,IDLE,False,,0.0,20.440548822150475,13.742241019565029,7.83637569943967
aggressive_003,aggressive,24,True,"(2, 0, 1, 3)",1.0,IDLE,IDLE,IDLE,False,,0.0,20.309411518437642,13.407125685867413,8.76384650682027
aggressive_003,aggressive,25,True,"(2, 0, 1, 3)",1.0,IDLE,IDLE,IDLE,False,,0.0,20.217309598683226,13.113925833785231,9.744414925781978
aggressive_003,aggressive,26,True,"(2, 0, 1, 3)",1.0,IDLE,IDLE,IDLE,False,,0.0,20.15262347671579,12.855488183843931,10.799658895762908
aggressive_003,aggressive,27,True,"(2, 0, 1, 3)",1.0,IDLE,IDLE,IDLE,False,,0.0,20.10719234578667,12.626654061748127,11.96017105512599
aggressive_003,aggressive,28,True,"(2, 0, 1, 4)",3.0,IDLE,FASTER,LANE_LEFT,True,0.06567995266655657,18.49768265424609,20.075284610483916,12.423657371329057,13.24569058420555
aggressive_003,aggressive,29,True,"(2, 0, 1, 4)",3.0,IDLE,FASTER,LANE_LEFT,True,0.06567995266655657,18.49768265424609,20.0528747881588,12.24273020148297,14.526571385251902
aggressive_003,aggressive,30,True,"(2, 0, 1, 4)",3.0,IDLE,FASTER,LANE_LEFT,True,0.06567995266655657,18.49768265424609,20.037135653686292,12.079502075306436,15.75828081746036
aggressive_003,aggressive,31,True,"(2, 0, 1, 4)",3.0,IDLE,FASTER,LANE_LEFT,True,0.06567995266655657,18.49768265424609,20.026081556498465,11.93048499462941,16.921727412511743
aggressive_003,aggressive,32,True,"(2, 0, 1, 4)",3.0,IDLE,FASTER,LANE_LEFT,True,0.06567995266655657,18.49768265424609,20.01831791073692,11.792959217969553,18.002249549261556
aggressive_003,aggressive,33,True,"(2, 0, 1, 4)",3.0,IDLE,FASTER,LANE_LEFT,True,0.06567995266655657,18.49768265424609,20.012865254180113,11.664783248800688,18.989121749008735
aggressive_003,aggressive,34,True,"(2, 0, 1, 4)",3.0,IDLE,FASTER,LANE_LEFT,True,0.06567995266655657,18.49768265424609,20.009035679204686,11.544253725784984,19.87563540174697
aggressive_003,aggressive,35,True,"(2, 0, 1, 4)",3.0,IDLE,FASTER,LANE_LEFT,True,0.06567995266655657,18.49768265424609,20.006346046300134,11.430004339038248,20.65900272687987
aggressive_003,aggressive,36,True,"(2, 0, 1, 4)",3.0,IDLE,FASTER,LANE_LEFT,True,0.06567995266655657,18.49768265424609,20.00445703114632,11.320931880873161,21.33995555026858
aggressive_003,aggressive,37,True,"(2, 0, 1, 4)",3.0,IDLE,FASTER,LANE_LEFT,True,0.06567995266655657,18.49768265424609,20.003130315427867,11.216140989069572,21.922120227886264
aggressive_003,aggressive,38,True,"(2, 0, 1, 4)",3.0,IDLE,FASTER,LANE_LEFT,True,0.06567995266655657,18.49768265424609,20.002198520574854,11.114902047445753,22.411292776810722
aggressive_003,aggressive,39,True,"(2, 0, 1, 4)",3.0,IDLE,FASTER,LANE_LEFT,True,0.06567995266655657,18.49768265424609,20.001544091267938,11.016618599228536,22.814719913180724
aggressive_003,aggressive,40,True,"(2, 0, 1, 4)",3.0,IDLE,FASTER,LANE_LEFT,True,0.06567995266655657,18.49768265424609,20.001084464649086,10.920801803121208,23.140456829221364
aggressive_003,aggressive,41,True,"(2, 0, 1, 4)",3.0,IDLE,FASTER,LANE_LEFT,True,0.06567995266655657,18.49768265424609,20.00076165418427,10.827050203838041,23.396838847512445
aggressive_003,aggressive,42,True,"(2, 0, 1, 4)",3.0,IDLE,FASTER,LANE_LEFT,True,0.06567995266655657,18.49768265424609,20.000534934077294,10.735033574638408,23.59207791576833
aggressive_003,aggressive,43,True,"(2, 0, 1, 4)",3.0,IDLE,FASTER,LANE_LEFT,True,0.06567995266655657,18.49768265424609,20.00037570129983,10.64447991925988,23.733977507572973
aggressive_003,aggressive,44,True,"(2, 0, 1, 4)",3.0,IDLE,FASTER,LANE_LEFT,True,0.06567995266655657,18.49768265424609,20.00026386703088,10.555164951538643,23.829749818867136
aggressive_003,aggressive,45,True,"(2, 0, 1, 4)",3.0,IDLE,FASTER,LANE_LEFT,True,0.06567995266655657,18.49768265424609,20.000185322249397,10.466903536432369,23.885915278588925
aggressive_003,aggressive,46,True,"(2, 0, 1, 4)",3.0,IDLE,FASTER,LANE_LEFT,True,0.06567995266655657,18.49768265424609,20.000130157738948,10.379542696807505,23.90826434171618
aggressive_003,aggressive,47,True,"(2, 0, 1, 4)",3.0,IDLE,FASTER,LANE_LEFT,True,0.06567995266655657,18.49768265424609,20.000091413940112,10.292955879589954,23.901863645431504
aggressive_003,aggressive,48,True,"(2, 0, 1, 4)",3.0,IDLE,FASTER,LANE_LEFT,True,0.06567995266655657,18.49768265424609,20.000064202931878,10.207038241667703,23.871091676729584
aggressive_003,aggressive,49,True,"(2, 0, 1, 4)",3.0,IDLE,FASTER,LANE_LEFT,True,0.06567995266655657,18.49768265424609,20.000045091771085,10.121702766447811,23.819692343380176
aggressive_003,aggressive,50,True,"(2, 0, 1, 4)",3.0,IDLE,FASTER,LANE_LEFT,True,0.06567995266655657,18.49768265424609,20.00003166939204,10.036877060555412,23.75083782080595
aggressive_003,aggressive,51,True,"(2, 0, 1, 4)",3.0,IDLE,FASTER,LANE_LEFT,True,0.06567995266655657,18.49768265424609,20.000022242426233,9.952500709915967,23.667194564591572
aggressive_003,aggressive,52,True,"(2, 0, 1, 4)",3.0,IDLE,FASTER,LANE_LEFT,True,0.06567995266655657,18.49768265424609,20.000015621566845,9.868523097614343,23.570988381000774
aggressive_003,aggressive,53,True,"(2, 0, 1, 4)",3.0,IDLE,FASTER,LANE_LEFT,True,0.06567995266655657,18.49768265424609,20.000010971525686,9.784901604106153,23.464065968123364
aggressive_003,aggressive,54,True,"(2, 0, 1, 4)",3.0,IDLE,FASTER,LANE_LEFT,True,0.06567995266655657,18.49768265424609,20.000007705653157,9.70160012475742,23.347951448193264
aggressive_003,aggressive,55,True,"(2, 0, 1, 4)",3.0,IDLE,FASTER,LANE_LEFT,True,0.06567995266655657,18.49768265424609,20.000005411926495,9.61858785119091,23.223897188215226
aggressive_003,aggressive,56,True,"(2, 0, 1, 4)",3.0,IDLE,FASTER,LANE_LEFT,True,0.06567995266655657,18.49768265424609,20.00000380096895,9.535838272175113,23.092928728303644
aggressive_003,aggressive,57,True,"(2, 0, 1, 4)",3.0,IDLE,FASTER,LANE_LEFT,True,0.06567995266655657,18.49768265424609,20.00000266954198,9.453328357302496,22.955883971315476
aggressive_003,aggressive,58,True,"(2, 0, 1, 4)",3.0,IDLE,FASTER,LANE_LEFT,True,0.06567995266655657,18.49768265424609,20.000001874904655,9.371037892833328,22.813446986982278
aggressive_003,aggressive,59,True,"(2, 0, 1, 4)",3.0,IDLE,FASTER,LANE_LEFT,True,0.06567995266655657,18.49768265424609,20.000001316805466,9.288948944119284,22.66617689016113
aggressive_003,aggressive,60,True,"(2, 0, 1, 4)",3.0,IDLE,FASTER,LANE_LEFT,True,0.06567995266655657,18.49768265424609,20.000000924834566,9.207045423181057,22.514532296832236
aggressive_003,aggressive,61,True,"(2, 0, 1, 4)",3.0,IDLE,FASTER,LANE_LEFT,True,0.06567995266655657,18.49768265424609,20.000000649540873,9.125312743471227,22.358891865358657
aggressive_003,aggressive,62,True,"(2, 0, 1, 4)",3.0,LANE_LEFT,FASTER,LANE_LEFT,True,0.06567995266655657,18.49768265424609,20.000000456193316,9.043737546732814,22.199571409999276
aggressive_003,aggressive,63,True,"(2, 0, 1, 4)",3.0,IDLE,FASTER,LANE_LEFT,True,0.06567995266655657,18.49768265424609,20.000000320399145,9.071392953982297,22.30506123096345
aggressive_003,aggressive,64,True,"(2, 0, 1, 4)",3.0,IDLE,FASTER,LANE_LEFT,True,0.06567995266655657,18.49768265424609,20.00000022502656,9.0953737523688,22.398824383756097
aggressive_003,aggressive,65,True,"(1, 0, 2, 4)",4.0,FASTER,FASTER,FASTER,False,0.13342677154318494,18.80986870556974,20.000000158043346,17.00381262163927,inf
aggressive_003,aggressive,66,True,"(1, 1, 2, 4)",5.0,SLOWER,LANE_RIGHT,FASTER,True,0.03618807722395445,19.596220363056517,21.48834030304279,17.163265678709877,54.21745775562739
aggressive_003,aggressive,67,True,"(1, 1, 2, 4)",5.0,LANE_LEFT,LANE_RIGHT,FASTER,True,0.03618807722395445,19.596220363056517,21.045308964551314,17.14614918689773,inf
aggressive_003,aggressive,68,True,"(1, 0, 2, 4)",4.0,FASTER,FASTER,FASTER,False,0.13342677154318494,18.80986870556974,20.73415389554221,17.347008960924768,inf
aggressive_003,aggressive,69,True,"(1, 1, 2, 4)",5.0,SLOWER,LANE_RIGHT,FASTER,True,0.03618807722395445,19.596220363056517,22.003959937609896,17.4792584385155,20.923849433554313
aggressive_003,aggressive,70,True,"(0, 1, 4, 4)",2.0,FASTER,FASTER,FASTER,False,12.379681986317408,16.080630731131293,21.40744511393178,64.5779002540379,61.12720831541827
aggressive_003,aggressive,71,True,"(0, 1, 4, 4)",2.0,FASTER,FASTER,FASTER,False,12.379681986317408,16.080630731131293,22.47683387974358,64.32804925712958,30.399515862886325
aggressive_003,aggressive,72,True,"(0, 1, 4, 4)",2.0,FASTER,FASTER,FASTER,False,12.379681986317408,16.080630731131293,23.227899789339798,63.86820937348807,22.350399046672155
aggressive_003,aggressive,73,True,"(0, 2, 4, 4)",3.0,IDLE,IDLE,IDLE,False,0.09724424222018513,16.330630731131265,25.2437375749547,63.15926637153643,12.984943758941865
aggressive_003,aggressive,74,True,"(0, 2, 4, 3)",1.0,IDLE,IDLE,IDLE,False,,17.36741574528577,26.65952488117532,62.08793479381711,9.901409349964807
aggressive_003,aggressive,75,True,"(0, 3, 4, 3)",2.0,IDLE,FASTER,IDLE,True,0.016994167548233463,17.55983832754623,27.653877557149194,60.763846555301484,8.374369627096142
aggressive_003,aggressive,76,True,"(0, 3, 3, 3)",1.0,IDLE,IDLE,IDLE,False,,16.477463113041296,28.352243222579407,59.263342510137136,7.458799173529059
aggressive_003,aggressive,77,True,"(0, 3, 3, 3)",1.0,IDLE,IDLE,IDLE,False,,16.477463113041296,28.84272775028897,57.639668463086196,6.839713112288974
aggressive_003,aggressive,78,True,"(0, 3, 3, 3)",1.0,IDLE,IDLE,IDLE,False,,16.477463113041296,29.187210710765367,55.93006062502582,6.382420253200261
aggressive_003,aggressive,79,True,"(0, 3, 3, 3)",1.0,IDLE,IDLE,IDLE,False,,16.477463113041296,29.429152104131504,54.16060784259548,6.020056132337978
aggressive_003,aggressive,80,True,"(0, 3, 3, 2)",3.0,IDLE,LANE_RIGHT,FASTER,True,0.08142107589026182,17.050468312561435,29.599075277524456,52.34960651695985,5.716032856304166
aggressive_003,aggressive,81,True,"(0, 3, 3, 2)",3.0,IDLE,LANE_RIGHT,FASTER,True,0.08142107589026182,17.050468312561435,29.718417753213334,50.509892766647795,5.4489623290211995
aggressive_003,aggressive,82,True,"(0, 3, 3, 2)",3.0,IDLE,LANE_RIGHT,FASTER,True,0.08142107589026182,17.050468312561435,29.802235788265058,48.65047190037035,5.205758872347733
aggressive_003,aggressive,83,True,"(0, 3, 3, 2)",3.0,IDLE,LANE_RIGHT,FASTER,True,0.08142107589026182,17.050468312561435,29.861103873239657,46.77766009937909,4.978159786792058
aggressive_003,aggressive,84,True,"(0, 3, 3, 2)",3.0,IDLE,LANE_RIGHT,FASTER,True,0.08142107589026182,17.050468312561435,29.902448810834986,44.89588541497426,4.760833011702783
aggressive_003,aggressive,85,True,"(0, 3, 3, 2)",3.0,IDLE,LANE_RIGHT,FASTER,True,0.08142107589026182,17.050468312561435,29.93148668195818,43.00825008543063,4.550286276981459
aggressive_003,aggressive,86,True,"(0, 3, 3, 2)",3.0,IDLE,LANE_RIGHT,FASTER,True,0.08142107589026182,17.050468312561435,29.951880906944567,41.116925395593285,4.3442095680383765
aggressive_003,aggressive,87,True,"(0, 3, 3, 2)",3.0,IDLE,LANE_RIGHT,FASTER,True,0.08142107589026182,17.050468312561435,29.966204422984386,39.2234289757763,4.141065200098461
aggressive_003,aggressive,88,True,"(0, 3, 3, 2)",3.0,IDLE,LANE_RIGHT,FASTER,True,0.08142107589026182,17.050468312561435,29.976264286101515,37.32881954776167,3.9398258084190125
aggressive_003,aggressive,89,True,"(0, 3, 3, 2)",3.0,IDLE,LANE_RIGHT,FASTER,True,0.08142107589026182,17.050468312561435,29.983329649497907,35.43383369496212,3.739803827980657
aggressive_003,aggressive,90,True,"(0, 3, 3, 2)",3.0,IDLE,LANE_RIGHT,FASTER,True,0.08142107589026182,17.050468312561435,29.98829188003145,33.538981915336535,3.5405390847223472
aggressive_003,aggressive,91,True,"(0, 3, 3, 2)",3.0,IDLE,LANE_RIGHT,FASTER,True,0.08142107589026182,17.050468312561435,29.991777013135945,31.64461607762587,3.341724034051959
aggressive_003,aggressive,92,True,"(0, 3, 2, 2)",3.0,IDLE,IDLE,IDLE,False,0.06569794230382797,21.84028391912078,29.99422473350563,29.75097679340888,3.143153740893709
aggressive_003,aggressive,93,True,"(0, 3, 2, 1)",3.0,IDLE,SLOWER,IDLE,True,0.026629464213840492,22.36368470119956,29.995943845754297,27.858226683533985,2.944692285214445
aggressive_003,aggressive,94,True,"(0, 3, 2, 1)",3.0,IDLE,SLOWER,IDLE,True,0.026629464213840492,22.36368470119956,29.9971512332321,25.966473737852994,2.746250148269819
aggressive_003,aggressive,95,True,"(0, 3, 2, 1)",3.0,SLOWER,SLOWER,IDLE,True,0.026629464213840492,22.36368470119956,29.997999220047785,24.07578771729402,2.5477689735262543
aggressive_003,aggressive,96,True,"(0, 3, 2, 1)",3.0,SLOWER,SLOWER,IDLE,True,0.026629464213840492,22.36368470119956,28.510254596247552,22.293207554247715,2.8021430934043496
aggressive_003,aggressive,97,True,"(0, 3, 2, 2)",3.0,SLOWER,IDLE,IDLE,False,0.06569794230382797,21.84028391912078,27.465363996267143,20.777580565336848,3.009174712283774
aggressive_003,aggressive,98,True,"(0, 2, 2, 2)",3.0,IDLE,LANE_RIGHT,LANE_RIGHT,False,0.1973740374298245,21.59028391912078,25.24316373949078,19.556788341871425,4.181922223905036
aggressive_003,aggressive,99,True,"(0, 1, 2, 3)",4.0,LANE_RIGHT,FASTER,FASTER,False,0.2181724027027343,21.410637302131846,23.682441474100518,18.734083722694095,6.024120728573709
aggressive_003,aggressive,100,True,"(0, 1, 2, 3)",4.0,IDLE,FASTER,FASTER,False,0.2181724027027343,21.410637302131846,22.586296343949883,18.270781889404475,9.099645357885468
aggressive_003,aggressive,101,True,"(0, 1, 2, 4)",4.0,IDLE,FASTER,FASTER,False,0.7694159574762125,19.593182810001366,21.816438584502524,18.020362476999708,14.623940831281903
aggressive_003,aggressive,102,True,"(1, 1, 3, 4)",2.0,FASTER,FASTER,FASTER,False,0.18102760637502513,17.304530144675894,21.27574287416364,40.063312014239614,59.205023681528374
aggressive_003,aggressive,103,True,"(1, 1, 3, 4)",2.0,FASTER,FASTER,FASTER,False,0.18102760637502513,17.304530144675894,22.384335187341268,39.879953881145866,22.235013816228065
aggressive_003,aggressive,104,True,"(1, 1, 3, 4)",2.0,FASTER,FASTER,FASTER,False,0.18102760637502513,17.304530144675894,23.16293500126026,39.479638330710486,15.300019052791733
aggressive_003,aggressive,105,True,"(1, 2, 3, 3)",4.0,IDLE,FASTER,FASTER,False,0.16858257731026072,17.63595526258844,25.19811072790844,38.822998476830094,8.3965628419114
aggressive_003,aggressive,106,True,"(1, 2, 3, 3)",4.0,IDLE,FASTER,FASTER,False,0.16858257731026072,17.63595526258844,26.627479688188096,37.79742625667427,6.23602379056415
aggressive_003,aggressive,107,True,"(1, 3, 3, 2)",3.0,IDLE,LANE_RIGHT,FASTER,True,0.07540547048402857,17.534861192805053,27.63137119389891,36.513353264001694,5.162276505110841
aggressive_003,aggressive,108,True,"(1, 3, 3, 2)",3.0,IDLE,LANE_RIGHT,FASTER,True,0.07540547048402857,17.534861192805053,28.33643628432955,35.047786610525236,4.501237780401311
aggressive_003,aggressive,109,True,"(1, 3, 3, 2)",3.0,IDLE,LANE_RIGHT,FASTER,True,0.07540547048402857,17.534861192805053,28.83162603234119,33.45448323597441,4.035743715645264
aggressive_003,aggressive,110,True,"(1, 3, 3, 2)",3.0,IDLE,LANE_RIGHT,FASTER,True,0.07540547048402857,17.534861192805053,29.17941361942207,31.77105515007156,3.6748776812633093
aggressive_003,aggressive,111,True,"(1, 3, 3, 2)",3.0,IDLE,LANE_RIGHT,FASTER,True,0.07540547048402857,17.534861192805053,29.423675957673662,30.02386259073944,3.3742535769049344
aggressive_003,aggressive,112,True,"(1, 3, 2, 2)",5.0,IDLE,IDLE,FASTER,True,0.04528414070048825,20.516869881473667,29.595229204840763,28.23139681853536,3.109959659357366
aggressive_003,aggressive,113,True,"(1, 3, 2, 1)",4.0,IDLE,IDLE,SLOWER,True,1.1133662264584103,17.36341426408633,29.715716533440975,26.406633837822483,2.8682423005887623
aggressive_003,aggressive,114,True,"(1, 3, 2, 1)",4.0,SLOWER,IDLE,SLOWER,True,1.1133662264584103,17.36341426408633,29.800338635283648,24.5586796510446,2.640834104987631
aggressive_003,aggressive,115,True,"(1, 3, 2, 1)",4.0,LANE_RIGHT,IDLE,SLOWER,True,1.1133662264584103,17.36341426408633,28.37143125002089,22.800919157165595,2.8938166219235577
aggressive_003,aggressive,116,True,"(1, 3, 2, 2)",5.0,SLOWER,IDLE,FASTER,True,0.04528414070048825,20.516869881473667,27.367863923197113,21.352651643978675,3.1016846439619985
aggressive_003,aggressive,117,True,"(1, 2, 2, 2)",4.0,IDLE,IDLE,FASTER,True,0.04979913466036123,20.069888464462593,25.174686321916216,20.213892815018426,4.301085616424618
aggressive_003,aggressive,118,True,"(2, 1, 3, 3)",2.0,FASTER,FASTER,FASTER,False,2.6690153402698797,17.366865482093928,23.634347595090674,38.318208560915195,9.711706717475433
aggressive_003,aggressive,119,True,"(2, 2, 3, 3)",1.0,IDLE,IDLE,IDLE,False,,16.269888459937178,25.52919885965216,37.42452257149091,6.415789692661437
aggressive_003,aggressive,120,True,"(2, 2, 3, 2)",1.0,IDLE,IDLE,IDLE,False,,17.54228835306158,26.860013465215232,36.177541344836186,5.054942645459604
aggressive_003,aggressive,121,True,"(2, 3, 3, 2)",3.0,IDLE,IDLE,FASTER,True,0.010328864016003081,23.977439275012642,27.794687097654595,34.685498163535044,4.290377835571541
aggressive_003,aggressive,122,True,"(2, 3, 3, 2)",3.0,IDLE,IDLE,FASTER,True,0.010328864016003081,23.977439275012642,28.451138263373323,33.02410054401241,3.7811103512378272
aggressive_003,aggressive,123,True,"(2, 3, 3, 2)",3.0,IDLE,IDLE,FASTER,True,0.010328864016003081,23.977439275012642,28.912184898281403,31.24538411580761,3.400624783869971
aggressive_003,aggressive,124,True,"(2, 3, 2, 2)",3.0,IDLE,FASTER,SLOWER,True,2.0962427269672332,14.916910801557293,29.235992685761424,29.385181236501808,3.0915064011035587
aggressive_003,aggressive,125,True,"(2, 3, 2, 1)",3.0,IDLE,IDLE,LANE_LEFT,True,0.04097672439041844,20.943304381511865,29.46341324432078,27.468331483126917,2.824266679792183
aggressive_003,aggressive,126,True,"(2, 3, 2, 1)",3.0,IDLE,IDLE,LANE_LEFT,True,0.04097672439041844,20.943304381511865,29.62313797131994,25.51215071116826,2.5824883215620456
aggressive_003,aggressive,127,True,"(2, 3, 2, 1)",3.0,SLOWER,IDLE,LANE_LEFT,True,0.04097672439041844,20.943304381511865,29.735317752147886,23.528751708660593,2.3565261543969616
aggressive_003,aggressive,128,True,"(2, 3, 2, 1)",3.0,SLOWER,IDLE,LANE_LEFT,True,0.04097672439041844,20.943304381511865,28.325765005623754,21.633618644193803,2.5247991864122667
aggressive_003,aggressive,129,True,"(2, 3, 2, 1)",3.0,SLOWER,IDLE,LANE_LEFT,True,0.04097672439041844,20.943304381511865,27.33579106019117,19.991527374618272,2.6401754535741255
aggressive_003,aggressive,130,True,"(2, 2, 2, 2)",2.0,IDLE,SLOWER,SLOWER,False,0.167488508622057,14.848589976352557,25.152160525127407,18.63452362583189,3.4623460402153268
aggressive_003,aggressive,131,True,"(2, 1, 2, 2)",3.0,IDLE,SLOWER,IDLE,True,0.01711657645641651,14.775253060669087,23.618527008045586,17.66878613975973,4.598705531827235
aggressive_003,aggressive,132,True,"(2, 1, 2, 3)",3.0,IDLE,FASTER,FASTER,False,0.3534723306966612,14.84669673483181,22.541407171631466,16.97821163802496,6.154265361967979
aggressive_003,aggressive,133,True,"(2, 1, 2, 3)",3.0,IDLE,FASTER,FASTER,False,0.3534723306966612,14.84669673483181,21.784911484053925,16.48125339617593,8.256688105185129
aggressive_003,aggressive,134,True,"(2, 1, 2, 3)",3.0,IDLE,FASTER,FASTER,False,0.3534723306966612,14.84669673483181,21.253600383862292,16.12063497027441,11.0514116752959
aggressive_003,aggressive,135,True,"(2, 0, 2, 4)",3.0,IDLE,FASTER,FASTER,False,0.20873117454820544,14.626320409781997,20.88044361664951,15.856125797356299,14.688463203959667
aggressive_003,aggressive,136,True,"(2, 0, 2, 4)",3.0,IDLE,FASTER,FASTER,False,0.20873117454820544,14.626320409781997,20.61836369235192,15.659467261999225,19.29855032905405
aggressive_003,aggressive,137,True,"(2, 0, 2, 4)",3.0,IDLE,FASTER,FASTER,False,0.20873117454820544,14.626320409781997,20.434296585026313,15.510809107078217,24.95944292032723
aggressive_003,aggressive,138,True,"(2, 0, 2, 4)",3.0,IDLE,FASTER,FASTER,False,0.20873117454820544,14.626320409781997,20.305020372473898,15.396206608334182,31.660115987095825
aggressive_003,aggressive,139,True,"(2, 0, 2, 4)",3.0,IDLE,FASTER,FASTER,False,0.20873117454820544,14.626320409781997,20.21422555652488,15.305862757561044,39.27704558769695
aggressive_003,aggressive,140,True,"(2, 0, 2, 4)",3.0,IDLE,FASTER,FASTER,False,0.20873117454820544,14.626320409781997,20.15045745533709,15.232893689308526,47.57839181082247
aggressive_003,aggressive,141,True,"(2, 0, 2, 4)",3.0,IDLE,FASTER,FASTER,False,0.20873117454820544,14.626320409781997,20.10567107974292,15.172461598340305,56.262348033316066
aggressive_003,aggressive,142,True,"(2, 0, 2, 4)",3.0,IDLE,FASTER,FASTER,False,0.20873117454820544,14.626320409781997,20.074216176719307,15.121165757688118,65.01871202263828
aggressive_003,aggressive,143,True,"(2, 0, 2, 4)",3.0,IDLE,FASTER,FASTER,False,0.20873117454820544,14.626320409781997,20.05212439297707,15.076614809089847,73.58991125880341
aggressive_003,aggressive,144,True,"(2, 0, 2, 4)",3.0,IDLE,FASTER,FASTER,False,0.20873117454820544,14.626320409781997,20.036608627166338,15.037126366897269,81.80961759531081
aggressive_003,aggressive,145,True,"(2, 0, 2, 4)",3.0,IDLE,FASTER,FASTER,False,0.20873117454820544,14.626320409781997,20.025711408928895,15.001516038377986,89.61120982358428
aggressive_003,aggressive,146,True,"(2, 0, 1, 4)",3.0,IDLE,FASTER,LANE_LEFT,True,0.06567995266655657,18.49768265424609,20.018057944268307,14.968949244083205,97.01284291112852
aggressive_003,aggressive,147,True,"(2, 0, 1, 4)",3.0,IDLE,FASTER,LANE_LEFT,True,0.06567995266655657,18.49768265424609,20.012682671420265,14.938837144777835,104.09205733054037
aggressive_003,aggressive,148,True,"(2, 0, 1, 4)",3.0,IDLE,FASTER,LANE_LEFT,True,0.06567995266655657,18.49768265424609,20.00890744549681,14.910763545885402,110.9608681952496
aggressive_003,aggressive,149,True,"(2, 0, 1, 4)",3.0,IDLE,FASTER,LANE_LEFT,True,0.06567995266655657,18.49768265424609,20.006255983668538,14.884433558495743,117.74702643455113
aggressive_003,aggressive,150,True,"(2, 0, 1, 4)",3.0,IDLE,FASTER,LANE_LEFT,True,0.06567995266655657,18.49768265424609,20.004393777281607,14.859637540763629,124.58267719681173
aggressive_006,aggressive,0,True,"(2, 2, 3, 4)",1.0,FASTER,IDLE,IDLE,False,,15.340180517323802,25.0,47.13359071247166,15.338237990355838
aggressive_006,aggressive,1,True,"(2, 2, 3, 3)",1.0,IDLE,IDLE,IDLE,False,,16.269888459937178,26.488340192043896,46.33200544993369,8.041953959178889
aggressive_006,aggressive,2,True,"(2, 3, 3, 2)",3.0,IDLE,IDLE,FASTER,True,0.010328864016003081,23.977439275012642,27.53364907863714,44.92021864050761,5.61040157678448
aggressive_006,aggressive,3,True,"(2, 3, 3, 2)",3.0,IDLE,IDLE,FASTER,True,0.010328864016003081,23.977439275012642,28.267802919426906,43.15346359821649,4.435047482878378
aggressive_006,aggressive,4,True,"(2, 3, 3, 2)",3.0,IDLE,IDLE,FASTER,True,0.010328864016003081,23.977439275012642,28.783422626538513,41.1103472515787,3.746993858961202
aggressive_006,aggressive,5,True,"(2, 3, 3, 2)",3.0,IDLE,IDLE,FASTER,True,0.010328864016003081,23.977439275012642,29.1455588268693,38.83927088724204,3.260632045389981
aggressive_006,aggressive,6,True,"(2, 3, 3, 1)",1.0,IDLE,IDLE,IDLE,False,,20.850204141306918,29.399898654810812,36.40025410827613,2.8858614343015536
aggressive_006,aggressive,7,True,"(2, 3, 3, 1)",1.0,IDLE,IDLE,IDLE,False,,20.850204141306918,29.578529645079747,33.75846276018973,2.572962264797269
aggressive_006,aggressive,8,True,"(2, 3, 3, 1)",1.0,IDLE,IDLE,IDLE,False,,20.850204141306918,29.70398789887631,30.994485027378573,2.292371422344074
aggressive_006,aggressive,9,True,"(2, 3, 2, 1)",3.0,IDLE,IDLE,LANE_LEFT,True,0.04097672439041844,20.943304381511865,29.79210124036306,28.211658471858357,2.0931482511965074
aggressive_006,aggressive,10,True,"(2, 3, 2, 1)",3.0,IDLE,IDLE,LANE_LEFT,True,0.04097672439041844,20.943304381511865,29.853986056331806,25.496075889553367,1.9255477207896483
aggressive_006,aggressive,11,True,"(2, 3, 3, 2)",3.0,IDLE,IDLE,FASTER,True,0.010328864016003081,23.977439275012642,29.897449740523847,52.395461022032805,5.037679010793852
aggressive_006,aggressive,12,True,"(2, 3, 3, 2)",3.0,IDLE,IDLE,FASTER,True,0.010328864016003081,23.977439275012642,29.927975675100427,50.310361222249355,4.803967545115496
aggressive_006,aggressive,13,True,"(2, 3, 3, 2)",3.0,IDLE,IDLE,FASTER,True,0.010328864016003081,23.977439275012642,29.949415014611,48.21151714102223,4.576076345199271
aggressive_006,aggressive,14,True,"(2, 3, 3, 2)",3.0,IDLE,IDLE,FASTER,True,0.010328864016003081,23.977439275012642,29.96447254798468,46.10058001903076,4.35256049670495
aggressive_006,aggressive,15,True,"(2, 3, 3, 2)",3.0,IDLE,IDLE,FASTER,True,0.010328864016003081,23.977439275012642,29.975047934935745,43.97880803415592,4.132442910674161
aggressive_006,aggressive,16,True,"(2, 3, 3, 2)",3.0,IDLE,IDLE,FASTER,True,0.010328864016003081,23.977439275012642,29.98247536719767,41.84718758910037,3.9150508633531347
aggressive_006,aggressive,17,True,"(2, 3, 3, 2)",3.0,IDLE,IDLE,FASTER,True,0.010328864016003081,23.977439275012642,29.987691890267772,39.70651662746826,3.699910453883338
aggressive_006,aggressive,18,True,"(2, 3, 3, 2)",3.0,IDLE,IDLE,FASTER,True,0.010328864016003081,23.977439275012642,29.991355621148287,37.55746159304266,3.486678179204869
aggressive_006,aggressive,19,True,"(2, 3, 3, 2)",3.0,IDLE,IDLE,FASTER,True,0.010328864016003081,23.977439275012642,29.99392877644434,35.40059616985769,3.275096514279097
aggressive_006,aggressive,20,True,"(2, 3, 3, 2)",3.0,IDLE,IDLE,FASTER,True,0.010328864016003081,23.977439275012642,29.995735985650892,33.23642748267832,3.0649650965938093
aggressive_006,aggressive,21,True,"(2, 3, 3, 1)",1.0,IDLE,IDLE,IDLE,False,,20.850204141306918,29.997005246437936,31.065413708424558,2.856122073636026
aggressive_006,aggressive,22,True,"(2, 3, 2, 1)",3.0,IDLE,IDLE,LANE_LEFT,True,0.04097672439041844,20.943304381511865,29.997896688856272,28.88797583748226,2.648432065762777
aggressive_006,aggressive,23,True,"(2, 3, 2, 1)",3.0,IDLE,IDLE,LANE_LEFT,True,0.04097672439041844,20.943304381511865,29.998522777358588,26.704505477449516,2.4417784238864977
aggressive_006,aggressive,24,True,"(2, 3, 2, 1)",3.0,SLOWER,IDLE,LANE_LEFT,True,0.04097672439041844,20.943304381511865,29.99896249932455,24.515370002108114,2.2360582628218637
aggressive_006,aggressive,25,True,"(2, 3, 2, 1)",3.0,SLOWER,IDLE,LANE_LEFT,True,0.04097672439041844,20.943304381511865,28.510931138071562,22.427911823236343,2.3606337754464315
aggressive_006,aggressive,26,True,"(2, 3, 2, 1)",3.0,SLOWER,IDLE,LANE_LEFT,True,0.04097672439041844,20.943304381511865,27.4658391532135,20.60128175322916,2.4295690935687593
aggressive_006,aggressive,27,True,"(2, 2, 2, 2)",2.0,IDLE,SLOWER,SLOWER,False,0.167488508622057,14.848589976352557,25.243497457400977,19.063660714150274,3.0359488964462558
aggressive_006,aggressive,28,True,"(2, 1, 2, 2)",3.0,LANE_LEFT,SLOWER,IDLE,True,0.01711657645641651,14.775253060669087,23.682675854855006,17.918593756849646,3.780801441282167
aggressive_006,aggressive,29,True,"(2, 1, 2, 2)",3.0,IDLE,SLOWER,IDLE,True,0.01711657645641651,14.775253060669087,22.58646095704494,17.127677676231485,4.676230510549484
aggressive_006,aggressive,30,True,"(2, 1, 2, 2)",3.0,IDLE,SLOWER,IDLE,True,0.01711657645641651,14.775253060669087,21.81655419754048,16.544667135382213,5.683280486008584
aggressive_006,aggressive,31,True,"(1, 1, 4, 4)",2.0,FASTER,FASTER,FASTER,False,0.24995986901302558,16.8031671119856,21.27582407289537,63.8634678584549,235.28121831368074
aggressive_006,aggressive,32,True,"(1, 1, 4, 4)",2.0,FASTER,FASTER,FASTER,False,0.24995986901302558,16.8031671119856,22.384392215805804,63.76291568702885,46.80380787510308
aggressive_006,aggressive,33,True,"(1, 1, 4, 4)",2.0,FASTER,FASTER,FASTER,False,0.24995986901302558,16.8031671119856,23.16297505417362,63.450494323179555,29.863027597449033
aggressive_006,aggressive,34,True,"(1, 2, 4, 4)",4.0,IDLE,SLOWER,SLOWER,False,0.06351297670444467,16.635135463547968,25.19813885834965,62.8865402869298,15.17176184327928
aggressive_006,aggressive,35,True,"(1, 2, 4, 3)",1.0,IDLE,IDLE,IDLE,False,,17.285814090084997,26.627499445096053,61.95818207171635,11.142365526323497
aggressive_006,aggressive,36,True,"(1, 3, 4, 3)",2.0,IDLE,IDLE,FASTER,True,0.07015184247498496,18.054970366038376,27.63138506980683,60.775618053235746,9.276179700229019
aggressive_006,aggressive,37,True,"(1, 3, 3, 3)",2.0,IDLE,IDLE,FASTER,True,0.07408563676321478,17.665524736092863,28.336446029823176,59.41561651884467,8.199137923047891
aggressive_006,aggressive,38,True,"(1, 3, 3, 3)",2.0,IDLE,IDLE,FASTER,True,0.07408563676321478,17.665524736092863,28.83163287691285,57.93122277273511,7.488310770859685
aggressive_006,aggressive,39,True,"(1, 3, 3, 3)",2.0,IDLE,IDLE,FASTER,True,0.07408563676321478,17.665524736092863,29.17941842658351,56.35916524673257,6.973143649016373
aggressive_006,aggressive,40,True,"(1, 3, 3, 3)",2.0,IDLE,IDLE,FASTER,True,0.07408563676321478,17.665524736092863,29.423679333896786,54.725096974817916,6.571241526394424
aggressive_006,aggressive,41,True,"(1, 3, 3, 3)",2.0,IDLE,IDLE,FASTER,True,0.07408563676321478,17.665524736092863,29.59523157607017,53.046947969201085,6.238340985181068
aggressive_006,aggressive,42,True,"(1, 3, 3, 2)",3.0,IDLE,LANE_RIGHT,FASTER,True,0.07540547048402857,17.534861192805053,29.715718198831173,51.337249840598304,5.948916212225593
aggressive_006,aggressive,43,True,"(1, 3, 3, 2)",3.0,IDLE,LANE_RIGHT,FASTER,True,0.07540547048402857,17.534861192805053,29.80033980494041,49.60475864324019,5.687519432035038
aggressive_006,aggressive,44,True,"(1, 3, 3, 2)",3.0,IDLE,LANE_RIGHT,FASTER,True,0.07540547048402857,17.534861192805053,29.859772263552113,47.85559076526397,5.444488757966675
aggressive_006,aggressive,45,True,"(1, 3, 3, 2)",3.0,IDLE,LANE_RIGHT,FASTER,True,0.07540547048402857,17.534861192805053,29.90151357879106,46.09401851200391,5.2136443105796415
aggressive_006,aggressive,46,True,"(1, 3, 3, 2)",3.0,IDLE,LANE_RIGHT,FASTER,True,0.07540547048402857,17.534861192805053,29.93082983860223,44.323027215844604,4.990973481135008
aggressive_006,aggressive,47,True,"(1, 3, 3, 2)",3.0,IDLE,LANE_RIGHT,FASTER,True,0.07540547048402857,17.534861192805053,29.95141958486192,42.54470511359551,4.773844856652243
aggressive_006,aggressive,48,True,"(1, 3, 3, 2)",3.0,IDLE,LANE_RIGHT,FASTER,True,0.07540547048402857,17.534861192805053,29.965880421741158,40.76051596320633,4.560521579887854
aggressive_006,aggressive,49,True,"(1, 3, 3, 2)",3.0,IDLE,LANE_RIGHT,FASTER,True,0.07540547048402857,17.534861192805053,29.976036729672803,38.97148947560612,4.349852349497382
aggressive_006,aggressive,50,True,"(1, 3, 3, 2)",3.0,IDLE,LANE_RIGHT,FASTER,True,0.07540547048402857,17.534861192805053,29.98316982934496,37.178354179478106,4.141071672242435
aggressive_006,aggressive,51,True,"(1, 3, 3, 2)",3.0,IDLE,LANE_RIGHT,FASTER,True,0.07540547048402857,17.534861192805053,29.988179633229933,35.3816299908986,3.9336691592784896
aggressive_006,aggressive,52,True,"(1, 3, 3, 2)",3.0,IDLE,LANE_RIGHT,FASTER,True,0.07540547048402857,17.534861192805053,29.99169817861965,33.58169260065171,3.7273033307476218
aggressive_006,aggressive,53,True,"(1, 3, 3, 2)",3.0,IDLE,LANE_RIGHT,FASTER,True,0.07540547048402857,17.534861192805053,29.994169365505158,31.778818169892645,3.521744515245356
aggressive_006,aggressive,54,True,"(1, 3, 2, 2)",5.0,IDLE,IDLE,FASTER,True,0.04528414070048825,20.516869881473667,29.995904959037915,29.97321428268384,3.3168369475444104
aggressive_006,aggressive,55,True,"(1, 3, 2, 2)",5.0,IDLE,IDLE,FASTER,True,0.04528414070048825,20.516869881473667,29.997123921848303,28.165041320372325,3.1124736087821905
aggressive_006,aggressive,56,True,"(1, 3, 2, 1)",4.0,IDLE,IDLE,SLOWER,True,1.1133662264584103,17.36341426408633,29.99798003839003,26.35442717189403,2.9085795512019756
aggressive_006,aggressive,57,True,"(1, 3, 2, 1)",4.0,SLOWER,IDLE,SLOWER,True,1.1133662264584103,17.36341426408633,29.99858131640013,24.541477317122485,2.7051008786275186
aggressive_006,aggressive,58,True,"(1, 3, 2, 2)",5.0,SLOWER,IDLE,FASTER,True,0.04528414070048825,20.516869881473667,28.51066342112053,22.83327759061126,3.0063901475361035
aggressive_006,aggressive,59,True,"(1, 3, 2, 2)",5.0,SLOWER,IDLE,FASTER,True,0.04528414070048825,20.516869881473667,27.46565112704213,21.388729977268213,3.2603792850568403
aggressive_006,aggressive,60,True,"(1, 2, 2, 2)",4.0,IDLE,IDLE,FASTER,True,0.04979913466036123,20.069888464462593,25.243365400611207,20.235775974449552,4.654088672332918
aggressive_006,aggressive,61,True,"(1, 1, 2, 3)",5.0,IDLE,FASTER,FASTER,False,0.19402952935561757,19.48695065067959,23.68258310715081,19.477731687753135,6.9638735307079305
aggressive_006,aggressive,62,True,"(1, 1, 2, 3)",5.0,IDLE,FASTER,FASTER,False,0.19402952935561757,19.48695065067959,22.58639581736792,18.996502521242746,11.106975697935539
aggressive_006,aggressive,63,True,"(1, 1, 2, 4)",5.0,IDLE,LANE_RIGHT,FASTER,True,0.03618807722395445,19.596220363056517,21.816508447863338,18.70916188184708,19.69957332234058
aggressive_006,aggressive,64,True,"(1, 1, 2, 4)",5.0,IDLE,LANE_RIGHT,FASTER,True,0.03618807722395445,19.596220363056517,21.275791941434882,18.557482403558424,44.39065697322095
aggressive_006,aggressive,65,True,"(1, 0, 2, 4)",4.0,IDLE,FASTER,FASTER,False,0.13342677154318494,18.80986870556974,20.896029456810233,18.50058335797894,392.9235560008453
aggressive_006,aggressive,66,True,"(1, 0, 2, 4)",4.0,FASTER,FASTER,FASTER,False,0.13342677154318494,18.80986870556974,20.629310126045045,18.509766673163767,inf
aggressive_006,aggressive,67,True,"(1, 1, 2, 4)",5.0,SLOWER,LANE_RIGHT,FASTER,True,0.03618807722395445,19.596220363056517,21.930324807318332,18.457894206319565,16.80641126004875
aggressive_006,aggressive,68,True,"(1, 1, 2, 4)",5.0,IDLE,LANE_RIGHT,FASTER,True,0.03618807722395445,19.596220363056517,21.35572880843208,18.2790052461055,34.37394346173996
aggressive_006,aggressive,69,True,"(1, 0, 2, 4)",4.0,IDLE,FASTER,FASTER,False,0.13342677154318494,18.80986870556974,20.95217167341183,18.201134291936683,133.740418591154
aggressive_006,aggressive,70,True,"(1, 0, 2, 4)",4.0,FASTER,FASTER,FASTER,False,0.13342677154318494,18.80986870556974,20.668740599158923,18.193777043630348,inf
aggressive_006,aggressive,71,True,"(1, 1, 2, 4)",5.0,SLOWER,LANE_RIGHT,FASTER,True,0.03618807722395445,19.596220363056517,21.95801808884687,18.128524959603965,15.667587422820546
aggressive_006,aggressive,72,True,"(1, 1, 2, 4)",5.0,IDLE,LANE_RIGHT,FASTER,True,0.03618807722395445,19.596220363056517,21.375178685170916,17.938523284568646,30.84879134753723
aggressive_006,aggressive,73,True,"(1, 0, 2, 4)",4.0,IDLE,FASTER,FASTER,False,0.13342677154318494,18.80986870556974,20.965831943494525,17.851176838579477,99.6009906628012
aggressive_006,aggressive,74,True,"(1, 0, 2, 4)",4.0,FASTER,FASTER,FASTER,False,0.13342677154318494,18.80986870556974,20.67833464344197,17.835537363046456,inf
aggressive_006,aggressive,75,True,"(1, 1, 2, 4)",5.0,SLOWER,LANE_RIGHT,FASTER,True,0.03618807722395445,19.596220363056517,21.96475629278778,17.76288285305418,14.904782049290253
aggressive_006,aggressive,76,True,"(1, 1, 2, 4)",5.0,IDLE,LANE_RIGHT,FASTER,True,0.03618807722395445,19.596220363056517,21.37991114116234,17.566136804004145,28.63469719273661
aggressive_006,aggressive,77,True,"(1, 0, 2, 4)",4.0,IDLE,FASTER,FASTER,False,0.13342677154318494,18.80986870556974,20.969155698594125,17.47254676750447,83.56828093339477
aggressive_006,aggressive,78,True,"(1, 0, 2, 4)",4.0,FASTER,FASTER,FASTER,False,0.13342677154318494,18.80986870556974,20.680669022880924,17.451052573157654,inf
aggressive_006,aggressive,79,True,"(1, 1, 2, 4)",5.0,SLOWER,LANE_RIGHT,FASTER,True,0.03618807722395445,19.596220363056517,21.96639580207823,17.37285223057279,14.25624433818435
aggressive_006,aggressive,80,True,"(1, 1, 2, 4)",5.0,IDLE,LANE_RIGHT,FASTER,True,0.03618807722395445,19.596220363056517,21.381062620938348,17.17081174370435,26.86280996510003
aggressive_006,aggressive,81,True,"(1, 0, 2, 4)",4.0,IDLE,FASTER,FASTER,False,0.13342677154318494,18.80986870556974,20.969964419643944,17.072137041542533,72.99284246588165
aggressive_006,aggressive,82,True,"(1, 0, 2, 4)",4.0,FASTER,FASTER,FASTER,False,0.13342677154318494,18.80986870556974,20.68123701352222,17.045737545567476,inf
aggressive_006,aggressive,83,True,"(1, 1, 2, 4)",5.0,SLOWER,LANE_RIGHT,FASTER,True,0.03618807722395445,19.596220363056517,21.9667947200595,16.96278880111379,13.658980804365925
aggressive_006,aggressive,84,True,"(1, 1, 2, 4)",5.0,IDLE,LANE_RIGHT,FASTER,True,0.03618807722395445,19.596220363056517,21.381342793786644,16.756139992474687,25.31853859228719
aggressive_006,aggressive,85,True,"(1, 0, 2, 4)",4.0,IDLE,FASTER,FASTER,False,0.13342677154318494,18.80986870556974,20.97016119399007,16.652984256313857,65.07731698915052
aggressive_006,aggressive,86,True,"(1, 0, 2, 4)",4.0,FASTER,FASTER,FASTER,False,0.13342677154318494,18.80986870556974,20.681375214434727,16.622221110588725,inf
aggressive_006,aggressive,87,True,"(1, 1, 2, 4)",5.0,SLOWER,LANE_RIGHT,FASTER,True,0.03618807722395445,19.596220363056517,21.966891782977473,16.535018283478053,13.093931484107616
aggressive_006,aggressive,88,True,"(1, 1, 2, 4)",5.0,IDLE,LANE_RIGHT,FASTER,True,0.03618807722395445,19.596220363056517,21.381410964176226,16.324218662014232,23.92749898638712
aggressive_006,aggressive,89,True,"(1, 0, 2, 4)",4.0,IDLE,FASTER,FASTER,False,0.13342677154318494,18.80986870556974,20.97020907223351,16.217010204708117,58.79060577103281
aggressive_006,aggressive,90,True,"(1, 0, 2, 4)",4.0,FASTER,FASTER,FASTER,False,0.13342677154318494,18.80986870556974,20.681408840855358,16.18228808604829,inf
aggressive_006,aggressive,91,True,"(1, 1, 2, 4)",5.0,SLOWER,LANE_RIGHT,FASTER,True,0.03618807722395445,19.596220363056517,21.96691539988744,16.091216322766172,12.553088051508302
aggressive_006,aggressive,92,True,"(1, 1, 2, 4)",5.0,IDLE,LANE_RIGHT,FASTER,True,0.03618807722395445,19.596220363056517,21.38142755108693,15.876634577275581,22.652898268151386
aggressive_006,aggressive,93,True,"(1, 0, 2, 4)",4.0,IDLE,FASTER,FASTER,False,0.13342677154318494,18.80986870556974,20.970220721751037,15.765727965549104,53.613777689127026
aggressive_006,aggressive,94,True,"(1, 0, 2, 4)",4.0,IDLE,FASTER,FASTER,False,0.13342677154318494,18.80986870556974,20.681417022683856,15.727389125362606,1644.3350312243545
aggressive_006,aggressive,95,True,"(1, 0, 2, 4)",4.0,FASTER,FASTER,FASTER,False,0.13342677154318494,18.80986870556974,20.478580954203203,15.739775671186749,inf
aggressive_006,aggressive,96,True,"(1, 1, 2, 4)",5.0,SLOWER,LANE_RIGHT,FASTER,True,0.03618807722395445,19.596220363056517,21.824462892389633,15.680556315119816,13.506689115002152
aggressive_006,aggressive,97,True,"(1, 1, 2, 4)",5.0,IDLE,LANE_RIGHT,FASTER,True,0.03618807722395445,19.596220363056517,21.281378602062404,15.487138601830225,24.90306206990284
aggressive_006,aggressive,98,True,"(1, 0, 2, 4)",4.0,IDLE,FASTER,FASTER,False,0.13342677154318494,18.80986870556974,20.899953147127505,15.389915279983256,62.965570930412035
aggressive_006,aggressive,99,True,"(1, 0, 2, 4)",4.0,FASTER,FASTER,FASTER,False,0.13342677154318494,18.80986870556974,20.632065859162253,15.360031306760561,inf
aggressive_006,aggressive,100,True,"(1, 1, 2, 3)",5.0,SLOWER,FASTER,FASTER,False,0.19402952935561757,19.48695065067959,21.93226024676416,15.270229815078665,11.889345945261516
aggressive_006,aggressive,101,True,"(1, 1, 2, 4)",5.0,IDLE,LANE_RIGHT,FASTER,True,0.03618807722395445,19.596220363056517,21.357088129414606,15.054458613855672,21.1176705471532
aggressive_006,aggressive,102,True,"(1, 0, 1, 4)",3.0,IDLE,IDLE,IDLE,False,0.19820880473659486,14.702112037416114,20.953126367983923,14.940680244690157,47.80473848128779
aggressive_006,aggressive,103,True,"(1, 0, 1, 4)",3.0,IDLE,IDLE,IDLE,False,0.19820880473659486,14.702112037416114,20.669411111670467,14.898332546923712,460.48881843923135
aggressive_006,aggressive,104,True,"(1, 0, 1, 4)",3.0,FASTER,IDLE,IDLE,False,0.19820880473659486,14.702112037416114,20.47014881917048,14.90595528585402,inf
aggressive_006,aggressive,105,True,"(1, 1, 1, 4)",1.0,SLOWER,IDLE,IDLE,False,,14.452112037416114,21.818540734451695,14.841484852411327,12.489528631981505
aggressive_006,aggressive,106,True,"(1, 1, 1, 4)",1.0,IDLE,IDLE,IDLE,False,,14.452112037416114,21.277219281260997,14.642516112861585,22.516783245826396
aggressive_006,aggressive,107,True,"(1, 0, 1, 4)",3.0,IDLE,IDLE,IDLE,False,0.19820880473659486,14.702112037416114,20.897031923190166,14.539572736712785,53.19392597551749
aggressive_006,aggressive,108,True,"(1, 0, 1, 4)",3.0,IDLE,IDLE,IDLE,False,0.19820880473659486,14.702112037416114,20.63001419022409,14.503891023458777,1532.3938314416432
aggressive_006,aggressive,109,True,"(1, 0, 1, 4)",3.0,FASTER,IDLE,IDLE,False,0.19820880473659486,14.702112037416114,20.44247910205039,14.515273566402016,inf
aggressive_006,aggressive,110,True,"(1, 1, 1, 4)",1.0,SLOWER,IDLE,IDLE,False,,14.452112037416114,21.79910740775007,14.452543405400093,12.199930012426012
aggressive_006,aggressive,111,True,"(1, 1, 1, 4)",1.0,IDLE,IDLE,IDLE,False,,14.452112037416114,21.263570634798405,14.253917864361028,21.860535433873316
aggressive_006,aggressive,112,True,"(1, 0, 1, 4)",3.0,IDLE,IDLE,IDLE,False,0.19820880473659486,14.702112037416114,20.88744604254703,14.150357530653196,50.75856297553316
aggressive_006,aggressive,113,True,"(1, 0, 1, 4)",3.0,IDLE,IDLE,IDLE,False,0.19820880473659486,14.702112037416114,20.62328171986842,14.113405320301354,810.7816164076943
aggressive_006,aggressive,114,True,"(1, 0, 1, 4)",3.0,FASTER,IDLE,IDLE,False,0.19820880473659486,14.702112037416114,20.437750672939135,14.123078936610227,inf
aggressive_006,aggressive,115,True,"(1, 1, 1, 3)",1.0,SLOWER,SLOWER,SLOWER,False,,7.153795466763675,21.795786480857117,14.058352268887234,11.76142509053426
aggressive_006,aggressive,116,True,"(1, 1, 1, 4)",1.0,IDLE,IDLE,IDLE,False,,14.452112037416114,21.261238241699374,13.857548364877516,20.890750303235492
aggressive_006,aggressive,117,True,"(1, 0, 1, 4)",3.0,IDLE,IDLE,IDLE,False,0.19820880473659486,14.702112037416114,20.88580792832658,13.75170184854278,47.35006272132576
aggressive_006,aggressive,118,True,"(1, 0, 1, 4)",3.0,IDLE,IDLE,IDLE,False,0.19820880473659486,14.702112037416114,20.622131219894666,13.712407422804745,469.5070351828439
aggressive_006,aggressive,119,True,"(1, 0, 1, 4)",3.0,FASTER,IDLE,IDLE,False,0.19820880473659486,14.702112037416114,20.436942640035756,13.719718955869894,inf
aggressive_006,aggressive,120,True,"(1, 1, 1, 3)",1.0,SLOWER,SLOWER,SLOWER,False,,7.153795466763675,21.795218973523056,13.652635534263595,11.311108233571742
aggressive_006,aggressive,121,True,"(1, 1, 1, 4)",1.0,IDLE,IDLE,IDLE,False,,14.452112037416114,21.260839663160226,13.4494977036519,19.928295807701385
aggressive_006,aggressive,122,True,"(1, 0, 1, 4)",3.0,IDLE,IDLE,IDLE,False,0.19820880473659486,14.702112037416114,20.885527993879336,13.341352181676712,44.20856235264745
aggressive_006,aggressive,123,True,"(1, 0, 1, 4)",3.0,IDLE,IDLE,IDLE,False,0.19820880473659486,14.702112037416114,20.621934612985214,13.299801972194473,329.8129059255828
aggressive_006,aggressive,124,True,"(1, 0, 1, 4)",3.0,FASTER,IDLE,IDLE,False,0.19820880473659486,14.702112037416114,20.436804556719384,13.30490658305257,inf
aggressive_006,aggressive,125,True,"(1, 1, 1, 3)",1.0,SLOWER,SLOWER,SLOWER,False,,7.153795466763675,21.795121993196606,13.235668873460213,10.870288892708183
aggressive_006,aggressive,126,True,"(1, 1, 1, 4)",1.0,IDLE,IDLE,IDLE,False,,14.452112037416114,21.260771550777314,13.030431852415973,19.016906449336005
aggressive_006,aggressive,127,True,"(1, 0, 1, 4)",3.0,IDLE,IDLE,IDLE,False,0.19820880473659486,14.702112037416114,20.885480156375834,12.920243782913872,41.43714071115508
aggressive_006,aggressive,128,True,"(1, 0, 1, 4)",3.0,LANE_RIGHT,IDLE,IDLE,False,0.19820880473659486,14.702112037416114,20.62190101517754,12.876708570831966,257.2400591052633
aggressive_006,aggressive,129,True,"(1, 0, 1, 4)",3.0,FASTER,IDLE,IDLE,False,0.19820880473659486,14.702112037416114,20.436780959905214,12.982781563543426,inf
aggressive_006,aggressive,130,True,"(1, 1, 1, 3)",1.0,SLOWER,SLOWER,SLOWER,False,,7.153795466763675,21.79510542039982,13.014755226546527,10.609123591570997
aggressive_006,aggressive,131,True,"(2, 1, 3, 4)",2.0,FASTER,FASTER,FASTER,False,0.4948294100748569,16.028375852098037,21.26075991117244,55.261323812748856,106.43122619523335
aggressive_006,aggressive,132,True,"(2, 1, 3, 4)",2.0,FASTER,FASTER,FASTER,False,0.4948294100748569,16.028375852098037,22.37381217355321,55.10822802282996,33.84948910392093
aggressive_006,aggressive,133,True,"(2, 1, 3, 4)",2.0,FASTER,FASTER,FASTER,False,0.4948294100748569,16.028375852098037,23.15554435234464,54.74041682848804,22.75550680761423
aggressive_006,aggressive,134,True,"(2, 2, 3, 4)",1.0,IDLE,IDLE,IDLE,False,,15.340180517323802,25.1929200389581,54.11878047933499,12.192097118486956
aggressive_006,aggressive,135,True,"(2, 2, 3, 3)",1.0,IDLE,IDLE,IDLE,False,,16.269888459937178,26.62383410143559,53.13060935682006,9.05787114623157
aggressive_006,aggressive,136,True,"(2, 3, 3, 3)",1.0,IDLE,IDLE,IDLE,False,,23.28502376295586,27.62881078180387,51.886255471435106,7.556278444147129
aggressive_006,aggressive,137,True,"(2, 3, 3, 3)",1.0,IDLE,IDLE,IDLE,False,,23.28502376295586,28.33463802508036,50.46269627538322,6.667463029926301
aggressive_006,aggressive,138,True,"(2, 3, 3, 3)",1.0,IDLE,IDLE,IDLE,False,,23.28502376295586,28.830363057395257,48.91369553913444,6.068466129572419
aggressive_006,aggressive,139,True,"(2, 3, 3, 2)",3.0,IDLE,IDLE,FASTER,True,0.010328864016003081,23.977439275012642,29.178526591750853,47.27688554038946,5.625121104764222
aggressive_006,aggressive,140,True,"(2, 3, 3, 2)",3.0,IDLE,IDLE,FASTER,True,0.010328864016003081,23.977439275012642,29.42305296978935,45.57864866855368,5.2720720602240965
aggressive_006,aggressive,141,True,"(2, 3, 3, 2)",3.0,IDLE,IDLE,FASTER,True,0.010328864016003081,23.977439275012642,29.594791660537922,43.837496545478416,4.97403830486677
aggressive_006,aggressive,142,True,"(2, 3, 3, 2)",3.0,IDLE,IDLE,FASTER,True,0.010328864016003081,23.977439275012642,29.71540923209248,42.06642330133445,4.710609725734781
aggressive_006,aggressive,143,True,"(2, 3, 3, 2)",3.0,IDLE,IDLE,FASTER,True,0.010328864016003081,23.977439275012642,29.800122807724758,40.27455129443649,4.469404797370518
aggressive_006,aggressive,144,True,"(2, 3, 3, 2)",3.0,IDLE,IDLE,FASTER,True,0.010328864016003081,23.977439275012642,29.859619859471984,38.46828465889871,4.242662562749241
aggressive_006,aggressive,145,True,"(2, 3, 3, 2)",3.0,IDLE,IDLE,FASTER,True,0.010328864016003081,23.977439275012642,29.901406540534506,36.652118774984956,4.025407791217717
aggressive_006,aggressive,146,True,"(2, 3, 3, 2)",3.0,IDLE,IDLE,FASTER,True,0.010328864016003081,23.977439275012642,29.930754662213538,34.82920857951967,3.814402068246455
aggressive_006,aggressive,147,True,"(2, 3, 3, 2)",3.0,IDLE,IDLE,FASTER,True,0.010328864016003081,23.977439275012642,29.951366786081387,33.001767649316434,3.6075160329854716
aggressive_006,aggressive,148,True,"(2, 3, 3, 2)",3.0,IDLE,IDLE,FASTER,True,0.010328864016003081,23.977439275012642,29.965843339470055,31.171348473050102,3.403340481545706
aggressive_006,aggressive,149,True,"(2, 3, 2, 2)",3.0,IDLE,FASTER,SLOWER,True,2.0962427269672332,14.916910801557293,29.9760106856086,29.339039289512243,3.2009392433381594
aggressive_006,aggressive,150,True,"(2, 3, 2, 1)",3.0,IDLE,IDLE,LANE_LEFT,True,0.04097672439041844,20.943304381511865,29.98315153776626,27.505602330861052,2.9996892427266415
aggressive_013,aggressive,0,True,"(1, 2, 4, 4)",4.0,LANE_LEFT,SLOWER,SLOWER,False,0.06351297670444467,16.635135463547968,25.0,67.65800957951936,40.18388528696035
aggressive_013,aggressive,1,True,"(1, 2, 4, 4)",4.0,FASTER,SLOWER,SLOWER,False,0.06351297670444467,16.635135463547968,25.0,67.35717326580505,30.800398477810862
aggressive_013,aggressive,2,True,"(1, 2, 4, 4)",4.0,IDLE,SLOWER,SLOWER,False,0.06351297670444467,16.635135463547968,26.488340192043896,66.86828944628834,16.085582300492632
aggressive_013,aggressive,3,True,"(0, 3, 3, 3)",1.0,IDLE,IDLE,IDLE,False,,16.477463113041296,27.53364907863714,41.84802400197364,6.379272776586856
aggressive_013,aggressive,4,True,"(0, 3, 3, 2)",3.0,IDLE,LANE_RIGHT,FASTER,True,0.08142107589026182,17.050468312561435,28.267802919426906,40.50072700175505,5.43679904020856
aggressive_013,aggressive,5,True,"(0, 3, 3, 2)",3.0,IDLE,LANE_RIGHT,FASTER,True,0.08142107589026182,17.050468312561435,28.783422626538513,38.976310821825024,4.812648096739364
aggressive_013,aggressive,6,True,"(0, 3, 3, 2)",3.0,IDLE,LANE_RIGHT,FASTER,True,0.08142107589026182,17.050468312561435,29.1455588268693,37.32727366227715,4.354143874038109
aggressive_013,aggressive,7,True,"(0, 3, 3, 2)",3.0,IDLE,LANE_RIGHT,FASTER,True,0.08142107589026182,17.050468312561435,29.399898654810812,35.58948475672946,3.989076691797593
aggressive_013,aggressive,8,True,"(0, 3, 3, 2)",3.0,IDLE,LANE_RIGHT,FASTER,True,0.08142107589026182,17.050468312561435,29.578529645079747,33.787272308488866,3.6801505354943282
aggressive_013,aggressive,9,True,"(0, 3, 3, 2)",3.0,IDLE,LANE_RIGHT,FASTER,True,0.08142107589026182,17.050468312561435,29.70398789887631,31.937475956595648,3.4064927681113106
aggressive_013,aggressive,10,True,"(0, 3, 3, 2)",3.0,IDLE,LANE_RIGHT,FASTER,True,0.08142107589026182,17.050468312561435,29.79210124036306,30.05200798675952,3.155725682384682
aggressive_013,aggressive,11,True,"(0, 3, 2, 1)",3.0,IDLE,SLOWER,IDLE,True,0.026629464213840492,22.36368470119956,29.853986056331806,28.139443818373707,2.9201907609808098
aggressive_013,aggressive,12,True,"(0, 3, 2, 1)",3.0,IDLE,SLOWER,IDLE,True,0.026629464213840492,22.36368470119956,29.897449740523847,26.206040416752728,2.694996562844899
aggressive_013,aggressive,13,True,"(0, 3, 2, 1)",3.0,LANE_RIGHT,SLOWER,IDLE,True,0.026629464213840492,22.36368470119956,29.927975675100427,24.25641387605151,2.4769417281269086
aggressive_013,aggressive,14,True,"(0, 3, 2, 1)",3.0,SLOWER,SLOWER,IDLE,True,0.026629464213840492,22.36368470119956,29.949415014611,22.343675306102057,2.268933692875075
aggressive_013,aggressive,15,True,"(0, 3, 2, 1)",3.0,SLOWER,SLOWER,IDLE,True,0.026629464213840492,22.36368470119956,28.47613235594078,20.553092820575557,2.44582157887859
aggressive_013,aggressive,16,True,"(1, 3, 3, 2)",3.0,FASTER,LANE_RIGHT,FASTER,True,0.07540547048402857,17.534861192805053,27.4413988562986,41.39464955303873,4.663185440664621
aggressive_013,aggressive,17,True,"(1, 3, 3, 2)",3.0,IDLE,LANE_RIGHT,FASTER,True,0.07540547048402857,17.534861192805053,28.203012639814656,39.589226397638356,4.085954930052115
aggressive_013,aggressive,18,True,"(1, 3, 3, 2)",3.0,IDLE,LANE_RIGHT,FASTER,True,0.07540547048402857,17.534861192805053,28.7379183423664,37.62325245415997,3.6659499605751917
aggressive_013,aggressive,19,True,"(1, 3, 3, 2)",3.0,IDLE,LANE_RIGHT,FASTER,True,0.07540547048402857,17.534861192805053,29.11359971370589,35.546900128691334,3.332273777903009
aggressive_013,aggressive,20,True,"(1, 3, 3, 2)",3.0,IDLE,LANE_RIGHT,FASTER,True,0.07540547048402857,17.534861192805053,29.37745274817204,33.39493669132878,3.049301099714666
aggressive_013,aggressive,21,True,"(1, 3, 3, 1)",1.0,IDLE,IDLE,IDLE,False,,14.944452981313901,29.562765167440446,31.19099656387857,2.79737747466013
aggressive_013,aggressive,22,True,"(1, 3, 2, 1)",4.0,IDLE,IDLE,SLOWER,True,1.1133662264584103,17.36341426408633,29.69291600237244,28.951303972302526,2.564967369353266
aggressive_013,aggressive,23,True,"(1, 3, 2, 1)",4.0,IDLE,IDLE,SLOWER,True,1.1133662264584103,17.36341426408633,29.78432509357296,26.687175363777044,2.3450101989598044
aggressive_013,aggressive,24,True,"(1, 3, 2, 1)",4.0,SLOWER,IDLE,SLOWER,True,1.1133662264584103,17.36341426408633,29.848524619903095,24.406610756381326,2.1330565269864836
aggressive_013,aggressive,25,True,"(1, 3, 2, 1)",4.0,SLOWER,IDLE,SLOWER,True,1.1133662264584103,17.36341426408633,28.405273807119872,22.222314570910214,2.22385095603165
aggressive_013,aggressive,26,True,"(1, 3, 2, 1)",4.0,SLOWER,IDLE,SLOWER,True,1.1133662264584103,17.36341426408633,27.391632632709705,20.297208096270765,2.2627858946396606
aggressive_013,aggressive,27,True,"(1, 2, 2, 1)",3.0,IDLE,IDLE,SLOWER,True,0.0883799465036077,19.724564432316868,25.191379846292687,18.66211466105443,2.761368170751679
aggressive_013,aggressive,28,True,"(1, 1, 2, 2)",3.0,IDLE,IDLE,LANE_RIGHT,True,0.12715862583631576,19.486950650679574,23.646071990811873,17.42241666829989,3.3507337052593087
aggressive_013,aggressive,29,True,"(1, 1, 2, 2)",3.0,IDLE,IDLE,LANE_RIGHT,True,0.12715862583631576,19.486950650679574,22.560752893409713,16.46149746133841,4.015632579329186
aggressive_013,aggressive,30,True,"(1, 1, 2, 2)",3.0,IDLE,IDLE,LANE_RIGHT,True,0.12715862583631576,19.486950650679574,21.79849860277884,15.697481438720331,4.726695704926143
aggressive_013,aggressive,31,True,"(1, 1, 2, 2)",3.0,LANE_RIGHT,IDLE,LANE_RIGHT,True,0.12715862583631576,19.486950650679574,21.263143051608733,15.072880766177946,5.443956917641913
aggressive_013,aggressive,32,True,"(1, 0, 1, 3)",3.0,IDLE,IDLE,IDLE,False,0.14959669113451923,14.906763009503535,20.88714573720668,14.644463600646986,6.165575682600631
aggressive_013,aggressive,33,True,"(1, 0, 1, 3)",3.0,IDLE,IDLE,IDLE,False,0.14959669113451923,14.906763009503535,20.623070805829656,14.291424485890218,6.827573745855485
aggressive_013,aggressive,34,True,"(2, 0, 3, 4)",2.0,FASTER,FASTER,FASTER,False,1.0087105684432771,15.868092092699342,20.437602541268564,50.42049395224211,inf
aggressive_013,aggressive,35,True,"(2, 1, 3, 4)",2.0,FASTER,FASTER,FASTER,False,0.4948294100748569,16.028375852098037,21.79568244325035,50.415722420391205,47.49590434116082
aggressive_013,aggressive,36,True,"(2, 1, 3, 4)",2.0,FASTER,FASTER,FASTER,False,0.4948294100748569,16.028375852098037,22.74950536480683,50.1488930457088,24.76164625961321
aggressive_013,aggressive,37,True,"(2, 2, 3, 3)",1.0,IDLE,IDLE,IDLE,False,,16.269888459937178,24.907745880358156,49.59416752288547,11.827448352038248
aggressive_013,aggressive,38,True,"(2, 2, 3, 3)",1.0,IDLE,IDLE,IDLE,False,,16.269888459937178,26.42354717523097,48.64831905770154,8.50752018966071
aggressive_013,aggressive,39,True,"(2, 3, 3, 3)",1.0,IDLE,IDLE,IDLE,False,,23.28502376295586,27.488142872041504,47.42834888918952,6.983062214892645
aggressive_013,aggressive,40,True,"(2, 3, 3, 3)",1.0,IDLE,IDLE,IDLE,False,,23.28502376295586,28.23584245608402,46.01589043384922,6.096118391835216
aggressive_013,aggressive,41,True,"(2, 3, 3, 2)",3.0,IDLE,IDLE,FASTER,True,0.010328864016003081,23.977439275012642,28.76097577162554,44.467968449682985,5.502059711011248
aggressive_013,aggressive,42,True,"(2, 3, 3, 2)",3.0,IDLE,IDLE,FASTER,True,0.010328864016003081,23.977439275012642,29.129793683226715,42.824509012573856,5.0624889773774875
aggressive_013,aggressive,43,True,"(2, 3, 3, 2)",3.0,IDLE,IDLE,FASTER,True,0.010328864016003081,23.977439275012642,29.388826290551545,41.11351518744499,4.711446342895976
aggressive_013,aggressive,44,True,"(2, 3, 3, 2)",3.0,IDLE,IDLE,FASTER,True,0.010328864016003081,23.977439275012642,29.570753169770082,39.354648398604525,4.413874025595399
aggressive_013,aggressive,45,True,"(2, 3, 3, 2)",3.0,IDLE,IDLE,FASTER,True,0.010328864016003081,23.977439275012642,29.69852623171781,37.56172200238501,4.149730556097987
aggressive_013,aggressive,46,True,"(2, 3, 3, 2)",3.0,IDLE,IDLE,FASTER,True,0.010328864016003081,23.977439275012642,29.78826533695407,35.74444497459365,3.9069750287690783
aggressive_013,aggressive,47,True,"(2, 3, 3, 2)",3.0,IDLE,IDLE,FASTER,True,0.010328864016003081,23.977439275012642,29.8512919787661,33.90964412301963,3.6781222157031443
aggressive_013,aggressive,48,True,"(2, 3, 3, 2)",3.0,IDLE,IDLE,FASTER,True,0.010328864016003081,23.977439275012642,29.895557603742446,32.06212177575429,3.458408937774647
aggressive_013,aggressive,49,True,"(2, 3, 3, 2)",3.0,IDLE,IDLE,FASTER,True,0.010328864016003081,23.977439275012642,29.926646766963145,30.205257985857997,3.2447557277157677
aggressive_013,aggressive,50,True,"(2, 3, 2, 2)",3.0,IDLE,FASTER,SLOWER,True,2.0962427269672332,14.916910801557293,29.948481679952167,28.341433457023243,3.0351504495069994
aggressive_013,aggressive,51,True,"(2, 3, 2, 1)",3.0,IDLE,IDLE,LANE_LEFT,True,0.04097672439041844,20.943304381511865,29.96381703722292,26.472326597895744,2.8282692402264153
aggressive_013,aggressive,52,True,"(2, 3, 2, 1)",3.0,SLOWER,IDLE,LANE_LEFT,True,0.04097672439041844,20.943304381511865,29.97458754877659,24.599122182594215,2.623237277496231
aggressive_013,aggressive,53,True,"(2, 3, 2, 1)",3.0,SLOWER,IDLE,LANE_LEFT,True,0.04097672439041844,20.943304381511865,28.493811831239526,22.82965381507006,2.8886502057587773
aggressive_013,aggressive,54,True,"(2, 3, 2, 2)",3.0,SLOWER,FASTER,SLOWER,True,2.0962427269672332,14.916910801557293,27.453815716865073,21.32333803485193,3.1039519504571467
aggressive_013,aggressive,55,True,"(2, 2, 2, 2)",2.0,IDLE,SLOWER,SLOWER,False,0.167488508622057,14.848589976352557,25.23505301376532,20.108466885131236,4.3175397912643625
aggressive_013,aggressive,56,True,"(2, 1, 2, 3)",3.0,IDLE,FASTER,FASTER,False,0.3534723306966612,14.84669673483181,23.67674505219183,19.288591744724613,6.211292317824536
aggressive_013,aggressive,57,True,"(2, 1, 2, 3)",3.0,IDLE,FASTER,FASTER,False,0.3534723306966612,14.84669673483181,22.582295564776704,18.745772353192706,9.292972929589943
aggressive_013,aggressive,58,True,"(2, 1, 2, 4)",4.0,IDLE,LANE_LEFT,LANE_LEFT,False,0.09944470694155427,14.36127424566746,21.81362870941793,18.39717971480627,14.662691022555494
aggressive_013,aggressive,59,True,"(2, 1, 2, 4)",4.0,LANE_LEFT,LANE_LEFT,LANE_LEFT,False,0.09944470694155427,14.36127424566746,21.27376940908365,18.184644386361924,25.22421074223206
aggressive_013,aggressive,60,True,"(2, 0, 2, 4)",3.0,IDLE,FASTER,FASTER,False,0.20873117454820544,14.626320409781997,20.89460896769661,18.16432775304338,52.230144310274156
aggressive_013,aggressive,61,True,"(2, 0, 2, 4)",3.0,IDLE,FASTER,FASTER,False,0.20873117454820544,14.626320409781997,20.62831247113946,18.215292925929248,208.35209424342412
aggressive_013,aggressive,62,True,"(1, 0, 2, 4)",4.0,IDLE,FASTER,FASTER,False,0.13342677154318494,18.80986870556974,20.441283930347605,20.275677638698426,17.254343745028574
aggressive_013,aggressive,63,True,"(1, 0, 2, 4)",4.0,IDLE,FASTER,FASTER,False,0.13342677154318494,18.80986870556974,20.309927808419715,20.082235417761012,19.31117042721324
aggressive_013,aggressive,64,True,"(1, 0, 2, 4)",4.0,IDLE,FASTER,FASTER,False,0.13342677154318494,18.80986870556974,20.217672205639087,19.89576712367966,21.088396070146203
aggressive_013,aggressive,65,True,"(1, 0, 2, 4)",4.0,IDLE,FASTER,FASTER,False,0.13342677154318494,18.80986870556974,20.152878147170387,19.718378497062304,22.560190988205242
aggressive_013,aggressive,66,True,"(1, 0, 2, 4)",4.0,LANE_LEFT,FASTER,FASTER,False,0.13342677154318494,18.80986870556974,20.10737120898661,19.549836619727444,23.73899058465219
aggressive_013,aggressive,67,True,"(1, 0, 2, 4)",4.0,IDLE,FASTER,FASTER,False,0.13342677154318494,18.80986870556974,20.075410231825987,19.518812970244426,24.82627692305035
aggressive_013,aggressive,68,True,"(1, 0, 2, 4)",4.0,IDLE,FASTER,FASTER,False,0.13342677154318494,18.80986870556974,20.052963016042398,19.482996207506176,25.700899491572272
aggressive_013,aggressive,69,True,"(0, 0, 3, 4)",2.0,FASTER,FASTER,FASTER,False,0.7307267125207204,16.341609250865844,20.037197618948845,49.10546915223097,inf
aggressive_013,aggressive,70,True,"(0, 1, 3, 4)",2.0,FASTER,FASTER,FASTER,False,0.45777890631347873,16.50667599096988,21.514465268726763,49.07700003732532,38.877588083674084
aggressive_013,aggressive,71,True,"(0, 1, 3, 4)",2.0,FASTER,FASTER,FASTER,False,0.45777890631347873,16.50667599096988,22.551997554990535,48.7661180185745,21.237831244155576
aggressive_013,aggressive,72,True,"(0, 2, 3, 3)",1.0,IDLE,IDLE,IDLE,False,,16.028264469650892,24.769029832860294,48.154318862790205,10.678108707628741
aggressive_013,aggressive,73,True,"(0, 2, 3, 3)",1.0,IDLE,IDLE,IDLE,False,,16.028264469650892,26.326122461487614,47.14322102197616,7.775281678590431
aggressive_013,aggressive,74,True,"(0, 3, 3, 3)",1.0,IDLE,IDLE,IDLE,False,,16.477463113041296,27.41971838173067,45.85306051885709,6.409976943705637
aggressive_013,aggressive,75,True,"(0, 3, 3, 2)",3.0,IDLE,LANE_RIGHT,FASTER,True,0.08142107589026182,17.050468312561435,28.187785749583135,44.36766865652555,5.603316245184934
aggressive_013,aggressive,76,True,"(0, 3, 3, 2)",3.0,IDLE,LANE_RIGHT,FASTER,True,0.08142107589026182,17.050468312561435,28.72722401068116,42.74556992087594,5.0560921229242535
aggressive_013,aggressive,77,True,"(0, 3, 3, 2)",3.0,IDLE,LANE_RIGHT,FASTER,True,0.08142107589026182,17.050468312561435,29.10608874275549,41.02771843969197,4.64644052320386
aggressive_013,aggressive,78,True,"(0, 3, 3, 2)",3.0,IDLE,LANE_RIGHT,FASTER,True,0.08142107589026182,17.050468312561435,29.37217755321099,39.24282201915071,4.315782258554518
aggressive_013,aggressive,79,True,"(0, 3, 3, 2)",3.0,IDLE,LANE_RIGHT,FASTER,True,0.08142107589026182,17.050468312561435,29.559060229415675,37.411022953901124,4.032813565847604
aggressive_013,aggressive,80,True,"(0, 3, 3, 2)",3.0,IDLE,LANE_RIGHT,FASTER,True,0.08142107589026182,17.050468312561435,29.690313905981927,35.54645975766323,3.7795791745377563
aggressive_013,aggressive,81,True,"(0, 3, 3, 2)",3.0,IDLE,LANE_RIGHT,FASTER,True,0.08142107589026182,17.050468312561435,29.782497558110762,33.6590581717943,3.545271792551263
aggressive_013,aggressive,82,True,"(0, 3, 3, 2)",3.0,IDLE,LANE_RIGHT,FASTER,True,0.08142107589026182,17.050468312561435,29.847241083337053,31.75578642037499,3.3231688369897636
aggressive_013,aggressive,83,True,"(0, 3, 2, 2)",3.0,IDLE,IDLE,IDLE,False,0.06569794230382797,21.84028391912078,29.892712530409565,29.84153601531557,3.108994218202525
aggressive_013,aggressive,84,True,"(0, 3, 2, 1)",3.0,IDLE,SLOWER,IDLE,True,0.026629464213840492,22.36368470119956,29.924648581028393,27.919740135797724,2.899987296674498
aggressive_013,aggressive,85,True,"(0, 3, 2, 1)",3.0,IDLE,SLOWER,IDLE,True,0.026629464213840492,22.36368470119956,29.94707829010499,25.992807862832024,2.6943486998146957
aggressive_013,aggressive,86,True,"(0, 3, 2, 1)",3.0,SLOWER,SLOWER,IDLE,True,0.026629464213840492,22.36368470119956,29.962831391678677,24.062429129836914,2.4908988625557638
aggressive_013,aggressive,87,True,"(0, 3, 2, 1)",3.0,SLOWER,SLOWER,IDLE,True,0.026629464213840492,22.36368470119956,28.485555106364174,22.236784770954387,2.718391258988683
aggressive_013,aggressive,88,True,"(0, 3, 2, 1)",3.0,SLOWER,SLOWER,IDLE,True,0.026629464213840492,22.36368470119956,27.448016755087046,20.67552805490959,2.8957781609001456
aggressive_013,aggressive,89,True,"(0, 2, 2, 2)",3.0,IDLE,LANE_RIGHT,LANE_RIGHT,False,0.1973740374298245,21.59028391912078,25.230980217564564,19.40711052848951,3.9443891826600828
aggressive_013,aggressive,90,True,"(0, 1, 2, 2)",4.0,IDLE,SLOWER,LANE_RIGHT,True,0.017145908613670713,21.410637302131846,23.67388459724699,18.53518918670511,5.515689158941483
aggressive_013,aggressive,91,True,"(0, 1, 2, 3)",4.0,LANE_RIGHT,FASTER,FASTER,False,0.2181724027027343,21.410637302131846,22.58028657584425,17.9418918593243,7.924013130910847
aggressive_013,aggressive,92,True,"(0, 1, 2, 3)",4.0,IDLE,FASTER,FASTER,False,0.2181724027027343,21.410637302131846,21.81221773228019,17.631211982547597,11.804541893945384
aggressive_013,aggressive,93,True,"(0, 1, 2, 4)",4.0,IDLE,FASTER,FASTER,False,0.7694159574762125,19.593182810001366,21.27277843474274,17.469720732772885,18.3581582251727
aggressive_013,aggressive,94,True,"(1, 0, 3, 4)",2.0,FASTER,FASTER,FASTER,False,1.0880424698772373,17.13148487148065,20.893912974743873,36.99697345339109,34.438107324488456
aggressive_013,aggressive,95,True,"(1, 1, 3, 4)",2.0,FASTER,FASTER,FASTER,False,0.18102760637502513,17.304530144675894,22.116163845087602,36.72734188403933,16.084172083991366
aggressive_013,aggressive,96,True,"(1, 1, 3, 3)",2.0,FASTER,IDLE,FASTER,True,0.13940187622947064,17.83837181599958,22.97458969641269,36.22463360731183,11.577244024745557
aggressive_013,aggressive,97,True,"(1, 2, 3, 3)",4.0,IDLE,FASTER,FASTER,False,0.16858257731026072,17.63595526258844,25.06582980049835,35.45557350431204,6.808618073891472
aggressive_013,aggressive,98,True,"(1, 2, 3, 2)",2.0,IDLE,IDLE,IDLE,False,1.4127278224912772,17.460124337463952,26.534574564959062,34.3117578310339,5.149097409850814
aggressive_013,aggressive,99,True,"(1, 3, 3, 2)",3.0,IDLE,LANE_RIGHT,FASTER,True,0.07540547048402857,17.534861192805053,27.566120956459585,32.90654519147961,4.283136384282989
aggressive_013,aggressive,100,True,"(1, 3, 3, 2)",3.0,IDLE,LANE_RIGHT,FASTER,True,0.07540547048402857,17.534861192805053,28.290608957074497,31.318988670762224,3.73062619779817
aggressive_013,aggressive,101,True,"(1, 3, 2, 2)",5.0,IDLE,IDLE,FASTER,True,0.04528414070048825,20.516869881473667,28.799440035695667,29.604276610213105,3.329351408613234
aggressive_013,aggressive,102,True,"(1, 3, 2, 2)",5.0,IDLE,IDLE,FASTER,True,0.04528414070048825,20.516869881473667,29.15680836526225,27.801022052406097,3.0096107521724775
aggressive_013,aggressive,103,True,"(1, 3, 2, 1)",4.0,IDLE,IDLE,SLOWER,True,1.1133662264584103,17.36341426408633,29.407799565177328,25.93628430973888,2.7368438162511506
aggressive_013,aggressive,104,True,"(1, 3, 2, 1)",4.0,SLOWER,IDLE,SLOWER,True,1.1133662264584103,17.36341426408633,29.584078706955818,24.02904187745014,2.492260805291099
aggressive_013,aggressive,105,True,"(1, 3, 2, 1)",4.0,SLOWER,IDLE,SLOWER,True,1.1133662264584103,17.36341426408633,28.21954499034483,22.199605384970937,2.685795173219537
aggressive_013,aggressive,106,True,"(1, 3, 2, 1)",4.0,LANE_RIGHT,IDLE,SLOWER,True,1.1133662264584103,17.36341426408633,27.261189348500075,20.616138493823996,2.8256787295077985
aggressive_013,aggressive,107,True,"(1, 2, 2, 1)",3.0,SLOWER,IDLE,SLOWER,True,0.0883799465036077,19.724564432316868,26.588105550661233,19.266120234192726,2.9138750120839267
aggressive_013,aggressive,108,True,"(1, 2, 2, 2)",4.0,IDLE,IDLE,FASTER,True,0.04979913466036123,20.069888464462593,24.627037094565914,18.168726794262852,3.9157728251905652
aggressive_013,aggressive,109,True,"(2, 1, 3, 4)",2.0,FASTER,FASTER,FASTER,False,0.4948294100748569,16.028375852098037,23.249716038981823,47.44310030778945,13.42708978788595
aggressive_013,aggressive,110,True,"(2, 2, 3, 3)",1.0,IDLE,IDLE,IDLE,False,,16.269888459937178,25.25905982436035,46.62351312273381,8.418026576336493
aggressive_013,aggressive,111,True,"(2, 2, 3, 3)",1.0,IDLE,IDLE,IDLE,False,,16.269888459937178,26.670286186656377,45.42944957354382,6.540787982679656
aggressive_013,aggressive,112,True,"(2, 3, 3, 2)",3.0,IDLE,IDLE,FASTER,True,0.010328864016003081,23.977439275012642,27.66143556593699,43.97536781719691,5.543684088555192
aggressive_013,aggressive,113,True,"(2, 3, 3, 2)",3.0,IDLE,IDLE,FASTER,True,0.010328864016003081,23.977439275012642,28.357551453717065,42.341296214263934,4.909454163479522
aggressive_013,aggressive,114,True,"(2, 3, 3, 2)",3.0,IDLE,IDLE,FASTER,True,0.010328864016003081,23.977439275012642,28.84645589067646,40.58228719078852,4.4551094682703045
aggressive_013,aggressive,115,True,"(2, 3, 3, 2)",3.0,IDLE,IDLE,FASTER,True,0.010328864016003081,23.977439275012642,29.1898291029168,38.736290733140436,4.09979699160989
aggressive_013,aggressive,116,True,"(2, 3, 3, 2)",3.0,IDLE,IDLE,FASTER,True,0.010328864016003081,23.977439275012642,29.430991084627436,36.829638010831104,3.802623242855575
aggressive_013,aggressive,117,True,"(2, 3, 3, 2)",3.0,IDLE,IDLE,FASTER,True,0.010328864016003081,23.977439275012642,29.600366852303495,34.880697469190295,3.5409997203885157
aggressive_013,aggressive,118,True,"(2, 3, 3, 2)",3.0,IDLE,IDLE,FASTER,True,0.010328864016003081,23.977439275012642,29.71932486746144,32.90232570413377,3.3016867258229095
aggressive_013,aggressive,119,True,"(2, 3, 3, 2)",3.0,IDLE,IDLE,FASTER,True,0.010328864016003081,23.977439275012642,29.80287288359432,30.903537500911966,3.0766046807248397
aggressive_013,aggressive,120,True,"(2, 3, 2, 1)",3.0,IDLE,IDLE,LANE_LEFT,True,0.04097672439041844,20.943304381511865,29.861551325651977,28.890659312459775,2.860686170852259
aggressive_013,aggressive,121,True,"(2, 3, 2, 1)",3.0,IDLE,IDLE,LANE_LEFT,True,0.04097672439041844,20.943304381511865,29.90276307096545,26.86813263898091,2.6506942352099703
aggressive_013,aggressive,122,True,"(2, 3, 2, 1)",3.0,SLOWER,IDLE,LANE_LEFT,True,0.04097672439041844,20.943304381511865,29.931707396892058,24.839076067889096,2.4445364092190047
aggressive_013,aggressive,123,True,"(2, 3, 2, 1)",3.0,SLOWER,IDLE,LANE_LEFT,True,0.04097672439041844,20.943304381511865,28.463695730053132,22.912675213707985,2.637004029664374
aggressive_013,aggressive,124,True,"(2, 3, 2, 1)",3.0,SLOWER,IDLE,LANE_LEFT,True,0.04097672439041844,20.943304381511865,27.432664216443353,21.249290401234134,2.7763285667731425
aggressive_013,aggressive,125,True,"(2, 2, 2, 2)",2.0,IDLE,SLOWER,SLOWER,False,0.167488508622057,14.848589976352557,25.220197638983535,19.877871056203162,3.6559401147691126
aggressive_013,aggressive,126,True,"(2, 1, 2, 2)",3.0,IDLE,SLOWER,IDLE,True,0.01711657645641651,14.775253060669087,23.666311647681166,18.902425056116044,4.872841916636472
aggressive_013,aggressive,127,True,"(2, 1, 2, 3)",3.0,IDLE,FASTER,FASTER,False,0.3534723306966612,14.84669673483181,22.574967851320654,18.205327790563956,6.540016408644491
aggressive_013,aggressive,128,True,"(2, 1, 2, 3)",3.0,IDLE,FASTER,FASTER,False,0.3534723306966612,14.84669673483181,21.808482222052366,17.703967207094934,8.794409486786696
aggressive_013,aggressive,129,True,"(2, 1, 2, 3)",3.0,IDLE,FASTER,FASTER,False,0.3534723306966612,14.84669673483181,21.27015486651689,17.34032167647092,11.790752479621071
aggressive_013,aggressive,130,True,"(2, 0, 2, 4)",3.0,IDLE,FASTER,FASTER,False,0.20873117454820544,14.626320409781997,20.89207035892544,17.073640194912855,15.685459892922239
aggressive_013,aggressive,131,True,"(2, 0, 2, 4)",3.0,IDLE,FASTER,FASTER,False,0.20873117454820544,14.626320409781997,20.62652952506149,16.875301456801935,20.60769012650257
aggressive_013,aggressive,132,True,"(2, 0, 2, 4)",3.0,IDLE,FASTER,FASTER,False,0.20873117454820544,14.626320409781997,20.44003171033125,16.725203217736862,26.61897871305024
aggressive_013,aggressive,133,True,"(2, 0, 2, 4)",3.0,IDLE,FASTER,FASTER,False,0.20873117454820544,14.626320409781997,20.309048334279286,16.60922642940193,33.671135502253115
aggressive_013,aggressive,134,True,"(2, 0, 2, 4)",3.0,IDLE,FASTER,FASTER,False,0.20873117454820544,14.626320409781997,20.21705452284087,16.51745422101044,41.58091090554288
aggressive_013,aggressive,135,True,"(2, 0, 2, 4)",3.0,IDLE,FASTER,FASTER,False,0.20873117454820544,14.626320409781997,20.152444328799074,16.442921033608286,50.04103193392803
aggressive_013,aggressive,136,True,"(2, 0, 2, 4)",3.0,IDLE,FASTER,FASTER,False,0.20873117454820544,14.626320409781997,20.10706652447891,16.380734097657296,58.67366439276499
aggressive_013,aggressive,137,True,"(2, 0, 2, 4)",3.0,IDLE,FASTER,FASTER,False,0.20873117454820544,14.626320409781997,20.07519624215803,16.327456419188934,67.10922099903226
aggressive_013,aggressive,138,True,"(2, 0, 2, 4)",3.0,IDLE,FASTER,FASTER,False,0.20873117454820544,14.626320409781997,20.052812724259137,16.280673431768378,75.05823603204692
aggressive_013,aggressive,139,True,"(2, 0, 2, 4)",3.0,IDLE,FASTER,FASTER,False,0.20873117454820544,14.626320409781997,20.037092064225895,16.238688642811553,82.34988407833615
aggressive_013,aggressive,140,True,"(2, 0, 2, 4)",3.0,IDLE,FASTER,FASTER,False,0.20873117454820544,14.626320409781997,20.02605094222724,16.20030987674454,88.93150975530753
aggressive_013,aggressive,141,True,"(2, 0, 2, 4)",3.0,IDLE,FASTER,FASTER,False,0.20873117454820544,14.626320409781997,20.018296409355756,16.1646991472046,94.84173758625305
aggressive_013,aggressive,142,True,"(2, 0, 2, 4)",3.0,IDLE,FASTER,FASTER,False,0.20873117454820544,14.626320409781997,20.012850153072904,16.131267217937534,100.17503508980244
aggressive_013,aggressive,143,True,"(2, 0, 2, 4)",3.0,IDLE,FASTER,FASTER,False,0.20873117454820544,14.626320409781997,20.00902507321444,16.099599549979416,105.05062689723887
aggressive_013,aggressive,144,True,"(2, 0, 2, 4)",3.0,IDLE,FASTER,FASTER,False,0.20873117454820544,14.626320409781997,20.006338597374203,16.069404292416152,109.59101549808895
aggressive_013,aggressive,145,True,"(2, 0, 2, 4)",3.0,IDLE,FASTER,FASTER,False,0.20873117454820544,14.626320409781997,20.00445179952756,16.040475755037164,113.90995328500867
aggressive_013,aggressive,146,True,"(2, 0, 2, 4)",3.0,IDLE,FASTER,FASTER,False,0.20873117454820544,14.626320409781997,20.003126641094802,16.012668754407855,118.10741772205625
aggressive_013,aggressive,147,True,"(2, 0, 2, 4)",3.0,IDLE,FASTER,FASTER,False,0.20873117454820544,14.626320409781997,20.002195939973305,15.98588059667452,122.26890669515868
aggressive_013,aggressive,148,True,"(2, 0, 2, 4)",3.0,IDLE,FASTER,FASTER,False,0.20873117454820544,14.626320409781997,20.001542278828985,15.96003842388211,126.46698801344958
aggressive_013,aggressive,149,True,"(2, 0, 2, 4)",3.0,IDLE,FASTER,FASTER,False,0.20873117454820544,14.626320409781997,20.00108319171528,15.93509032724512,130.7637825606967
aggressive_013,aggressive,150,True,"(2, 0, 2, 4)",3.0,IDLE,FASTER,FASTER,False,0.20873117454820544,14.626320409781997,20.000760760162176,15.910999106056124,135.2136504805816
cautious_002,cautious,0,True,"(1, 2, 2, 3)",2.0,SLOWER,IDLE,IDLE,False,1.4620279085782641,19.279444427715063,25.0,24.074667268387486,8.601452443597374
cautious_002,cautious,1,True,"(1, 1, 2, 3)",5.0,IDLE,FASTER,FASTER,False,0.19402952935561757,19.48695065067959,23.511659807956104,23.541881710986075,9.37711741387497
cautious_002,cautious,2,True,"(1, 1, 2, 3)",5.0,IDLE,FASTER,FASTER,False,0.19402952935561757,19.48695065067959,22.46635092136286,23.034914936855046,8.676437935263472
cautious_002,cautious,3,True,"(1, 1, 2, 3)",5.0,IDLE,FASTER,FASTER,False,0.19402952935561757,19.48695065067959,21.732197080573094,22.41204645528063,7.604171796679826
cautious_002,cautious,4,True,"(1, 1, 2, 3)",5.0,IDLE,FASTER,FASTER,False,0.19402952935561757,19.48695065067959,21.216577373461487,21.671472583077247,6.516376058126391
cautious_002,cautious,5,True,"(1, 0, 2, 3)",1.0,IDLE,IDLE,IDLE,False,,16.305224472017628,20.8544411731307,20.907069706706835,6.241520631560314
cautious_002,cautious,6,True,"(1, 0, 2, 3)",1.0,IDLE,IDLE,IDLE,False,,16.305224472017628,20.600101345189188,20.21826261604292,6.741352268144469
cautious_002,cautious,7,True,"(1, 0, 4, 4)",2.0,IDLE,FASTER,FASTER,False,0.7731550604857773,16.635135463547968,20.421470354920253,88.32722941138539,28.046201289008447
cautious_002,cautious,8,True,"(1, 0, 4, 4)",2.0,IDLE,FASTER,FASTER,False,0.7731550604857773,16.635135463547968,20.29601210112369,87.69902509807244,28.061292982454155
cautious_002,cautious,9,True,"(1, 0, 4, 4)",2.0,IDLE,FASTER,FASTER,False,0.7731550604857773,16.635135463547968,20.20789875963694,87.07546405379364,28.064008500554777
cautious_002,cautious,10,True,"(1, 0, 4, 4)",2.0,IDLE,FASTER,FASTER,False,0.7731550604857773,16.635135463547968,20.146013943668194,86.45650560133626,28.08719592388858
cautious_002,cautious,11,True,"(1, 0, 4, 4)",2.0,IDLE,FASTER,FASTER,False,0.7731550604857773,16.635135463547968,20.102550259476153,85.8427193527659,28.150231080377235
cautious_002,cautious,12,True,"(1, 0, 4, 4)",2.0,IDLE,FASTER,FASTER,False,0.7731550604857773,16.635135463547968,20.072024324899573,85.23500043845314,28.263607845877548
cautious_002,cautious,13,True,"(1, 0, 4, 4)",2.0,IDLE,FASTER,FASTER,False,0.7731550604857773,16.635135463547968,20.050584985389,84.63438032961753,28.4322106794272
cautious_002,cautious,14,True,"(1, 0, 4, 4)",2.0,IDLE,FASTER,FASTER,False,0.7731550604857773,16.635135463547968,20.03552745201532,84.04190504801664,28.65750749816426
cautious_002,cautious,15,True,"(1, 0, 4, 4)",2.0,IDLE,FASTER,FASTER,False,0.7731550604857773,16.635135463547968,20.024952065064255,83.4585601380283,28.93896604755138
cautious_002,cautious,16,True,"(1, 0, 4, 4)",2.0,IDLE,FASTER,FASTER,False,0.7731550604857773,16.635135463547968,20.01752463280233,82.88522762165667,29.274944923176193
cautious_002,cautious,17,True,"(1, 0, 4, 4)",2.0,IDLE,FASTER,FASTER,False,0.7731550604857773,16.635135463547968,20.012308109732228,82.32266445258506,29.663241258281996
cautious_002,cautious,18,True,"(1, 0, 4, 4)",2.0,IDLE,FASTER,FASTER,False,0.7731550604857773,16.635135463547968,20.008644378851713,81.77149510071098,30.10141899377945
cautious_002,cautious,19,True,"(1, 0, 4, 4)",2.0,IDLE,FASTER,FASTER,False,0.7731550604857773,16.635135463547968,20.00607122355566,81.23221314047765,30.586999248626988
cautious_002,cautious,20,True,"(1, 0, 4, 4)",2.0,IDLE,FASTER,FASTER,False,0.7731550604857773,16.635135463547968,20.004264014349108,80.70518831711303,31.11756532412439
cautious_002,cautious,21,True,"(1, 0, 4, 4)",2.0,IDLE,FASTER,FASTER,False,0.7731550604857773,16.635135463547968,20.002994753562064,80.19067669848948,31.69081574760906
cautious_002,cautious,22,True,"(1, 0, 4, 4)",2.0,IDLE,FASTER,FASTER,False,0.7731550604857773,16.635135463547968,20.002103311143728,79.68883231624142,32.304586390446026
cautious_002,cautious,23,True,"(1, 0, 4, 4)",2.0,IDLE,FASTER,FASTER,False,0.7731550604857773,16.635135463547968,20.001477222641412,79.19971925372147,32.95685478972482
cautious_002,cautious,24,True,"(1, 0, 4, 4)",2.0,IDLE,FASTER,FASTER,False,0.7731550604857773,16.635135463547968,20.00103750067545,78.72332352033794,33.645734787353014
cautious_002,cautious,25,True,"(1, 0, 4, 4)",2.0,IDLE,FASTER,FASTER,False,0.7731550604857773,16.635135463547968,20.00072866988454,78.25956431250478,34.36946643291293
cautious_002,cautious,26,True,"(1, 0, 4, 4)",2.0,IDLE,FASTER,FASTER,False,0.7731550604857773,16.635135463547968,20.000511768149366,77.80830443721732,35.12640410413566
cautious_002,cautious,27,True,"(1, 0, 4, 4)",2.0,IDLE,FASTER,FASTER,False,0.7731550604857773,16.635135463547968,20.000359431128224,77.36935979104106,35.915004550720845
cautious_002,cautious,28,True,"(1, 0, 4, 4)",2.0,IDLE,FASTER,FASTER,False,0.7731550604857773,16.635135463547968,20.000252439969344,76.94250786334504,36.73381579016548
cautious_002,cautious,29,True,"(1, 0, 4, 4)",2.0,IDLE,FASTER,FASTER,False,0.7731550604857773,16.635135463547968,20.000177296658855,76.52749528076902,37.581467305223434
cautious_002,cautious,30,True,"(1, 0, 4, 4)",2.0,IDLE,FASTER,FASTER,False,0.7731550604857773,16.635135463547968,20.000124521110198,76.12404443913391,38.45666170207809
cautious_002,cautious,31,True,"(1, 0, 4, 4)",2.0,IDLE,FASTER,FASTER,False,0.7731550604857773,16.635135463547968,20.000087455155587,75.73185928550117,39.35816781693603
cautious_002,cautious,32,True,"(1, 0, 4, 4)",2.0,IDLE,FASTER,FASTER,False,0.7731550604857773,16.635135463547968,20.000061422550974,75.35063032114266,40.28481516254575
cautious_002,cautious,33,True,"(1, 0, 4, 4)",2.0,IDLE,FASTER,FASTER,False,0.7731550604857773,16.635135463547968,20.00004313902071,74.98003889873382,41.23548955714742
cautious_002,cautious,34,True,"(1, 0, 4, 4)",2.0,IDLE,FASTER,FASTER,False,0.7731550604857773,16.635135463547968,20.000030297913035,74.61976088613625,42.20912975875433
cautious_002,cautious,35,True,"(1, 0, 4, 4)",2.0,IDLE,FASTER,FASTER,False,0.7731550604857773,16.635135463547968,20.000021279192694,74.26946976604233,43.20472492606272
cautious_002,cautious,36,True,"(1, 0, 4, 4)",2.0,IDLE,FASTER,FASTER,False,0.7731550604857773,16.635135463547968,20.000014945057146,73.92883923642273,44.221312736391646
cautious_002,cautious,37,True,"(1, 0, 4, 4)",2.0,IDLE,FASTER,FASTER,False,0.7731550604857773,16.635135463547968,20.0000104963913,73.59754537176116,45.257978006190335
cautious_002,cautious,38,True,"(1, 0, 4, 4)",2.0,IDLE,FASTER,FASTER,False,0.7731550604857773,16.635135463547968,20.000007371951092,73.27526839986001,46.31385167780186
cautious_002,cautious,39,True,"(1, 0, 4, 4)",2.0,IDLE,FASTER,FASTER,False,0.7731550604857773,16.635135463547968,20.000005177556872,72.96169414382348,47.38811005540593
cautious_002,cautious,40,True,"(1, 0, 4, 4)",2.0,IDLE,FASTER,FASTER,False,0.7731550604857773,16.635135463547968,20.000003636363672,72.65651517382429,48.47997419215129
cautious_002,cautious,41,True,"(1, 0, 4, 4)",2.0,IDLE,FASTER,FASTER,False,0.7731550604857773,16.635135463547968,20.000002553934433,72.35943170852784,49.58870934864771
cautious_002,cautious,42,True,"(1, 0, 4, 4)",2.0,IDLE,FASTER,FASTER,False,0.7731550604857773,16.635135463547968,20.00000179370978,72.07015230164342,50.713624459758435
cautious_002,cautious,43,True,"(1, 0, 4, 4)",2.0,IDLE,FASTER,FASTER,False,0.7731550604857773,16.635135463547968,20.000001259779708,71.78839434500833,51.8540715617328
cautious_002,cautious,44,True,"(1, 0, 4, 4)",2.0,IDLE,FASTER,FASTER,False,0.7731550604857773,16.635135463547968,20.000000884783553,71.5138844159037,53.00944514504838
cautious_002,cautious,45,True,"(1, 0, 4, 4)",2.0,IDLE,FASTER,FASTER,False,0.7731550604857773,16.635135463547968,20.00000062141177,71.24635849293196,54.17918140983653
cautious_002,cautious,46,True,"(1, 0, 4, 4)",2.0,IDLE,FASTER,FASTER,False,0.7731550604857773,16.635135463547968,20.000000436437347,70.98556206175101,55.362757410504216
cautious_002,cautious,47,True,"(1, 0, 4, 4)",2.0,IDLE,FASTER,FASTER,False,0.7731550604857773,16.635135463547968,20.000000306523898,70.7312501292331,56.559690084225025
cautious_002,cautious,48,True,"(1, 0, 4, 4)",2.0,IDLE,FASTER,FASTER,False,0.7731550604857773,16.635135463547968,20.00000021528153,70.48318716217784,57.76953516446241
cautious_002,cautious,49,True,"(1, 0, 4, 4)",2.0,IDLE,FASTER,FASTER,False,0.7731550604857773,16.635135463547968,20.000000151199103,70.24114696454092,58.9918859857664
cautious_002,cautious,50,True,"(1, 0, 4, 4)",2.0,IDLE,FASTER,FASTER,False,0.7731550604857773,16.635135463547968,20.000000106191962,70.00491250521333,60.22637218989001
cautious_002,cautious,51,True,"(1, 0, 4, 4)",2.0,IDLE,FASTER,FASTER,False,0.7731550604857773,16.635135463547968,20.00000007458201,69.77427570668209,61.47265834596378
cautious_002,cautious,52,True,"(1, 0, 4, 4)",2.0,IDLE,FASTER,FASTER,False,0.7731550604857773,16.635135463547968,20.00000005238133,69.5490372034065,62.730442499218874
cautious_002,cautious,53,True,"(1, 0, 4, 4)",2.0,IDLE,FASTER,FASTER,False,0.7731550604857773,16.635135463547968,20.000000036789082,69.32900607742351,63.999454663671095
cautious_002,cautious,54,True,"(1, 0, 4, 4)",2.0,IDLE,FASTER,FASTER,False,0.7731550604857773,16.635135463547968,20.00000002583815,69.11399957754247,65.2794552744705
cautious_002,cautious,55,True,"(1, 0, 4, 4)",2.0,IDLE,FASTER,FASTER,False,0.7731550604857773,16.635135463547968,20.00000001814696,68.90384282748306,66.57023361535356
cautious_002,cautious,56,True,"(1, 0, 4, 4)",2.0,IDLE,FASTER,FASTER,False,0.7731550604857773,16.635135463547968,20.00000001274519,68.69836852743288,67.87160623597607
cautious_002,cautious,57,True,"(1, 0, 4, 4)",2.0,IDLE,FASTER,FASTER,False,0.7731550604857773,16.635135463547968,20.000000008951353,68.49741665274217,69.18341537292308
cautious_002,cautious,58,True,"(1, 0, 4, 4)",2.0,IDLE,FASTER,FASTER,False,0.7731550604857773,16.635135463547968,20.000000006286818,68.30083415281575,70.50552738700873
cautious_002,cautious,59,True,"(1, 0, 4, 4)",2.0,IDLE,FASTER,FASTER,False,0.7731550604857773,16.635135463547968,20.000000004415433,68.1084746526966,71.83783122814168
cautious_002,cautious,60,True,"(1, 0, 4, 4)",2.0,IDLE,FASTER,FASTER,False,0.7731550604857773,16.635135463547968,20.0000000031011,67.92019815935055,73.18023693763672
cautious_002,cautious,61,True,"(1, 0, 4, 4)",2.0,IDLE,FASTER,FASTER,False,0.7731550604857773,16.635135463547968,20.000000002178,67.73587077424548,74.53267419642144
cautious_002,cautious,62,True,"(1, 0, 4, 4)",2.0,IDLE,FASTER,FASTER,False,0.7731550604857773,16.635135463547968,20.000000001529678,67.55536441346652,75.89509092619542
cautious_002,cautious,63,True,"(1, 0, 4, 4)",2.0,IDLE,FASTER,FASTER,False,0.7731550604857773,16.635135463547968,20.00000000107434,67.37855653630862,77.26745194925341
cautious_002,cautious,64,True,"(1, 0, 4, 4)",2.0,IDLE,FASTER,FASTER,False,0.7731550604857773,16.635135463547968,20.000000000754543,67.20532988303376,78.64973771140426
cautious_002,cautious,65,True,"(1, 0, 4, 4)",2.0,IDLE,FASTER,FASTER,False,0.7731550604857773,16.635135463547968,20.00000000052994,67.0355722222726,80.04194307126991
cautious_002,cautious,66,True,"(1, 0, 4, 4)",2.0,IDLE,FASTER,FASTER,False,0.7731550604857773,16.635135463547968,20.000000000372196,66.86917610836849,81.44407615816048
cautious_002,cautious,67,True,"(1, 0, 4, 4)",2.0,IDLE,FASTER,FASTER,False,0.7731550604857773,16.635135463547968,20.00000000026141,66.70603864881883,82.85615729978703
cautious_002,cautious,68,True,"(1, 0, 4, 4)",2.0,IDLE,FASTER,FASTER,False,0.7731550604857773,16.635135463547968,20.000000000183594,66.54606128184815,84.27821802022177
cautious_002,cautious,69,True,"(1, 0, 4, 4)",2.0,IDLE,FASTER,FASTER,False,0.7731550604857773,16.635135463547968,20.000000000128942,66.3891495640496,85.7103001077971
cautious_002,cautious,70,True,"(1, 0, 4, 4)",2.0,IDLE,FASTER,FASTER,False,0.7731550604857773,16.635135463547968,20.00000000009056,66.23521296795184,87.15245475200875
cautious_002,cautious,71,True,"(1, 0, 4, 4)",2.0,IDLE,FASTER,FASTER,False,0.7731550604857773,16.635135463547968,20.0000000000636,66.08416468930756,88.60474174797048
cautious_002,cautious,72,True,"(1, 0, 4, 4)",2.0,IDLE,FASTER,FASTER,False,0.7731550604857773,16.635135463547968,20.00000000004467,65.93592146385112,90.06722876654136
cautious_002,cautious,73,True,"(1, 0, 4, 4)",2.0,IDLE,FASTER,FASTER,False,0.7731550604857773,16.635135463547968,20.00000000003137,65.79040339323547,91.53999068790763
cautious_002,cautious,74,True,"(1, 0, 4, 4)",2.0,IDLE,FASTER,FASTER,False,0.7731550604857773,16.635135463547968,20.000000000022034,65.64753377983254,93.02310899614305
cautious_002,cautious,75,True,"(1, 0, 4, 4)",2.0,IDLE,FASTER,FASTER,False,0.7731550604857773,16.635135463547968,20.000000000015476,65.50723897006043,94.51667123206946
cautious_002,cautious,76,True,"(1, 0, 4, 4)",2.0,IDLE,FASTER,FASTER,False,0.7731550604857773,16.635135463547968,20.00000000001087,65.36944820589162,96.02077050161716
cautious_002,cautious,77,True,"(1, 0, 4, 4)",2.0,IDLE,FASTER,FASTER,False,0.7731550604857773,16.635135463547968,20.000000000007635,65.23409348418824,97.53550503680074
cautious_002,cautious,78,True,"(1, 0, 4, 4)",2.0,IDLE,FASTER,FASTER,False,0.7731550604857773,16.635135463547968,20.00000000000536,65.10110942350832,99.06097780639045
cautious_002,cautious,79,True,"(1, 0, 4, 4)",2.0,IDLE,FASTER,FASTER,False,0.7731550604857773,16.635135463547968,20.000000000003766,64.97043313803033,100.59729617337102
cautious_002,cautious,80,True,"(1, 0, 4, 4)",2.0,IDLE,FASTER,FASTER,False,0.7731550604857773,16.635135463547968,20.000000000002643,64.84200411824645,102.14457159630804
cautious_002,cautious,81,True,"(1, 0, 4, 4)",2.0,IDLE,FASTER,FASTER,False,0.7731550604857773,16.635135463547968,20.000000000001858,64.7157641180844,103.70291937180673
cautious_002,cautious,82,True,"(1, 0, 4, 4)",2.0,IDLE,FASTER,FASTER,False,0.7731550604857773,16.635135463547968,20.000000000001304,64.59165704812472,105.27245841534221
cautious_002,cautious,83,True,"(1, 0, 4, 4)",2.0,IDLE,FASTER,FASTER,False,0.7731550604857773,16.635135463547968,20.000000000000917,64.46962887459154,106.85331107782578
cautious_002,cautious,84,True,"(1, 0, 4, 4)",2.0,IDLE,FASTER,FASTER,False,0.7731550604857773,16.635135463547968,20.000000000000643,64.34962752380625,108.445602995392
cautious_002,cautious,85,True,"(1, 0, 4, 4)",2.0,IDLE,FASTER,FASTER,False,0.7731550604857773,16.635135463547968,20.00000000000045,64.23160279180729,110.04946297002111
cautious_002,cautious,86,True,"(1, 0, 4, 4)",2.0,IDLE,FASTER,FASTER,False,0.7731550604857773,16.635135463547968,20.000000000000316,64.11550625884865,111.66502287872184
cautious_002,cautious,87,True,"(1, 0, 4, 4)",2.0,IDLE,FASTER,FASTER,False,0.7731550604857773,16.635135463547968,20.00000000000022,64.00129120850443,113.29241760915153
cautious_002,cautious,88,True,"(1, 0, 4, 4)",2.0,IDLE,FASTER,FASTER,False,0.7731550604857773,16.635135463547968,20.000000000000156,63.8889125511206,114.93178501966804
cautious_002,cautious,89,True,"(1, 0, 4, 4)",2.0,IDLE,FASTER,FASTER,False,0.7731550604857773,16.635135463547968,20.00000000000011,63.7783267513654,116.5832659219498
cautious_002,cautious,90,True,"(1, 0, 4, 4)",2.0,IDLE,FASTER,FASTER,False,0.7731550604857773,16.635135463547968,20.000000000000078,63.669491759644075,118.2470040844459
cautious_002,cautious,91,True,"(1, 0, 4, 4)",2.0,IDLE,FASTER,FASTER,False,0.7731550604857773,16.635135463547968,20.000000000000057,63.56236694715699,119.92314625505666
cautious_002,cautious,92,True,"(1, 0, 4, 4)",2.0,IDLE,FASTER,FASTER,False,0.7731550604857773,16.635135463547968,20.00000000000004,63.456913044387875,121.61184220155498
cautious_002,cautious,93,True,"(1, 0, 4, 4)",2.0,IDLE,FASTER,FASTER,False,0.7731550604857773,16.635135463547968,20.00000000000003,63.35309208282706,123.31324476838637
cautious_002,cautious,94,True,"(1, 0, 4, 4)",2.0,IDLE,FASTER,FASTER,False,0.7731550604857773,16.635135463547968,20.000000000000018,63.25086733973876,125.02750994861955
cautious_002,cautious,95,True,"(1, 0, 4, 4)",2.0,IDLE,FASTER,FASTER,False,0.7731550604857773,16.635135463547968,20.000000000000014,63.150203285797716,126.75479696987912
cautious_002,cautious,96,True,"(1, 0, 4, 4)",2.0,IDLE,FASTER,FASTER,False,0.7731550604857773,16.635135463547968,20.000000000000014,63.051065535427824,128.49526839326208
cautious_002,cautious,97,True,"(1, 0, 4, 4)",2.0,IDLE,FASTER,FASTER,False,0.7731550604857773,16.635135463547968,20.000000000000014,62.95342079968532,130.2490902242827
cautious_002,cautious,98,True,"(1, 0, 4, 4)",2.0,IDLE,FASTER,FASTER,False,0.7731550604857773,16.635135463547968,20.000000000000014,62.85723684153993,132.0164320350172
cautious_002,cautious,99,True,"(1, 0, 4, 4)",2.0,IDLE,FASTER,FASTER,False,0.7731550604857773,16.635135463547968,20.000000000000014,62.762482433413766,133.7974670967011
cautious_002,cautious,100,True,"(1, 0, 4, 4)",2.0,IDLE,FASTER,FASTER,False,0.7731550604857773,16.635135463547968,20.000000000000014,62.669127316848744,135.59237252210093
cautious_002,cautious,101,True,"(1, 0, 4, 4)",2.0,IDLE,FASTER,FASTER,False,0.7731550604857773,16.635135463547968,20.000000000000014,62.57714216417992,137.40132941708532
cautious_002,cautious,102,True,"(1, 0, 4, 4)",2.0,IDLE,FASTER,FASTER,False,0.7731550604857773,16.635135463547968,20.000000000000014,62.486498542097706,139.22452304085758
cautious_002,cautious,103,True,"(1, 0, 4, 4)",2.0,IDLE,FASTER,FASTER,False,0.7731550604857773,16.635135463547968,20.000000000000014,62.397168876992964,141.06214297443512
cautious_002,cautious,104,True,"(1, 0, 4, 4)",2.0,IDLE,FASTER,FASTER,False,0.7731550604857773,16.635135463547968,20.000000000000014,62.309126421982455,142.91438329695262
cautious_002,cautious,105,True,"(1, 0, 4, 4)",2.0,IDLE,FASTER,FASTER,False,0.7731550604857773,16.635135463547968,20.000000000000014,62.222345225519575,144.78144276949294
cautious_002,cautious,106,True,"(1, 0, 4, 4)",2.0,IDLE,FASTER,FASTER,False,0.7731550604857773,16.635135463547968,20.000000000000014,62.136800101500285,146.66352502616508
cautious_002,cautious,107,True,"(1, 0, 4, 4)",2.0,IDLE,FASTER,FASTER,False,0.7731550604857773,16.635135463547968,20.000000000000014,62.05246660078137,148.5608387722119
cautious_002,cautious,108,True,"(1, 0, 4, 4)",2.0,IDLE,FASTER,FASTER,False,0.7731550604857773,16.635135463547968,20.000000000000014,61.969320984030446,150.47359798899083
cautious_002,cautious,109,True,"(1, 0, 4, 4)",2.0,IDLE,FASTER,FASTER,False,0.7731550604857773,16.635135463547968,20.000000000000014,61.887340195836146,152.4020221456901
cautious_002,cautious,110,True,"(1, 0, 4, 4)",2.0,IDLE,FASTER,FASTER,False,0.7731550604857773,16.635135463547968,20.000000000000014,61.80650184000683,154.34633641772163
cautious_002,cautious,111,True,"(1, 0, 4, 4)",2.0,IDLE,FASTER,FASTER,False,0.7731550604857773,16.635135463547968,20.000000000000014,61.726784155992846,156.30677191173223
cautious_002,cautious,112,True,"(1, 0, 4, 4)",2.0,IDLE,FASTER,FASTER,False,0.7731550604857773,16.635135463547968,20.000000000000014,61.64816599637311,158.28356589725547
cautious_002,cautious,113,True,"(1, 0, 4, 4)",2.0,IDLE,FASTER,FASTER,False,0.7731550604857773,16.635135463547968,20.000000000000014,61.57062680534602,160.27696204503732
cautious_002,cautious,114,True,"(1, 0, 4, 4)",2.0,IDLE,FASTER,FASTER,False,0.7731550604857773,16.635135463547968,20.000000000000014,61.494146598172165,162.28721067209025
cautious_002,cautious,115,True,"(1, 0, 4, 4)",2.0,IDLE,FASTER,FASTER,False,0.7731550604857773,16.635135463547968,20.000000000000014,61.418705941517146,164.3145689936217
cautious_002,cautious,116,True,"(1, 0, 4, 4)",2.0,IDLE,FASTER,FASTER,False,0.7731550604857773,16.635135463547968,20.000000000000014,61.34428593464793,166.35930138192683
cautious_002,cautious,117,True,"(1, 0, 4, 4)",2.0,IDLE,FASTER,FASTER,False,0.7731550604857773,16.635135463547968,20.000000000000014,61.270868191436875,168.42167963246408
cautious_002,cautious,118,True,"(1, 0, 4, 4)",2.0,IDLE,FASTER,FASTER,False,0.7731550604857773,16.635135463547968,20.000000000000014,61.19843482313149,170.50198323728296
cautious_002,cautious,119,True,"(1, 0, 4, 4)",2.0,IDLE,FASTER,FASTER,False,0.7731550604857773,16.635135463547968,20.000000000000014,61.12696842185164,172.60049966603907
cautious_002,cautious,120,True,"(1, 0, 4, 4)",2.0,IDLE,FASTER,FASTER,False,0.7731550604857773,16.635135463547968,20.000000000000014,61.056452044774005,174.71752465487666
cautious_002,cautious,121,True,"(1, 0, 4, 4)",2.0,IDLE,FASTER,FASTER,False,0.7731550604857773,16.635135463547968,20.000000000000014,60.98686919897182,176.85336250343332
cautious_002,cautious,122,True,"(1, 0, 4, 4)",2.0,IDLE,FASTER,FASTER,False,0.7731550604857773,16.635135463547968,20.000000000000014,60.91820382687547,179.00832638030553
cautious_002,cautious,123,True,"(1, 0, 4, 4)",2.0,IDLE,FASTER,FASTER,False,0.7731550604857773,16.635135463547968,20.000000000000014,60.85044029232199,181.18273863732037
cautious_002,cautious,124,True,"(1, 0, 4, 4)",2.0,IDLE,FASTER,FASTER,False,0.7731550604857773,16.635135463547968,20.000000000000014,60.78356336716547,183.37693113298573
cautious_002,cautious,125,True,"(1, 0, 4, 4)",2.0,IDLE,FASTER,FASTER,False,0.7731550604857773,16.635135463547968,20.000000000000014,60.71755821842089,185.59124556549895
cautious_002,cautious,126,True,"(1, 0, 4, 4)",2.0,IDLE,FASTER,FASTER,False,0.7731550604857773,16.635135463547968,20.000000000000014,60.65241039591399,187.82603381578613
cautious_002,cautious,127,True,"(1, 0, 4, 4)",2.0,IDLE,FASTER,FASTER,False,0.7731550604857773,16.635135463547968,20.000000000000014,60.588105820413716,190.08165830101166
cautious_002,cautious,128,True,"(1, 0, 4, 4)",2.0,IDLE,FASTER,FASTER,False,0.7731550604857773,16.635135463547968,20.000000000000014,60.524630772224214,192.35849233903932
cautious_002,cautious,129,True,"(1, 0, 4, 4)",2.0,IDLE,FASTER,FASTER,False,0.7731550604857773,16.635135463547968,20.000000000000014,60.46197188021313,194.6569205243949
cautious_002,cautious,130,True,"(1, 0, 4, 4)",2.0,IDLE,FASTER,FASTER,False,0.7731550604857773,16.635135463547968,20.000000000000014,60.40011611125772,196.9773391162952
cautious_002,cautious,131,True,"(1, 0, 4, 4)",2.0,IDLE,FASTER,FASTER,False,0.7731550604857773,16.635135463547968,20.000000000000014,60.33905076008682,199.32015643927716
cautious_002,cautious,132,True,"(1, 0, 4, 4)",2.0,IDLE,FASTER,FASTER,False,0.7731550604857773,16.635135463547968,20.000000000000014,60.27876343950254,201.68579329713313
cautious_002,cautious,133,True,"(1, 0, 4, 4)",2.0,IDLE,FASTER,FASTER,False,0.7731550604857773,16.635135463547968,20.000000000000014,60.219242070962764,204.07468340076625
cautious_002,cautious,134,True,"(1, 0, 4, 4)",2.0,IDLE,FASTER,FASTER,False,0.7731550604857773,16.635135463547968,20.000000000000014,60.1604748755085,206.4872738106791
cautious_002,cautious,135,True,"(1, 0, 4, 4)",2.0,IDLE,FASTER,FASTER,False,0.7731550604857773,16.635135463547968,20.000000000000014,60.10245036502056,208.9240253948461
cautious_002,cautious,136,True,"(1, 0, 4, 4)",2.0,IDLE,FASTER,FASTER,False,0.7731550604857773,16.635135463547968,20.000000000000014,60.045157333790485,211.38541330274793
cautious_002,cautious,137,True,"(1, 0, 3, 4)",2.0,IDLE,FASTER,FASTER,False,1.0880424698772373,17.13148487148065,20.000000000000014,59.98858485039227,213.87192745641414
cautious_002,cautious,138,True,"(1, 0, 3, 4)",2.0,IDLE,FASTER,FASTER,False,1.0880424698772373,17.13148487148065,20.000000000000014,59.93272224984128,216.38407305931415
cautious_002,cautious,139,True,"(1, 0, 3, 4)",2.0,IDLE,FASTER,FASTER,False,1.0880424698772373,17.13148487148065,20.000000000000014,59.87755912602756,218.92237112408318
cautious_002,cautious,140,True,"(1, 0, 3, 4)",2.0,IDLE,FASTER,FASTER,False,1.0880424698772373,17.13148487148065,20.000000000000014,59.82308532441277,221.48735902000632
cautious_002,cautious,141,True,"(1, 0, 3, 4)",2.0,IDLE,FASTER,FASTER,False,1.0880424698772373,17.13148487148065,20.000000000000014,59.76929093497756,224.07959104132766
cautious_002,cautious,142,True,"(1, 0, 3, 4)",2.0,IDLE,FASTER,FASTER,False,1.0880424698772373,17.13148487148065,20.000000000000014,59.716166285410964,226.69963899746946
cautious_002,cautious,143,True,"(1, 0, 3, 4)",2.0,IDLE,FASTER,FASTER,False,1.0880424698772373,17.13148487148065,20.000000000000014,59.66370193452963,229.34809282631596
cautious_002,cautious,144,True,"(1, 0, 3, 4)",2.0,IDLE,FASTER,FASTER,False,1.0880424698772373,17.13148487148065,20.000000000000014,59.611888665918855,232.02556123179446
cautious_002,cautious,145,True,"(1, 0, 3, 4)",2.0,IDLE,FASTER,FASTER,False,1.0880424698772373,17.13148487148065,20.000000000000014,59.56071748178488,234.73267234704576
cautious_002,cautious,146,True,"(1, 0, 3, 4)",2.0,IDLE,FASTER,FASTER,False,1.0880424698772373,17.13148487148065,20.000000000000014,59.510179597010506,237.47007442451994
cautious_002,cautious,147,True,"(1, 0, 3, 4)",2.0,IDLE,FASTER,FASTER,False,1.0880424698772373,17.13148487148065,20.000000000000014,59.46026643340622,240.23843655450654
cautious_002,cautious,148,True,"(1, 0, 3, 4)",2.0,IDLE,FASTER,FASTER,False,1.0880424698772373,17.13148487148065,20.000000000000014,59.41096961414735,243.03844941355635
cautious_002,cautious,149,True,"(1, 0, 3, 4)",2.0,IDLE,FASTER,FASTER,False,1.0880424698772373,17.13148487148065,20.000000000000014,59.362280958392034,245.87082604449517
cautious_002,cautious,150,True,"(1, 0, 3, 4)",2.0,IDLE,FASTER,FASTER,False,1.0880424698772373,17.13148487148065,20.000000000000014,59.31419247607005,248.7363026696687
cautious_011,cautious,0,True,"(2, 2, 2, 3)",4.0,SLOWER,LANE_LEFT,FASTER,True,0.04067977017051305,20.972701940737792,25.0,25.337078840715662,11.671004057242586
cautious_011,cautious,1,True,"(2, 1, 2, 4)",4.0,IDLE,LANE_LEFT,LANE_LEFT,False,0.09944470694155427,14.36127424566746,23.511659807956104,24.989633395013414,25.364384005285746
cautious_011,cautious,2,True,"(2, 1, 2, 4)",4.0,IDLE,LANE_LEFT,LANE_LEFT,False,0.09944470694155427,14.36127424566746,22.46635092136286,24.847899684519547,105.74552323512243
cautious_011,cautious,3,True,"(2, 1, 2, 4)",4.0,IDLE,LANE_LEFT,LANE_LEFT,False,0.09944470694155427,14.36127424566746,21.732197080573094,24.834567538383283,inf
cautious_011,cautious,4,True,"(2, 1, 2, 4)",4.0,IDLE,LANE_LEFT,LANE_LEFT,False,0.09944470694155427,14.36127424566746,21.216577373461487,24.894577688107006,inf
cautious_011,cautious,5,True,"(2, 0, 2, 4)",3.0,IDLE,FASTER,FASTER,False,0.20873117454820544,14.626320409781997,20.8544411731307,24.990525290568144,inf
cautious_011,cautious,6,True,"(2, 0, 2, 4)",3.0,IDLE,FASTER,FASTER,False,0.20873117454820544,14.626320409781997,20.600101345189188,25.10090017437608,inf
cautious_011,cautious,7,True,"(2, 0, 2, 4)",3.0,IDLE,FASTER,FASTER,False,0.20873117454820544,14.626320409781997,20.421470354920253,25.23090400455024,inf
cautious_011,cautious,8,True,"(2, 0, 2, 4)",3.0,IDLE,FASTER,FASTER,False,0.20873117454820544,14.626320409781997,20.29601210112369,25.403116348501243,inf
cautious_011,cautious,9,True,"(2, 0, 2, 4)",3.0,IDLE,FASTER,FASTER,False,0.20873117454820544,14.626320409781997,20.20789875963694,25.60658427553315,inf
cautious_011,cautious,10,True,"(2, 0, 2, 4)",3.0,IDLE,FASTER,FASTER,False,0.20873117454820544,14.626320409781997,20.146013943668194,25.833350329857666,inf
cautious_011,cautious,11,True,"(2, 0, 2, 4)",3.0,IDLE,FASTER,FASTER,False,0.20873117454820544,14.626320409781997,20.102550259476153,26.077594324012097,inf
cautious_011,cautious,12,True,"(2, 0, 2, 4)",3.0,IDLE,FASTER,FASTER,False,0.20873117454820544,14.626320409781997,20.072024324899573,26.335026705287817,inf
cautious_011,cautious,13,True,"(2, 0, 2, 4)",3.0,IDLE,FASTER,FASTER,False,0.20873117454820544,14.626320409781997,20.050584985389,26.602459003003105,inf
cautious_011,cautious,14,True,"(2, 0, 2, 4)",3.0,IDLE,FASTER,FASTER,False,0.20873117454820544,14.626320409781997,20.03552745201532,26.877499012373562,inf
cautious_011,cautious,15,True,"(2, 0, 2, 4)",3.0,IDLE,FASTER,FASTER,False,0.20873117454820544,14.626320409781997,20.024952065064255,27.158333923720022,inf
cautious_011,cautious,16,True,"(2, 0, 2, 4)",3.0,IDLE,FASTER,FASTER,False,0.20873117454820544,14.626320409781997,20.01752463280233,27.443575528436668,inf
cautious_011,cautious,17,True,"(2, 0, 2, 4)",3.0,IDLE,FASTER,FASTER,False,0.20873117454820544,14.626320409781997,20.012308109732228,27.732149304871143,inf
cautious_011,cautious,18,True,"(2, 0, 2, 4)",3.0,IDLE,FASTER,FASTER,False,0.20873117454820544,14.626320409781997,20.008644378851713,28.02321457647264,inf
cautious_011,cautious,19,True,"(2, 0, 2, 4)",3.0,IDLE,FASTER,FASTER,False,0.20873117454820544,14.626320409781997,20.00607122355566,28.31610672111765,inf
cautious_011,cautious,20,True,"(2, 0, 2, 4)",3.0,IDLE,FASTER,FASTER,False,0.20873117454820544,14.626320409781997,20.004264014349108,28.610295071745497,inf
cautious_011,cautious,21,True,"(2, 0, 2, 4)",3.0,IDLE,FASTER,FASTER,False,0.20873117454820544,14.626320409781997,20.002994753562064,28.905352019418785,inf
cautious_011,cautious,22,True,"(2, 0, 2, 4)",3.0,IDLE,FASTER,FASTER,False,0.20873117454820544,14.626320409781997,20.002103311143728,29.20093014591248,inf
cautious_011,cautious,23,True,"(2, 0, 2, 4)",3.0,IDLE,FASTER,FASTER,False,0.20873117454820544,14.626320409781997,20.001477222641412,29.496745139097527,inf
cautious_011,cautious,24,True,"(2, 0, 2, 4)",3.0,IDLE,FASTER,FASTER,False,0.20873117454820544,14.626320409781997,20.00103750067545,29.79256289666006,inf
cautious_011,cautious,25,True,"(2, 0, 3, 4)",2.0,IDLE,FASTER,FASTER,False,1.0087105684432771,15.868092092699342,20.00072866988454,30.088189683514315,inf
cautious_011,cautious,26,True,"(2, 0, 3, 4)",2.0,IDLE,FASTER,FASTER,False,1.0087105684432771,15.868092092699342,20.000511768149366,30.383464532778703,inf
cautious_011,cautious,27,True,"(2, 0, 3, 4)",2.0,IDLE,FASTER,FASTER,False,1.0087105684432771,15.868092092699342,20.000359431128224,30.678253309540025,inf
cautious_011,cautious,28,True,"(2, 0, 3, 4)",2.0,IDLE,FASTER,FASTER,False,1.0087105684432771,15.868092092699342,20.000252439969344,30.972444019027137,inf
cautious_011,cautious,29,True,"(2, 0, 3, 4)",2.0,IDLE,FASTER,FASTER,False,1.0087105684432771,15.868092092699342,20.000177296658855,31.26594305605289,inf
cautious_011,cautious,30,True,"(2, 0, 3, 4)",2.0,IDLE,FASTER,FASTER,False,1.0087105684432771,15.868092092699342,20.000124521110198,31.558672174588253,inf
cautious_011,cautious,31,True,"(2, 0, 3, 4)",2.0,IDLE,FASTER,FASTER,False,1.0087105684432771,15.868092092699342,20.000087455155587,31.850566014879746,inf
cautious_011,cautious,32,True,"(2, 0, 3, 4)",2.0,IDLE,FASTER,FASTER,False,1.0087105684432771,15.868092092699342,20.000061422550974,32.14157006749622,inf
cautious_011,cautious,33,True,"(2, 0, 3, 4)",2.0,IDLE,FASTER,FASTER,False,1.0087105684432771,15.868092092699342,20.00004313902071,32.431638983930725,inf
cautious_011,cautious,34,True,"(2, 0, 3, 4)",2.0,IDLE,FASTER,FASTER,False,1.0087105684432771,15.868092092699342,20.000030297913035,32.720735165297754,inf
cautious_011,cautious,35,True,"(2, 0, 3, 4)",2.0,IDLE,FASTER,FASTER,False,1.0087105684432771,15.868092092699342,20.000021279192694,33.00882757665585,inf
cautious_011,cautious,36,True,"(2, 0, 3, 4)",2.0,IDLE,FASTER,FASTER,False,1.0087105684432771,15.868092092699342,20.000014945057146,33.29589074624835,inf
cautious_011,cautious,37,True,"(2, 0, 3, 4)",2.0,IDLE,FASTER,FASTER,False,1.0087105684432771,15.868092092699342,20.0000104963913,33.581903917683974,inf
cautious_011,cautious,38,True,"(2, 0, 3, 4)",2.0,IDLE,FASTER,FASTER,False,1.0087105684432771,15.868092092699342,20.000007371951092,33.866850329625265,inf
cautious_011,cautious,39,True,"(2, 0, 3, 4)",2.0,IDLE,FASTER,FASTER,False,1.0087105684432771,15.868092092699342,20.000005177556872,34.15071660251749,inf
cautious_011,cautious,40,True,"(2, 0, 3, 4)",2.0,IDLE,FASTER,FASTER,False,1.0087105684432771,15.868092092699342,20.000003636363672,34.433492215698095,inf
cautious_011,cautious,41,True,"(2, 0, 3, 4)",2.0,IDLE,FASTER,FASTER,False,1.0087105684432771,15.868092092699342,20.000002553934433,34.71516906118569,inf
cautious_011,cautious,42,True,"(2, 0, 3, 4)",2.0,IDLE,FASTER,FASTER,False,1.0087105684432771,15.868092092699342,20.00000179370978,34.99574106277868,inf
cautious_011,cautious,43,True,"(2, 0, 3, 4)",2.0,IDLE,FASTER,FASTER,False,1.0087105684432771,15.868092092699342,20.000001259779708,35.27520385094607,inf
cautious_011,cautious,44,True,"(2, 0, 3, 4)",2.0,IDLE,FASTER,FASTER,False,1.0087105684432771,15.868092092699342,20.000000884783553,35.55355448549085,inf
cautious_011,cautious,45,True,"(2, 0, 3, 4)",2.0,IDLE,FASTER,FASTER,False,1.0087105684432771,15.868092092699342,20.00000062141177,35.83079121918922,inf
cautious_011,cautious,46,True,"(2, 0, 3, 4)",2.0,IDLE,FASTER,FASTER,False,1.0087105684432771,15.868092092699342,20.000000436437347,36.10691329661171,inf
cautious_011,cautious,47,True,"(2, 0, 3, 4)",2.0,IDLE,FASTER,FASTER,False,1.0087105684432771,15.868092092699342,20.000000306523898,36.38192078317428,inf
cautious_011,cautious,48,True,"(2, 0, 3, 4)",2.0,IDLE,FASTER,FASTER,False,1.0087105684432771,15.868092092699342,20.00000021528153,36.65581442016742,inf
cautious_011,cautious,49,True,"(2, 0, 3, 4)",2.0,IDLE,FASTER,FASTER,False,1.0087105684432771,15.868092092699342,20.000000151199103,36.928595502108976,inf
cautious_011,cautious,50,True,"(2, 0, 3, 4)",2.0,IDLE,FASTER,FASTER,False,1.0087105684432771,15.868092092699342,20.000000106191962,37.200265773268086,inf
cautious_011,cautious,51,True,"(2, 0, 3, 4)",2.0,IDLE,FASTER,FASTER,False,1.0087105684432771,15.868092092699342,20.00000007458201,37.47082734064395,inf
cautious_011,cautious,52,True,"(2, 0, 3, 4)",2.0,IDLE,FASTER,FASTER,False,1.0087105684432771,15.868092092699342,20.00000005238133,37.74028260105007,inf
cautious_011,cautious,53,True,"(2, 0, 3, 4)",2.0,IDLE,FASTER,FASTER,False,1.0087105684432771,15.868092092699342,20.000000036789082,38.008634180276715,inf
cautious_011,cautious,54,True,"(2, 0, 3, 4)",2.0,IDLE,FASTER,FASTER,False,1.0087105684432771,15.868092092699342,20.00000002583815,38.27588488257891,inf
cautious_011,cautious,55,True,"(2, 0, 3, 4)",2.0,IDLE,FASTER,FASTER,False,1.0087105684432771,15.868092092699342,20.00000001814696,38.5420376489746,inf
cautious_011,cautious,56,True,"(2, 0, 3, 4)",2.0,IDLE,FASTER,FASTER,False,1.0087105684432771,15.868092092699342,20.00000001274519,38.807095523047224,inf
cautious_011,cautious,57,True,"(2, 0, 3, 4)",2.0,IDLE,FASTER,FASTER,False,1.0087105684432771,15.868092092699342,20.000000008951353,39.07106162312169,inf
cautious_011,cautious,58,True,"(2, 0, 3, 4)",2.0,IDLE,FASTER,FASTER,False,1.0087105684432771,15.868092092699342,20.000000006286818,39.333939119842626,inf
cautious_011,cautious,59,True,"(2, 0, 3, 4)",2.0,IDLE,FASTER,FASTER,False,1.0087105684432771,15.868092092699342,20.000000004415433,39.59573121831471,inf
cautious_011,cautious,60,True,"(2, 0, 3, 4)",2.0,IDLE,FASTER,FASTER,False,1.0087105684432771,15.868092092699342,20.0000000031011,39.85644114408501,inf
cautious_011,cautious,61,True,"(2, 0, 3, 4)",2.0,IDLE,FASTER,FASTER,False,1.0087105684432771,15.868092092699342,20.000000002178,40.116072132346574,inf
cautious_011,cautious,62,True,"(2, 0, 3, 4)",2.0,IDLE,FASTER,FASTER,False,1.0087105684432771,15.868092092699342,20.000000001529678,40.3746274198316,inf
cautious_011,cautious,63,True,"(2, 0, 3, 4)",2.0,IDLE,FASTER,FASTER,False,1.0087105684432771,15.868092092699342,20.00000000107434,40.632110238940015,inf
cautious_011,cautious,64,True,"(2, 0, 3, 4)",2.0,IDLE,FASTER,FASTER,False,1.0087105684432771,15.868092092699342,20.000000000754543,40.88852381371254,inf
cautious_011,cautious,65,True,"(2, 0, 3, 4)",2.0,IDLE,FASTER,FASTER,False,1.0087105684432771,15.868092092699342,20.00000000052994,41.14387135731744,inf
cautious_011,cautious,66,True,"(2, 0, 3, 4)",2.0,IDLE,FASTER,FASTER,False,1.0087105684432771,15.868092092699342,20.000000000372196,41.39815607076906,inf
cautious_011,cautious,67,True,"(2, 0, 3, 4)",2.0,IDLE,FASTER,FASTER,False,1.0087105684432771,15.868092092699342,20.00000000026141,41.651381142637206,inf
cautious_011,cautious,68,True,"(2, 0, 3, 4)",2.0,IDLE,FASTER,FASTER,False,1.0087105684432771,15.868092092699342,20.000000000183594,41.903549749546755,inf
cautious_011,cautious,69,True,"(2, 0, 3, 4)",2.0,IDLE,FASTER,FASTER,False,1.0087105684432771,15.868092092699342,20.000000000128942,42.15466505729495,inf
cautious_011,cautious,70,True,"(2, 0, 3, 4)",2.0,IDLE,FASTER,FASTER,False,1.0087105684432771,15.868092092699342,20.00000000009056,42.40473022244345,inf
cautious_011,cautious,71,True,"(2, 0, 3, 4)",2.0,IDLE,FASTER,FASTER,False,1.0087105684432771,15.868092092699342,20.0000000000636,42.65374839426636,inf
cautious_011,cautious,72,True,"(2, 0, 3, 4)",2.0,IDLE,FASTER,FASTER,False,1.0087105684432771,15.868092092699342,20.00000000004467,42.90172271695258,inf
cautious_011,cautious,73,True,"(2, 0, 3, 4)",2.0,IDLE,FASTER,FASTER,False,1.0087105684432771,15.868092092699342,20.00000000003137,43.148656331981954,inf
cautious_011,cautious,74,True,"(2, 0, 3, 4)",2.0,IDLE,FASTER,FASTER,False,1.0087105684432771,15.868092092699342,20.000000000022034,43.39455238060572,inf
cautious_011,cautious,75,True,"(2, 0, 3, 4)",2.0,IDLE,FASTER,FASTER,False,1.0087105684432771,15.868092092699342,20.000000000015476,43.639414006376114,inf
cautious_011,cautious,76,True,"(2, 0, 3, 4)",2.0,IDLE,FASTER,FASTER,False,1.0087105684432771,15.868092092699342,20.00000000001087,43.88324435768186,inf
cautious_011,cautious,77,True,"(2, 0, 3, 4)",2.0,IDLE,FASTER,FASTER,False,1.0087105684432771,15.868092092699342,20.000000000007635,44.12604659025271,inf
cautious_011,cautious,78,True,"(2, 0, 3, 4)",2.0,IDLE,FASTER,FASTER,False,1.0087105684432771,15.868092092699342,20.00000000000536,44.367823869603626,inf
cautious_011,cautious,79,True,"(2, 0, 3, 4)",2.0,IDLE,FASTER,FASTER,False,1.0087105684432771,15.868092092699342,20.000000000003766,44.608579373400175,inf
cautious_011,cautious,80,True,"(2, 0, 3, 4)",2.0,IDLE,FASTER,FASTER,False,1.0087105684432771,15.868092092699342,20.000000000002643,44.8483162937257,inf
cautious_011,cautious,81,True,"(2, 0, 3, 4)",2.0,IDLE,FASTER,FASTER,False,1.0087105684432771,15.868092092699342,20.000000000001858,45.08703783923988,inf
cautious_011,cautious,82,True,"(2, 0, 3, 4)",2.0,IDLE,FASTER,FASTER,False,1.0087105684432771,15.868092092699342,20.000000000001304,45.324747237218844,inf
cautious_011,cautious,83,True,"(2, 0, 3, 4)",2.0,IDLE,FASTER,FASTER,False,1.0087105684432771,15.868092092699342,20.000000000000917,45.561447735474985,inf
cautious_011,cautious,84,True,"(2, 0, 3, 4)",2.0,IDLE,FASTER,FASTER,False,1.0087105684432771,15.868092092699342,20.000000000000643,45.797142604148235,inf
cautious_011,cautious,85,True,"(2, 0, 3, 4)",2.0,IDLE,FASTER,FASTER,False,1.0087105684432771,15.868092092699342,20.00000000000045,46.03183513737383,inf
cautious_011,cautious,86,True,"(2, 0, 3, 4)",2.0,IDLE,FASTER,FASTER,False,1.0087105684432771,15.868092092699342,20.000000000000316,46.265528654823356,inf
cautious_011,cautious,87,True,"(2, 0, 3, 4)",2.0,IDLE,FASTER,FASTER,False,1.0087105684432771,15.868092092699342,20.00000000000022,46.498226503122964,inf
cautious_011,cautious,88,True,"(2, 0, 3, 4)",2.0,IDLE,FASTER,FASTER,False,1.0087105684432771,15.868092092699342,20.000000000000156,46.729932057151245,inf
cautious_011,cautious,89,True,"(2, 0, 3, 4)",2.0,IDLE,FASTER,FASTER,False,1.0087105684432771,15.868092092699342,20.00000000000011,46.96064872122065,inf
cautious_011,cautious,90,True,"(2, 0, 3, 4)",2.0,IDLE,FASTER,FASTER,False,1.0087105684432771,15.868092092699342,20.000000000000078,47.19037993014706,inf
cautious_011,cautious,91,True,"(2, 0, 3, 4)",2.0,IDLE,FASTER,FASTER,False,1.0087105684432771,15.868092092699342,20.000000000000057,47.41912915021203,inf
cautious_011,cautious,92,True,"(2, 0, 3, 4)",2.0,IDLE,FASTER,FASTER,False,1.0087105684432771,15.868092092699342,20.00000000000004,47.64689988002249,inf
cautious_011,cautious,93,True,"(2, 0, 3, 4)",2.0,IDLE,FASTER,FASTER,False,1.0087105684432771,15.868092092699342,20.00000000000003,47.87369565127403,inf
cautious_011,cautious,94,True,"(2, 0, 3, 4)",2.0,IDLE,FASTER,FASTER,False,1.0087105684432771,15.868092092699342,20.000000000000018,48.0995200294218,inf
cautious_011,cautious,95,True,"(2, 0, 3, 4)",2.0,IDLE,FASTER,FASTER,False,1.0087105684432771,15.868092092699342,20.000000000000014,48.32437661426445,inf
cautious_011,cautious,96,True,"(2, 0, 3, 4)",2.0,IDLE,FASTER,FASTER,False,1.0087105684432771,15.868092092699342,20.000000000000014,48.5482690404466,inf
cautious_011,cautious,97,True,"(2, 0, 3, 4)",2.0,IDLE,FASTER,FASTER,False,1.0087105684432771,15.868092092699342,20.000000000000014,48.77120097788463,inf
cautious_011,cautious,98,True,"(2, 0, 3, 4)",2.0,IDLE,FASTER,FASTER,False,1.0087105684432771,15.868092092699342,20.000000000000014,48.99317613212065,inf
cautious_011,cautious,99,True,"(2, 0, 3, 4)",2.0,IDLE,FASTER,FASTER,False,1.0087105684432771,15.868092092699342,20.000000000000014,49.214198244609065,inf
cautious_011,cautious,100,True,"(2, 0, 3, 4)",2.0,IDLE,FASTER,FASTER,False,1.0087105684432771,15.868092092699342,20.000000000000014,49.434271092939525,inf
cautious_011,cautious,101,True,"(2, 0, 3, 4)",2.0,IDLE,FASTER,FASTER,False,1.0087105684432771,15.868092092699342,20.000000000000014,49.653398491003145,inf
cautious_011,cautious,102,True,"(2, 0, 3, 4)",2.0,IDLE,FASTER,FASTER,False,1.0087105684432771,15.868092092699342,20.000000000000014,49.87158428910186,inf
cautious_011,cautious,103,True,"(2, 0, 3, 4)",2.0,IDLE,FASTER,FASTER,False,1.0087105684432771,15.868092092699342,20.000000000000014,50.08883237400789,inf
cautious_011,cautious,104,True,"(2, 0, 3, 4)",2.0,IDLE,FASTER,FASTER,False,1.0087105684432771,15.868092092699342,20.000000000000014,50.305146668976136,inf
cautious_011,cautious,105,True,"(2, 0, 3, 4)",2.0,IDLE,FASTER,FASTER,False,1.0087105684432771,15.868092092699342,20.000000000000014,50.520531133711984,inf
cautious_011,cautious,106,True,"(2, 0, 3, 4)",2.0,IDLE,FASTER,FASTER,False,1.0087105684432771,15.868092092699342,20.000000000000014,50.73498976429846,inf
cautious_011,cautious,107,True,"(2, 0, 3, 4)",2.0,IDLE,FASTER,FASTER,False,1.0087105684432771,15.868092092699342,20.000000000000014,50.94852659308572,inf
cautious_011,cautious,108,True,"(2, 0, 3, 4)",2.0,IDLE,FASTER,FASTER,False,1.0087105684432771,15.868092092699342,20.000000000000014,51.16114568854448,inf
cautious_011,cautious,109,True,"(2, 0, 3, 4)",2.0,IDLE,FASTER,FASTER,False,1.0087105684432771,15.868092092699342,20.000000000000014,51.37285115508746,inf
cautious_011,cautious,110,True,"(2, 0, 3, 4)",2.0,IDLE,FASTER,FASTER,False,1.0087105684432771,15.868092092699342,20.000000000000014,51.58364713286028,inf
cautious_011,cautious,111,True,"(2, 0, 3, 4)",2.0,IDLE,FASTER,FASTER,False,1.0087105684432771,15.868092092699342,20.000000000000014,51.79353779750443,inf
cautious_011,cautious,112,True,"(2, 0, 3, 4)",2.0,IDLE,FASTER,FASTER,False,1.0087105684432771,15.868092092699342,20.000000000000014,52.00252735989352,inf
cautious_011,cautious,113,True,"(2, 0, 3, 4)",2.0,IDLE,FASTER,FASTER,False,1.0087105684432771,15.868092092699342,20.000000000000014,52.210620065845774,inf
cautious_011,cautious,114,True,"(2, 0, 3, 4)",2.0,IDLE,FASTER,FASTER,False,1.0087105684432771,15.868092092699342,20.000000000000014,52.417820195813874,inf
cautious_011,cautious,115,True,"(2, 0, 3, 4)",2.0,IDLE,FASTER,FASTER,False,1.0087105684432771,15.868092092699342,20.000000000000014,52.624132064554146,inf
cautious_011,cautious,116,True,"(2, 0, 3, 4)",2.0,IDLE,FASTER,FASTER,False,1.0087105684432771,15.868092092699342,20.000000000000014,52.82956002077583,inf
cautious_011,cautious,117,True,"(2, 0, 3, 4)",2.0,IDLE,FASTER,FASTER,False,1.0087105684432771,15.868092092699342,20.000000000000014,53.03410844677285,inf
cautious_011,cautious,118,True,"(2, 0, 3, 4)",2.0,IDLE,FASTER,FASTER,False,1.0087105684432771,15.868092092699342,20.000000000000014,53.237781758038636,inf
cautious_011,cautious,119,True,"(2, 0, 3, 4)",2.0,IDLE,FASTER,FASTER,False,1.0087105684432771,15.868092092699342,20.000000000000014,53.44058440286517,inf
cautious_011,cautious,120,True,"(2, 0, 3, 4)",2.0,IDLE,FASTER,FASTER,False,1.0087105684432771,15.868092092699342,20.000000000000014,53.64252086192789,inf
cautious_011,cautious,121,True,"(2, 0, 3, 4)",2.0,IDLE,FASTER,FASTER,False,1.0087105684432771,15.868092092699342,20.000000000000014,53.843595647857114,inf
cautious_011,cautious,122,True,"(2, 0, 3, 4)",2.0,IDLE,FASTER,FASTER,False,1.0087105684432771,15.868092092699342,20.000000000000014,54.04381330479623,inf
cautious_011,cautious,123,True,"(2, 0, 3, 4)",2.0,IDLE,FASTER,FASTER,False,1.0087105684432771,15.868092092699342,20.000000000000014,54.2431784079489,inf
cautious_011,cautious,124,True,"(2, 0, 3, 4)",2.0,IDLE,FASTER,FASTER,False,1.0087105684432771,15.868092092699342,20.000000000000014,54.44169556311522,inf
cautious_011,cautious,125,True,"(2, 0, 3, 4)",2.0,IDLE,FASTER,FASTER,False,1.0087105684432771,15.868092092699342,20.000000000000014,54.63936940621761,inf
cautious_011,cautious,126,True,"(2, 0, 3, 4)",2.0,IDLE,FASTER,FASTER,False,1.0087105684432771,15.868092092699342,20.000000000000014,54.83620460281679,inf
cautious_011,cautious,127,True,"(2, 0, 3, 4)",2.0,IDLE,FASTER,FASTER,False,1.0087105684432771,15.868092092699342,20.000000000000014,55.03220584761971,inf
cautious_011,cautious,128,True,"(2, 0, 3, 4)",2.0,IDLE,FASTER,FASTER,False,1.0087105684432771,15.868092092699342,20.000000000000014,55.22737786397852,inf
cautious_011,cautious,129,True,"(2, 0, 3, 4)",2.0,IDLE,FASTER,FASTER,False,1.0087105684432771,15.868092092699342,20.000000000000014,55.42172540338174,inf
cautious_011,cautious,130,True,"(2, 0, 3, 4)",2.0,IDLE,FASTER,FASTER,False,1.0087105684432771,15.868092092699342,20.000000000000014,55.615253244939254,inf
cautious_011,cautious,131,True,"(2, 0, 3, 4)",2.0,IDLE,FASTER,FASTER,False,1.0087105684432771,15.868092092699342,20.000000000000014,55.80796619485898,inf
cautious_011,cautious,132,True,"(2, 0, 3, 4)",2.0,IDLE,FASTER,FASTER,False,1.0087105684432771,15.868092092699342,20.000000000000014,55.999869085918135,inf
cautious_011,cautious,133,True,"(2, 0, 3, 4)",2.0,IDLE,FASTER,FASTER,False,1.0087105684432771,15.868092092699342,20.000000000000014,56.19096677692892,inf
cautious_011,cautious,134,True,"(2, 0, 3, 4)",2.0,IDLE,FASTER,FASTER,False,1.0087105684432771,15.868092092699342,20.000000000000014,56.3812641521979,inf
cautious_011,cautious,135,True,"(2, 0, 3, 4)",2.0,IDLE,FASTER,FASTER,False,1.0087105684432771,15.868092092699342,20.000000000000014,56.570766120980466,inf
cautious_011,cautious,136,True,"(2, 0, 3, 4)",2.0,IDLE,FASTER,FASTER,False,1.0087105684432771,15.868092092699342,20.000000000000014,56.759477616931235,inf
cautious_011,cautious,137,True,"(2, 0, 3, 4)",2.0,IDLE,FASTER,FASTER,False,1.0087105684432771,15.868092092699342,20.000000000000014,56.947403597549055,inf
cautious_011,cautious,138,True,"(2, 0, 3, 4)",2.0,IDLE,FASTER,FASTER,False,1.0087105684432771,15.868092092699342,20.000000000000014,57.134549043617994,inf
cautious_011,cautious,139,True,"(2, 0, 3, 4)",2.0,IDLE,FASTER,FASTER,False,1.0087105684432771,15.868092092699342,20.000000000000014,57.32091895864505,inf
cautious_011,cautious,140,True,"(2, 0, 3, 4)",2.0,IDLE,FASTER,FASTER,False,1.0087105684432771,15.868092092699342,20.000000000000014,57.50651836829411,inf
cautious_011,cautious,141,True,"(2, 0, 3, 4)",2.0,IDLE,FASTER,FASTER,False,1.0087105684432771,15.868092092699342,20.000000000000014,57.69135231981613,inf
cautious_011,cautious,142,True,"(2, 0, 3, 4)",2.0,IDLE,FASTER,FASTER,False,1.0087105684432771,15.868092092699342,20.000000000000014,57.87542588147721,inf
cautious_011,cautious,143,True,"(2, 0, 3, 4)",2.0,IDLE,FASTER,FASTER,False,1.0087105684432771,15.868092092699342,20.000000000000014,58.05874414198274,inf
cautious_011,cautious,144,True,"(2, 0, 3, 4)",2.0,IDLE,FASTER,FASTER,False,1.0087105684432771,15.868092092699342,20.000000000000014,58.24131220990023,inf
cautious_011,cautious,145,True,"(2, 0, 3, 4)",2.0,IDLE,FASTER,FASTER,False,1.0087105684432771,15.868092092699342,20.000000000000014,58.423135213079036,inf
cautious_011,cautious,146,True,"(2, 0, 3, 4)",2.0,IDLE,FASTER,FASTER,False,1.0087105684432771,15.868092092699342,20.000000000000014,58.60421829806819,inf
cautious_011,cautious,147,True,"(2, 0, 3, 4)",2.0,IDLE,FASTER,FASTER,False,1.0087105684432771,15.868092092699342,20.000000000000014,58.784566629532605,inf
cautious_011,cautious,148,True,"(2, 0, 3, 4)",2.0,IDLE,FASTER,FASTER,False,1.0087105684432771,15.868092092699342,20.000000000000014,58.96418538966793,inf
cautious_011,cautious,149,True,"(2, 0, 3, 4)",2.0,IDLE,FASTER,FASTER,False,1.0087105684432771,15.868092092699342,20.000000000000014,59.143079777612684,inf
cautious_011,cautious,150,True,"(2, 0, 3, 4)",2.0,IDLE,FASTER,FASTER,False,1.0087105684432771,15.868092092699342,20.000000000000014,59.321255008861044,inf
cautious_015,cautious,0,True,"(1, 2, 2, 3)",2.0,SLOWER,IDLE,IDLE,False,1.4620279085782641,19.279444427715063,25.0,22.511312125280114,7.2829135382936565
cautious_015,cautious,1,True,"(1, 1, 2, 3)",5.0,IDLE,FASTER,FASTER,False,0.19402952935561757,19.48695065067959,23.511659807956104,21.920112777969422,7.821248647805994
cautious_015,cautious,2,True,"(1, 1, 2, 3)",5.0,IDLE,FASTER,FASTER,False,0.19402952935561757,19.48695065067959,22.46635092136286,21.35619217040943,7.388009010978706
cautious_015,cautious,3,True,"(1, 1, 2, 3)",5.0,IDLE,FASTER,FASTER,False,0.19402952935561757,19.48695065067959,21.732197080573094,20.764339992594387,6.612499154302319
cautious_015,cautious,4,True,"(1, 1, 2, 2)",3.0,IDLE,IDLE,LANE_RIGHT,True,0.12715862583631576,19.486950650679574,21.216577373461487,20.11094358162964,5.680765909802263
cautious_015,cautious,5,True,"(1, 0, 2, 2)",1.0,IDLE,IDLE,IDLE,False,,13.301455637155712,20.8544411731307,19.27386433942482,4.821279105785929
cautious_015,cautious,6,True,"(1, 0, 2, 2)",1.0,IDLE,IDLE,IDLE,False,,13.301455637155712,20.600101345189188,18.304756219889214,4.135497179461182
cautious_015,cautious,7,True,"(1, 0, 2, 2)",1.0,IDLE,IDLE,IDLE,False,,13.301455637155712,20.421470354920253,17.36072878772643,4.293547929658171
cautious_015,cautious,8,True,"(1, 0, 2, 2)",1.0,LANE_LEFT,IDLE,IDLE,False,,13.301455637155712,20.29601210112369,16.530387532558194,4.439041229899689
cautious_015,cautious,9,True,"(1, 0, 4, 4)",2.0,IDLE,FASTER,FASTER,False,0.7731550604857773,16.635135463547968,20.20789875963694,94.18568800453502,inf
cautious_015,cautious,10,True,"(1, 0, 4, 4)",2.0,IDLE,FASTER,FASTER,False,0.7731550604857773,16.635135463547968,20.146013943668194,94.45958889572827,inf
cautious_015,cautious,11,True,"(0, 0, 3, 4)",2.0,IDLE,FASTER,FASTER,False,0.7307267125207204,16.341609250865844,20.102550259476153,43.706935894918274,75.3070377864777
cautious_015,cautious,12,True,"(0, 0, 3, 4)",2.0,IDLE,FASTER,FASTER,False,0.7307267125207204,16.341609250865844,20.072024324899573,43.636255393907476,114.99246116051884
cautious_015,cautious,13,True,"(0, 0, 3, 4)",2.0,IDLE,FASTER,FASTER,False,0.7307267125207204,16.341609250865844,20.050584985389,43.58679852755819,213.4811099041715
cautious_015,cautious,14,True,"(0, 0, 3, 4)",2.0,IDLE,FASTER,FASTER,False,0.7307267125207204,16.341609250865844,20.03552745201532,43.5627337072134,862.4791540823798
cautious_015,cautious,15,True,"(0, 0, 3, 4)",2.0,IDLE,FASTER,FASTER,False,0.7307267125207204,16.341609250865844,20.024952065064255,43.56450428035555,inf
cautious_015,cautious,16,True,"(0, 0, 3, 4)",2.0,IDLE,FASTER,FASTER,False,0.7307267125207204,16.341609250865844,20.01752463280233,43.59063002529956,inf
cautious_015,cautious,17,True,"(0, 0, 3, 4)",2.0,IDLE,FASTER,FASTER,False,0.7307267125207204,16.341609250865844,20.012308109732228,43.638892820110186,inf
cautious_015,cautious,18,True,"(0, 0, 3, 4)",2.0,IDLE,FASTER,FASTER,False,0.7307267125207204,16.341609250865844,20.008644378851713,43.70692115443569,inf
cautious_015,cautious,19,True,"(0, 0, 3, 4)",2.0,IDLE,FASTER,FASTER,False,0.7307267125207204,16.341609250865844,20.00607122355566,43.79243510377108,inf
cautious_015,cautious,20,True,"(0, 0, 3, 4)",2.0,IDLE,FASTER,FASTER,False,0.7307267125207204,16.341609250865844,20.004264014349108,43.89333319203837,inf
cautious_015,cautious,21,True,"(0, 0, 3, 4)",2.0,IDLE,FASTER,FASTER,False,0.7307267125207204,16.341609250865844,20.002994753562064,44.007712653588385,inf
cautious_015,cautious,22,True,"(0, 0, 3, 4)",2.0,IDLE,FASTER,FASTER,False,0.7307267125207204,16.341609250865844,20.002103311143728,44.133864004193526,inf
cautious_015,cautious,23,True,"(0, 0, 3, 4)",2.0,IDLE,FASTER,FASTER,False,0.7307267125207204,16.341609250865844,20.001477222641412,44.27025693789278,inf
cautious_015,cautious,24,True,"(0, 0, 3, 4)",2.0,IDLE,FASTER,FASTER,False,0.7307267125207204,16.341609250865844,20.00103750067545,44.41552420925086,inf
cautious_015,cautious,25,True,"(0, 0, 3, 4)",2.0,IDLE,FASTER,FASTER,False,0.7307267125207204,16.341609250865844,20.00072866988454,44.568445913334074,inf
cautious_015,cautious,26,True,"(0, 0, 3, 4)",2.0,IDLE,FASTER,FASTER,False,0.7307267125207204,16.341609250865844,20.000511768149366,44.727934917457105,inf
cautious_015,cautious,27,True,"(0, 0, 3, 4)",2.0,IDLE,FASTER,FASTER,False,0.7307267125207204,16.341609250865844,20.000359431128224,44.893023589860775,inf
cautious_015,cautious,28,True,"(0, 0, 3, 4)",2.0,IDLE,FASTER,FASTER,False,0.7307267125207204,16.341609250865844,20.000252439969344,45.06285176928719,inf
cautious_015,cautious,29,True,"(0, 0, 3, 4)",2.0,IDLE,FASTER,FASTER,False,0.7307267125207204,16.341609250865844,20.000177296658855,45.2366558680734,inf
cautious_015,cautious,30,True,"(0, 0, 3, 4)",2.0,IDLE,FASTER,FASTER,False,0.7307267125207204,16.341609250865844,20.000124521110198,45.413759000024015,inf
cautious_015,cautious,31,True,"(0, 0, 3, 4)",2.0,IDLE,FASTER,FASTER,False,0.7307267125207204,16.341609250865844,20.000087455155587,45.59356203624367,inf
cautious_015,cautious,32,True,"(0, 0, 3, 4)",2.0,IDLE,FASTER,FASTER,False,0.7307267125207204,16.341609250865844,20.000061422550974,45.77553550501034,inf
cautious_015,cautious,33,True,"(0, 0, 3, 4)",2.0,IDLE,FASTER,FASTER,False,0.7307267125207204,16.341609250865844,20.00004313902071,45.95921226236618,inf
cautious_015,cautious,34,True,"(0, 0, 3, 4)",2.0,IDLE,FASTER,FASTER,False,0.7307267125207204,16.341609250865844,20.000030297913035,46.14418086813873,inf
cautious_015,cautious,35,True,"(0, 0, 3, 4)",2.0,IDLE,FASTER,FASTER,False,0.7307267125207204,16.341609250865844,20.000021279192694,46.33007960815644,inf
cautious_015,cautious,36,True,"(0, 0, 3, 4)",2.0,IDLE,FASTER,FASTER,False,0.7307267125207204,16.341609250865844,20.000014945057146,46.51659110814171,inf
cautious_015,cautious,37,True,"(0, 0, 3, 4)",2.0,IDLE,FASTER,FASTER,False,0.7307267125207204,16.341609250865844,20.0000104963913,46.703437488652355,inf
cautious_015,cautious,38,True,"(0, 0, 3, 4)",2.0,IDLE,FASTER,FASTER,False,0.7307267125207204,16.341609250865844,20.000007371951092,46.89037601384507,inf
cautious_015,cautious,39,True,"(0, 0, 3, 4)",2.0,IDLE,FASTER,FASTER,False,0.7307267125207204,16.341609250865844,20.000005177556872,47.07719518996964,inf
cautious_015,cautious,40,True,"(0, 0, 3, 4)",2.0,IDLE,FASTER,FASTER,False,0.7307267125207204,16.341609250865844,20.000003636363672,47.26371127246932,inf
cautious_015,cautious,41,True,"(0, 0, 3, 4)",2.0,IDLE,FASTER,FASTER,False,0.7307267125207204,16.341609250865844,20.000002553934433,47.449765143441255,inf
cautious_015,cautious,42,True,"(0, 0, 3, 4)",2.0,IDLE,FASTER,FASTER,False,0.7307267125207204,16.341609250865844,20.00000179370978,47.635219523994635,inf
cautious_015,cautious,43,True,"(0, 0, 3, 4)",2.0,IDLE,FASTER,FASTER,False,0.7307267125207204,16.341609250865844,20.000001259779708,47.819956488753746,inf
cautious_015,cautious,44,True,"(0, 0, 3, 4)",2.0,IDLE,FASTER,FASTER,False,0.7307267125207204,16.341609250865844,20.000000884783553,48.00387525236738,inf
cautious_015,cautious,45,True,"(0, 0, 3, 4)",2.0,IDLE,FASTER,FASTER,False,0.7307267125207204,16.341609250865844,20.00000062141177,48.186890200389655,inf
cautious_015,cautious,46,True,"(0, 0, 3, 4)",2.0,IDLE,FASTER,FASTER,False,0.7307267125207204,16.341609250865844,20.000000436437347,48.368929139286706,inf
cautious_015,cautious,47,True,"(0, 0, 3, 4)",2.0,IDLE,FASTER,FASTER,False,0.7307267125207204,16.341609250865844,20.000000306523898,48.549931742581464,inf
cautious_015,cautious,48,True,"(0, 0, 3, 4)",2.0,IDLE,FASTER,FASTER,False,0.7307267125207204,16.341609250865844,20.00000021528153,48.72984817226404,inf
cautious_015,cautious,49,True,"(0, 0, 3, 4)",2.0,IDLE,FASTER,FASTER,False,0.7307267125207204,16.341609250865844,20.000000151199103,48.90863785657922,inf
cautious_015,cautious,50,True,"(0, 0, 3, 4)",2.0,IDLE,FASTER,FASTER,False,0.7307267125207204,16.341609250865844,20.000000106191962,49.08626840713191,inf
cautious_015,cautious,51,True,"(0, 0, 3, 4)",2.0,IDLE,FASTER,FASTER,False,0.7307267125207204,16.341609250865844,20.00000007458201,49.26271465995006,inf
cautious_015,cautious,52,True,"(0, 0, 3, 4)",2.0,IDLE,FASTER,FASTER,False,0.7307267125207204,16.341609250865844,20.00000005238133,49.43795782669906,inf
cautious_015,cautious,53,True,"(0, 0, 3, 4)",2.0,IDLE,FASTER,FASTER,False,0.7307267125207204,16.341609250865844,20.000000036789082,49.61198474366711,inf
cautious_015,cautious,54,True,"(0, 0, 3, 4)",2.0,IDLE,FASTER,FASTER,False,0.7307267125207204,16.341609250865844,20.00000002583815,49.78478720743965,inf
cautious_015,cautious,55,True,"(0, 0, 3, 4)",2.0,IDLE,FASTER,FASTER,False,0.7307267125207204,16.341609250865844,20.00000001814696,49.956361387360914,inf
cautious_015,cautious,56,True,"(0, 0, 3, 4)",2.0,IDLE,FASTER,FASTER,False,0.7307267125207204,16.341609250865844,20.00000001274519,50.126707305949424,inf
cautious_015,cautious,57,True,"(0, 0, 3, 4)",2.0,IDLE,FASTER,FASTER,False,0.7307267125207204,16.341609250865844,20.000000008951353,50.29582837940029,inf
cautious_015,cautious,58,True,"(0, 0, 3, 4)",2.0,IDLE,FASTER,FASTER,False,0.7307267125207204,16.341609250865844,20.000000006286818,50.46373101117638,inf
cautious_015,cautious,59,True,"(0, 0, 3, 4)",2.0,IDLE,FASTER,FASTER,False,0.7307267125207204,16.341609250865844,20.000000004415433,50.6304242324743,inf
cautious_015,cautious,60,True,"(0, 0, 3, 4)",2.0,IDLE,FASTER,FASTER,False,0.7307267125207204,16.341609250865844,20.0000000031011,50.7959193840511,inf
cautious_015,cautious,61,True,"(0, 0, 3, 4)",2.0,IDLE,FASTER,FASTER,False,0.7307267125207204,16.341609250865844,20.000000002178,50.960229834527695,inf
cautious_015,cautious,62,True,"(0, 0, 3, 4)",2.0,IDLE,FASTER,FASTER,False,0.7307267125207204,16.341609250865844,20.000000001529678,51.123370730845465,inf
cautious_015,cautious,63,True,"(0, 0, 3, 4)",2.0,IDLE,FASTER,FASTER,False,0.7307267125207204,16.341609250865844,20.00000000107434,51.28535877705576,inf
cautious_015,cautious,64,True,"(0, 0, 3, 4)",2.0,IDLE,FASTER,FASTER,False,0.7307267125207204,16.341609250865844,20.000000000754543,51.44621203806565,inf
cautious_015,cautious,65,True,"(0, 0, 3, 4)",2.0,IDLE,FASTER,FASTER,False,0.7307267125207204,16.341609250865844,20.00000000052994,51.605949765364244,inf
cautious_015,cautious,66,True,"(0, 0, 3, 4)",2.0,IDLE,FASTER,FASTER,False,0.7307267125207204,16.341609250865844,20.000000000372196,51.76459224210481,inf
cautious_015,cautious,67,True,"(0, 0, 3, 4)",2.0,IDLE,FASTER,FASTER,False,0.7307267125207204,16.341609250865844,20.00000000026141,51.9221606452312,inf
cautious_015,cautious,68,True,"(0, 0, 3, 4)",2.0,IDLE,FASTER,FASTER,False,0.7307267125207204,16.341609250865844,20.000000000183594,52.07867692261607,inf
cautious_015,cautious,69,True,"(0, 0, 3, 4)",2.0,IDLE,FASTER,FASTER,False,0.7307267125207204,16.341609250865844,20.000000000128942,52.23416368342322,inf
cautious_015,cautious,70,True,"(0, 0, 3, 4)",2.0,IDLE,FASTER,FASTER,False,0.7307267125207204,16.341609250865844,20.00000000009056,52.38864410012303,inf
cautious_015,cautious,71,True,"(0, 0, 3, 4)",2.0,IDLE,FASTER,FASTER,False,0.7307267125207204,16.341609250865844,20.0000000000636,52.542141820784195,inf
cautious_015,cautious,72,True,"(0, 0, 3, 4)",2.0,IDLE,FASTER,FASTER,False,0.7307267125207204,16.341609250865844,20.00000000004467,52.69468089043016,inf
cautious_015,cautious,73,True,"(0, 0, 3, 4)",2.0,IDLE,FASTER,FASTER,False,0.7307267125207204,16.341609250865844,20.00000000003137,52.8462856804029,inf
cautious_015,cautious,74,True,"(0, 0, 3, 4)",2.0,IDLE,FASTER,FASTER,False,0.7307267125207204,16.341609250865844,20.000000000022034,52.996980824803074,inf
cautious_015,cautious,75,True,"(0, 0, 3, 4)",2.0,IDLE,FASTER,FASTER,False,0.7307267125207204,16.341609250865844,20.000000000015476,53.14679116319405,inf
cautious_015,cautious,76,True,"(0, 0, 3, 4)",2.0,IDLE,FASTER,FASTER,False,0.7307267125207204,16.341609250865844,20.00000000001087,53.29574168885688,inf
cautious_015,cautious,77,True,"(0, 0, 3, 4)",2.0,IDLE,FASTER,FASTER,False,0.7307267125207204,16.341609250865844,20.000000000007635,53.443857501974435,inf
cautious_015,cautious,78,True,"(0, 0, 3, 4)",2.0,IDLE,FASTER,FASTER,False,0.7307267125207204,16.341609250865844,20.00000000000536,53.5911637671976,inf
cautious_015,cautious,79,True,"(0, 0, 3, 4)",2.0,IDLE,FASTER,FASTER,False,0.7307267125207204,16.341609250865844,20.000000000003766,53.73768567511763,inf
cautious_015,cautious,80,True,"(0, 0, 3, 4)",2.0,IDLE,FASTER,FASTER,False,0.7307267125207204,16.341609250865844,20.000000000002643,53.8834484072263,inf
cautious_015,cautious,81,True,"(0, 0, 3, 4)",2.0,IDLE,FASTER,FASTER,False,0.7307267125207204,16.341609250865844,20.000000000001858,54.02847710400056,inf
cautious_015,cautious,82,True,"(0, 0, 3, 4)",2.0,IDLE,FASTER,FASTER,False,0.7307267125207204,16.341609250865844,20.000000000001304,54.17279683578943,inf
cautious_015,cautious,83,True,"(0, 0, 3, 4)",2.0,IDLE,FASTER,FASTER,False,0.7307267125207204,16.341609250865844,20.000000000000917,54.31643257622579,inf
cautious_015,cautious,84,True,"(0, 0, 3, 4)",2.0,IDLE,FASTER,FASTER,False,0.7307267125207204,16.341609250865844,20.000000000000643,54.459409177914836,inf
cautious_015,cautious,85,True,"(0, 0, 3, 4)",2.0,IDLE,FASTER,FASTER,False,0.7307267125207204,16.341609250865844,20.00000000000045,54.60175135018767,inf
cautious_015,cautious,86,True,"(0, 0, 3, 4)",2.0,IDLE,FASTER,FASTER,False,0.7307267125207204,16.341609250865844,20.000000000000316,54.74348363872775,inf
cautious_015,cautious,87,True,"(0, 0, 3, 4)",2.0,IDLE,FASTER,FASTER,False,0.7307267125207204,16.341609250865844,20.00000000000022,54.88463040690556,inf
cautious_015,cautious,88,True,"(0, 0, 3, 4)",2.0,IDLE,FASTER,FASTER,False,0.7307267125207204,16.341609250865844,20.000000000000156,55.02521581867586,inf
cautious_015,cautious,89,True,"(0, 0, 3, 4)",2.0,IDLE,FASTER,FASTER,False,0.7307267125207204,16.341609250865844,20.00000000000011,55.16526382290681,inf
cautious_015,cautious,90,True,"(0, 0, 3, 4)",2.0,IDLE,FASTER,FASTER,False,0.7307267125207204,16.341609250865844,20.000000000000078,55.304798139027184,inf
cautious_015,cautious,91,True,"(0, 0, 3, 4)",2.0,IDLE,FASTER,FASTER,False,0.7307267125207204,16.341609250865844,20.000000000000057,55.443842243891254,inf
cautious_015,cautious,92,True,"(0, 0, 3, 4)",2.0,IDLE,FASTER,FASTER,False,0.7307267125207204,16.341609250865844,20.00000000000004,55.582419359769915,inf
cautious_015,cautious,93,True,"(0, 0, 3, 4)",2.0,IDLE,FASTER,FASTER,False,0.7307267125207204,16.341609250865844,20.00000000000003,55.72055244338844,inf
cautious_015,cautious,94,True,"(0, 0, 3, 4)",2.0,IDLE,FASTER,FASTER,False,0.7307267125207204,16.341609250865844,20.000000000000018,55.858264175938416,inf
cautious_015,cautious,95,True,"(0, 0, 3, 4)",2.0,IDLE,FASTER,FASTER,False,0.7307267125207204,16.341609250865844,20.000000000000014,55.995576953999034,inf
cautious_015,cautious,96,True,"(0, 0, 3, 4)",2.0,IDLE,FASTER,FASTER,False,0.7307267125207204,16.341609250865844,20.000000000000014,56.13251288130948,inf
cautious_015,cautious,97,True,"(0, 0, 3, 4)",2.0,IDLE,FASTER,FASTER,False,0.7307267125207204,16.341609250865844,20.000000000000014,56.26909376133915,inf
cautious_015,cautious,98,True,"(0, 0, 3, 4)",2.0,IDLE,FASTER,FASTER,False,0.7307267125207204,16.341609250865844,20.000000000000014,56.405341090607635,inf
cautious_015,cautious,99,True,"(0, 0, 3, 4)",2.0,IDLE,FASTER,FASTER,False,0.7307267125207204,16.341609250865844,20.000000000000014,56.54127605271003,inf
cautious_015,cautious,100,True,"(0, 0, 3, 4)",2.0,IDLE,FASTER,FASTER,False,0.7307267125207204,16.341609250865844,20.000000000000014,56.67691951300674,inf
cautious_015,cautious,101,True,"(0, 0, 3, 4)",2.0,IDLE,FASTER,FASTER,False,0.7307267125207204,16.341609250865844,20.000000000000014,56.812292013940805,inf
cautious_015,cautious,102,True,"(0, 0, 3, 4)",2.0,IDLE,FASTER,FASTER,False,0.7307267125207204,16.341609250865844,20.000000000000014,56.94741377094829,inf
cautious_015,cautious,103,True,"(0, 0, 3, 4)",2.0,IDLE,FASTER,FASTER,False,0.7307267125207204,16.341609250865844,20.000000000000014,57.08230466892769,inf
cautious_015,cautious,104,True,"(0, 0, 3, 4)",2.0,IDLE,FASTER,FASTER,False,0.7307267125207204,16.341609250865844,20.000000000000014,57.21698425923978,inf
cautious_015,cautious,105,True,"(0, 0, 3, 4)",2.0,IDLE,FASTER,FASTER,False,0.7307267125207204,16.341609250865844,20.000000000000014,57.351471757208856,inf
cautious_015,cautious,106,True,"(0, 0, 3, 4)",2.0,IDLE,FASTER,FASTER,False,0.7307267125207204,16.341609250865844,20.000000000000014,57.485786040097764,inf
cautious_015,cautious,107,True,"(0, 0, 3, 4)",2.0,IDLE,FASTER,FASTER,False,0.7307267125207204,16.341609250865844,20.000000000000014,57.61994564553345,inf
cautious_015,cautious,108,True,"(0, 0, 3, 4)",2.0,IDLE,FASTER,FASTER,False,0.7307267125207204,16.341609250865844,20.000000000000014,57.75396877035598,inf
cautious_015,cautious,109,True,"(0, 0, 3, 4)",2.0,IDLE,FASTER,FASTER,False,0.7307267125207204,16.341609250865844,20.000000000000014,57.88787326987085,inf
cautious_015,cautious,110,True,"(0, 0, 3, 4)",2.0,IDLE,FASTER,FASTER,False,0.7307267125207204,16.341609250865844,20.000000000000014,58.021676657481635,inf
cautious_015,cautious,111,True,"(0, 0, 3, 4)",2.0,IDLE,FASTER,FASTER,False,0.7307267125207204,16.341609250865844,20.000000000000014,58.15539610468181,inf
cautious_015,cautious,112,True,"(0, 0, 3, 4)",2.0,IDLE,FASTER,FASTER,False,0.7307267125207204,16.341609250865844,20.000000000000014,58.28904844138674,inf
cautious_015,cautious,113,True,"(0, 0, 3, 4)",2.0,IDLE,FASTER,FASTER,False,0.7307267125207204,16.341609250865844,20.000000000000014,58.422650156585746,inf
cautious_015,cautious,114,True,"(0, 0, 3, 4)",2.0,IDLE,FASTER,FASTER,False,0.7307267125207204,16.341609250865844,20.000000000000014,58.55621739929745,inf
cautious_015,cautious,115,True,"(0, 0, 3, 4)",2.0,IDLE,FASTER,FASTER,False,0.7307267125207204,16.341609250865844,20.000000000000014,58.68976597980895,inf
cautious_015,cautious,116,True,"(0, 0, 3, 4)",2.0,IDLE,FASTER,FASTER,False,0.7307267125207204,16.341609250865844,20.000000000000014,58.82331137118331,inf
cautious_015,cautious,117,True,"(0, 0, 3, 4)",2.0,IDLE,FASTER,FASTER,False,0.7307267125207204,16.341609250865844,20.000000000000014,58.95686871101839,inf
cautious_015,cautious,118,True,"(0, 0, 3, 4)",2.0,IDLE,FASTER,FASTER,False,0.7307267125207204,16.341609250865844,20.000000000000014,59.09045280344253,inf
cautious_015,cautious,119,True,"(0, 0, 3, 4)",2.0,IDLE,FASTER,FASTER,False,0.7307267125207204,16.341609250865844,20.000000000000014,59.22407812133008,inf
cautious_015,cautious,120,True,"(0, 0, 3, 4)",2.0,IDLE,FASTER,FASTER,False,0.7307267125207204,16.341609250865844,20.000000000000014,59.357758808724725,inf
cautious_015,cautious,121,True,"(0, 0, 3, 4)",2.0,IDLE,FASTER,FASTER,False,0.7307267125207204,16.341609250865844,20.000000000000014,59.49150868345498,inf
cautious_015,cautious,122,True,"(0, 0, 3, 4)",2.0,IDLE,FASTER,FASTER,False,0.7307267125207204,16.341609250865844,20.000000000000014,59.62534123992896,inf
cautious_015,cautious,123,True,"(0, 0, 3, 4)",2.0,IDLE,FASTER,FASTER,False,0.7307267125207204,16.341609250865844,20.000000000000014,59.759269652096236,inf
cautious_015,cautious,124,True,"(0, 0, 3, 4)",2.0,IDLE,FASTER,FASTER,False,0.7307267125207204,16.341609250865844,20.000000000000014,59.89330677656358,inf
cautious_015,cautious,125,True,"(0, 0, 4, 4)",1.0,IDLE,IDLE,IDLE,False,,1.4883344530018334,20.000000000000014,60.02746515585352,inf
cautious_015,cautious,126,True,"(0, 0, 4, 4)",1.0,IDLE,IDLE,IDLE,False,,1.4883344530018334,20.000000000000014,60.161757021793505,inf
cautious_015,cautious,127,True,"(0, 0, 4, 4)",1.0,IDLE,IDLE,IDLE,False,,1.4883344530018334,20.000000000000014,60.29619429902664,inf
cautious_015,cautious,128,True,"(0, 0, 4, 4)",1.0,IDLE,IDLE,IDLE,False,,1.4883344530018334,20.000000000000014,60.430788608629996,inf
cautious_015,cautious,129,True,"(0, 0, 4, 4)",1.0,IDLE,IDLE,IDLE,False,,1.4883344530018334,20.000000000000014,60.5655512718356,inf
cautious_015,cautious,130,True,"(0, 0, 4, 4)",1.0,IDLE,IDLE,IDLE,False,,1.4883344530018334,20.000000000000014,60.70049331383939,inf
cautious_015,cautious,131,True,"(0, 0, 4, 4)",1.0,IDLE,IDLE,IDLE,False,,1.4883344530018334,20.000000000000014,60.83562546769292,inf
cautious_015,cautious,132,True,"(0, 0, 4, 4)",1.0,IDLE,IDLE,IDLE,False,,1.4883344530018334,20.000000000000014,60.97095817826664,inf
cautious_015,cautious,133,True,"(0, 0, 4, 4)",1.0,IDLE,IDLE,IDLE,False,,1.4883344530018334,20.000000000000014,61.10650160627824,inf
cautious_015,cautious,134,True,"(0, 0, 4, 4)",1.0,IDLE,IDLE,IDLE,False,,1.4883344530018334,20.000000000000014,61.24226563237687,inf
cautious_015,cautious,135,True,"(0, 0, 4, 4)",1.0,IDLE,IDLE,IDLE,False,,1.4883344530018334,20.000000000000014,61.37825986127564,inf
cautious_015,cautious,136,True,"(0, 0, 4, 4)",1.0,IDLE,IDLE,IDLE,False,,1.4883344530018334,20.000000000000014,61.514493625926775,inf
cautious_015,cautious,137,True,"(0, 0, 4, 4)",1.0,IDLE,IDLE,IDLE,False,,1.4883344530018334,20.000000000000014,61.65097599173055,inf
cautious_015,cautious,138,True,"(0, 0, 4, 4)",1.0,IDLE,IDLE,IDLE,False,,1.4883344530018334,20.000000000000014,61.78771576077327,inf
cautious_015,cautious,139,True,"(0, 0, 4, 4)",1.0,IDLE,IDLE,IDLE,False,,1.4883344530018334,20.000000000000014,61.92472147608714,inf
cautious_015,cautious,140,True,"(0, 0, 4, 4)",1.0,IDLE,IDLE,IDLE,False,,1.4883344530018334,20.000000000000014,62.06200142592638,inf
cautious_015,cautious,141,True,"(0, 0, 4, 4)",1.0,IDLE,IDLE,IDLE,False,,1.4883344530018334,20.000000000000014,62.199563648054436,inf
cautious_015,cautious,142,True,"(0, 0, 4, 4)",1.0,IDLE,IDLE,IDLE,False,,1.4883344530018334,20.000000000000014,62.33741593403704,inf
cautious_015,cautious,143,True,"(0, 0, 4, 4)",1.0,IDLE,IDLE,IDLE,False,,1.4883344530018334,20.000000000000014,62.475565833535484,inf
cautious_015,cautious,144,True,"(0, 0, 4, 4)",1.0,IDLE,IDLE,IDLE,False,,1.4883344530018334,20.000000000000014,62.614020658596814,inf
cautious_015,cautious,145,True,"(0, 0, 4, 4)",1.0,IDLE,IDLE,IDLE,False,,1.4883344530018334,20.000000000000014,62.75278748793539,inf
cautious_015,cautious,146,True,"(0, 0, 4, 4)",1.0,IDLE,IDLE,IDLE,False,,1.4883344530018334,20.000000000000014,62.89187317120252,inf
cautious_015,cautious,147,True,"(0, 0, 4, 4)",1.0,IDLE,IDLE,IDLE,False,,1.4883344530018334,20.000000000000014,63.03128433324048,inf
cautious_015,cautious,148,True,"(0, 0, 4, 4)",1.0,IDLE,IDLE,IDLE,False,,1.4883344530018334,20.000000000000014,63.17102737831567,inf
cautious_015,cautious,149,True,"(0, 0, 4, 4)",1.0,IDLE,IDLE,IDLE,False,,1.4883344530018334,20.000000000000014,63.31110849433048,inf
cautious_015,cautious,150,True,"(0, 0, 4, 4)",1.0,IDLE,IDLE,IDLE,False,,1.4883344530018334,20.000000000000014,63.45153365700787,inf
normal_006,normal,0,True,"(0, 2, 4, 4)",3.0,IDLE,IDLE,IDLE,False,0.09724424222018513,16.330630731131265,25.0,69.65425807119297,20.664372177420887
normal_006,normal,1,True,"(0, 2, 4, 4)",3.0,IDLE,IDLE,IDLE,False,0.09724424222018513,16.330630731131265,25.0,68.90010975956608,15.074164418013055
normal_006,normal,2,True,"(0, 2, 4, 3)",1.0,IDLE,IDLE,IDLE,False,,17.36741574528577,25.0,67.9069062837763,11.917008948181497
normal_006,normal,3,True,"(0, 2, 4, 3)",1.0,IDLE,IDLE,IDLE,False,,17.36741574528577,25.0,66.70850073458354,10.23190660660892
normal_006,normal,4,True,"(0, 2, 4, 3)",1.0,IDLE,IDLE,IDLE,False,,17.36741574528577,25.0,65.36192402408997,9.181252289078511
normal_006,normal,5,True,"(0, 2, 4, 3)",1.0,IDLE,IDLE,IDLE,False,,17.36741574528577,25.0,63.90647979460539,8.447874252746987
normal_006,normal,6,True,"(0, 2, 4, 3)",1.0,IDLE,IDLE,IDLE,False,,17.36741574528577,25.0,62.36983390893178,7.896170333572053
normal_006,normal,7,True,"(0, 2, 4, 3)",1.0,IDLE,IDLE,IDLE,False,,17.36741574528577,25.0,60.77234869929521,7.4581359477722815
normal_006,normal,8,True,"(0, 2, 3, 3)",1.0,IDLE,IDLE,IDLE,False,,16.028264469650892,25.0,59.1294980658914,7.095763972336158
normal_006,normal,9,True,"(0, 2, 3, 3)",1.0,IDLE,IDLE,IDLE,False,,16.028264469650892,25.0,57.45332170838384,6.786069033425185
normal_006,normal,10,True,"(0, 2, 3, 3)",1.0,IDLE,IDLE,IDLE,False,,16.028264469650892,25.0,55.7533542141868,6.514287929927491
normal_006,normal,11,True,"(0, 2, 3, 3)",1.0,IDLE,IDLE,IDLE,False,,16.028264469650892,25.0,54.0372472153432,6.27047653882713
normal_006,normal,12,True,"(0, 2, 3, 3)",1.0,IDLE,IDLE,IDLE,False,,16.028264469650892,25.0,52.31120221259414,6.0476731815282445
normal_006,normal,13,True,"(0, 2, 3, 2)",1.0,IDLE,IDLE,IDLE,False,,18.677060565216067,25.0,50.58028135797201,5.840845863131356
normal_006,normal,14,True,"(0, 2, 3, 2)",1.0,IDLE,IDLE,IDLE,False,,18.677060565216067,25.0,48.84863664267482,5.646258367283593
normal_006,normal,15,True,"(0, 2, 3, 2)",1.0,IDLE,IDLE,IDLE,False,,18.677060565216067,25.0,47.119682820885885,5.461072574154853
normal_006,normal,16,True,"(0, 2, 3, 2)",1.0,IDLE,IDLE,IDLE,False,,18.677060565216067,25.0,45.39623049485721,5.283090161419335
normal_006,normal,17,True,"(0, 2, 3, 2)",1.0,IDLE,IDLE,IDLE,False,,18.677060565216067,25.0,43.68059033415108,5.110579766453738
normal_006,normal,18,True,"(0, 2, 3, 2)",1.0,IDLE,IDLE,IDLE,False,,18.677060565216067,25.0,41.974655950952354,4.942158304676629
normal_006,normal,19,True,"(0, 2, 3, 2)",1.0,IDLE,IDLE,IDLE,False,,18.677060565216067,25.0,40.279970705199105,4.776707600897091
normal_006,normal,20,True,"(0, 2, 3, 2)",1.0,IDLE,IDLE,IDLE,False,,18.677060565216067,25.0,38.59778221121968,4.6133146281374255
normal_006,normal,21,True,"(0, 2, 3, 2)",1.0,IDLE,IDLE,IDLE,False,,18.677060565216067,25.0,36.92908729139941,4.451227877613621
normal_006,normal,22,True,"(0, 2, 3, 2)",1.0,IDLE,IDLE,IDLE,False,,18.677060565216067,25.0,35.27466940740908,4.289824965912095
normal_006,normal,23,True,"(0, 2, 3, 2)",1.0,IDLE,IDLE,IDLE,False,,18.677060565216067,25.0,33.63513009252955,4.128588205017826
normal_006,normal,24,True,"(0, 2, 3, 2)",1.0,IDLE,IDLE,IDLE,False,,18.677060565216067,25.0,32.01091554343412,3.9670859014105226
normal_006,normal,25,True,"(0, 2, 3, 2)",1.0,IDLE,IDLE,IDLE,False,,18.677060565216067,25.0,30.40233926303796,3.804957833685339
normal_006,normal,26,True,"(0, 2, 2, 2)",3.0,IDLE,LANE_RIGHT,LANE_RIGHT,False,0.1973740374298245,21.59028391912078,25.0,28.80960144868459,3.6419038157220136
normal_006,normal,27,True,"(0, 2, 2, 2)",3.0,IDLE,LANE_RIGHT,LANE_RIGHT,False,0.1973740374298245,21.59028391912078,25.0,27.232805672255154,3.4776745644122395
normal_006,normal,28,True,"(0, 2, 2, 2)",3.0,IDLE,LANE_RIGHT,LANE_RIGHT,False,0.1973740374298245,21.59028391912078,25.0,25.67197328708386,3.3120643071792584
normal_006,normal,29,True,"(0, 2, 2, 2)",3.0,IDLE,LANE_RIGHT,LANE_RIGHT,False,0.1973740374298245,21.59028391912078,25.0,24.127055911246487,3.1449047166120137
normal_006,normal,30,False,,,,,,,,,,,
normal_006,normal,31,False,,,,,,,,,,,
normal_006,normal,32,True,"(0, 1, 2, 2)",4.0,IDLE,SLOWER,LANE_RIGHT,True,0.017145908613670713,21.410637302131846,23.511659807956104,19.69347793101548,3.309401992274027
normal_006,normal,33,True,"(0, 1, 2, 2)",4.0,IDLE,SLOWER,LANE_RIGHT,True,0.017145908613670713,21.410637302131846,22.46635092136286,18.58350802154672,3.847357572516954
normal_006,normal,34,True,"(0, 1, 2, 2)",4.0,IDLE,SLOWER,LANE_RIGHT,True,0.017145908613670713,21.410637302131846,21.732197080573094,17.675192305842586,4.394445146925059
normal_006,normal,35,True,"(0, 1, 2, 2)",4.0,IDLE,SLOWER,LANE_RIGHT,True,0.017145908613670713,21.410637302131846,21.216577373461487,16.91267601764656,4.924863784602951
normal_006,normal,36,False,,,,,,,,,,,
normal_006,normal,37,False,,,,,,,,,,,
normal_006,normal,38,True,"(0, 0, 2, 3)",2.0,IDLE,IDLE,IDLE,False,0.21794174391853005,17.36586708024555,20.421470354920253,15.161189608561699,6.235831478958195
normal_006,normal,39,True,"(0, 0, 1, 3)",1.0,IDLE,IDLE,IDLE,False,,1.026964852844955,20.29601210112369,14.688369744914723,6.557616199369371
normal_006,normal,40,True,"(0, 0, 1, 3)",1.0,IDLE,IDLE,IDLE,False,,1.026964852844955,20.20789875963694,14.251034785606748,6.8268044115307545
normal_006,normal,41,True,"(0, 0, 1, 3)",1.0,IDLE,IDLE,IDLE,False,,1.026964852844955,20.146013943668194,13.842178674719037,7.051400398666718
normal_006,normal,42,True,"(0, 0, 1, 3)",1.0,IDLE,IDLE,IDLE,False,,1.026964852844955,20.102550259476153,13.456780814059812,7.2400255040140005
normal_006,normal,43,True,"(0, 0, 1, 3)",1.0,IDLE,IDLE,IDLE,False,,1.026964852844955,20.072024324899573,13.09121673648815,7.400806916929908
normal_006,normal,44,True,"(0, 0, 1, 3)",1.0,IDLE,IDLE,IDLE,False,,1.026964852844955,20.050584985389,12.742844438672648,7.540833273935777
normal_006,normal,45,True,"(0, 0, 1, 3)",1.0,IDLE,IDLE,IDLE,False,,1.026964852844955,20.03552745201532,12.409714038760058,7.665992125254797
normal_006,normal,46,True,"(0, 0, 1, 3)",1.0,IDLE,IDLE,IDLE,False,,1.026964852844955,20.024952065064255,12.090364008563029,7.781023359774812
normal_006,normal,47,True,"(0, 0, 1, 3)",1.0,IDLE,IDLE,IDLE,False,,1.026964852844955,20.01752463280233,11.783678174498903,7.889671869669858
normal_006,normal,48,True,"(0, 0, 1, 3)",1.0,IDLE,IDLE,IDLE,False,,1.026964852844955,20.012308109732228,11.488785367709795,7.99486937143729
normal_006,normal,49,True,"(0, 0, 1, 3)",1.0,IDLE,IDLE,IDLE,False,,1.026964852844955,20.008644378851713,11.204989001559966,8.098908957654357
normal_006,normal,50,True,"(0, 0, 1, 3)",1.0,IDLE,IDLE,IDLE,False,,1.026964852844955,20.00607122355566,10.931717645268407,8.20359680097359
normal_006,normal,51,True,"(0, 0, 1, 3)",1.0,IDLE,IDLE,IDLE,False,,1.026964852844955,20.004264014349108,10.668490324259722,8.310376906298588
normal_006,normal,52,True,"(0, 0, 1, 3)",1.0,IDLE,IDLE,IDLE,False,,1.026964852844955,20.002994753562064,10.414892146928935,8.420430381706689
normal_006,normal,53,True,"(0, 0, 1, 3)",1.0,IDLE,IDLE,IDLE,False,,1.026964852844955,20.002103311143728,10.1705571699178,8.534752927727265
normal_006,normal,54,True,"(0, 0, 1, 3)",1.0,IDLE,IDLE,IDLE,False,,1.026964852844955,20.001477222641412,9.935156335442002,8.654214748565488
normal_006,normal,55,True,"(0, 0, 1, 3)",1.0,LANE_RIGHT,IDLE,IDLE,False,,1.026964852844955,20.00103750067545,9.708388961090293,8.779606802718336
normal_006,normal,56,True,"(0, 0, 1, 3)",1.0,IDLE,IDLE,IDLE,False,,1.026964852844955,20.00072866988454,9.599051345474436,9.014104574821598
normal_006,normal,57,True,"(0, 0, 1, 3)",1.0,IDLE,IDLE,IDLE,False,,1.026964852844955,20.000511768149366,9.494008298823871,9.260228027840816
normal_006,normal,58,True,"(1, 0, 2, 4)",4.0,FASTER,FASTER,FASTER,False,0.13342677154318494,18.80986870556974,20.000359431128224,19.541925390979372,inf
normal_006,normal,59,True,"(1, 1, 2, 4)",5.0,SLOWER,LANE_RIGHT,FASTER,True,0.03618807722395445,19.596220363056517,21.488592632013237,19.492791140201916,14.290842621634393
normal_006,normal,60,True,"(1, 1, 2, 4)",5.0,IDLE,LANE_RIGHT,FASTER,True,0.03618807722395445,19.596220363056517,21.045486183252095,19.265754022944066,20.75988700286519
normal_006,normal,61,True,"(1, 0, 2, 4)",4.0,IDLE,FASTER,FASTER,False,0.13342677154318494,18.80986870556974,20.73427836189996,19.107909431736516,30.624490203474238
normal_006,normal,62,True,"(1, 0, 2, 4)",4.0,IDLE,FASTER,FASTER,False,0.13342677154318494,18.80986870556974,20.515707162267187,19.000740677126828,46.06383807120042
normal_006,normal,63,True,"(1, 0, 2, 4)",4.0,IDLE,FASTER,FASTER,False,0.13342677154318494,18.80986870556974,20.36219762288176,18.929768518046217,71.14090597275528
normal_006,normal,64,True,"(1, 0, 2, 4)",4.0,IDLE,FASTER,FASTER,False,0.13342677154318494,18.80986870556974,20.254382966962226,18.884216605747042,114.18734623932725
normal_006,normal,65,True,"(1, 0, 2, 4)",4.0,IDLE,FASTER,FASTER,False,0.13342677154318494,18.80986870556974,20.17866128818197,18.85626738267223,194.88122704079973
normal_006,normal,66,True,"(1, 0, 2, 4)",4.0,IDLE,FASTER,FASTER,False,0.13342677154318494,18.80986870556974,20.12547953298926,18.84032881279859,371.8200167382607
normal_006,normal,67,True,"(1, 0, 2, 4)",4.0,IDLE,FASTER,FASTER,False,0.13342677154318494,18.80986870556974,20.088128286543895,18.83243238645923,922.8040792037348
normal_006,normal,68,True,"(1, 0, 2, 4)",4.0,IDLE,FASTER,FASTER,False,0.13342677154318494,18.80986870556974,20.06189531236005,18.829774549892136,14983.357367971721
normal_006,normal,69,True,"(1, 0, 2, 4)",4.0,FASTER,FASTER,FASTER,False,0.13342677154318494,18.80986870556974,20.043471056143133,18.830380004848507,inf
normal_006,normal,70,True,"(1, 1, 2, 4)",5.0,SLOWER,LANE_RIGHT,FASTER,True,0.03618807722395445,19.596220363056517,21.518871304177345,18.725863417141795,12.718149592922968
normal_006,normal,71,True,"(1, 1, 2, 4)",5.0,IDLE,LANE_RIGHT,FASTER,True,0.03618807722395445,19.596220363056517,21.066751862467488,18.46342140678712,17.972578645498885
normal_006,normal,72,True,"(1, 0, 2, 4)",4.0,IDLE,FASTER,FASTER,False,0.13342677154318494,18.80986870556974,20.749213928097877,18.280317205020765,25.50199371208094
normal_006,normal,73,True,"(1, 0, 2, 4)",4.0,IDLE,FASTER,FASTER,False,0.13342677154318494,18.80986870556974,20.526196887772446,18.1525168602044,36.24436504165842
normal_006,normal,74,True,"(1, 0, 2, 4)",4.0,IDLE,FASTER,FASTER,False,0.13342677154318494,18.80986870556974,20.36956489237242,18.063141355986772,51.42869151966835
normal_006,normal,75,True,"(1, 0, 2, 4)",4.0,IDLE,FASTER,FASTER,False,0.13342677154318494,18.80986870556974,20.259557235795167,18.00033696240564,72.5156104167234
normal_006,normal,76,True,"(1, 0, 2, 4)",4.0,IDLE,FASTER,FASTER,False,0.13342677154318494,18.80986870556974,20.182295342561215,17.955779478615796,100.89933283057171
normal_006,normal,77,True,"(1, 0, 2, 4)",4.0,IDLE,FASTER,FASTER,False,0.13342677154318494,18.80986870556974,20.128031845529964,17.923623704574197,137.16812334750261
normal_006,normal,78,True,"(1, 0, 2, 4)",4.0,IDLE,FASTER,FASTER,False,0.13342677154318494,18.80986870556974,20.089920857217205,17.899765619168534,179.87070663154748
normal_006,normal,79,True,"(1, 0, 2, 4)",4.0,IDLE,FASTER,FASTER,False,0.13342677154318494,18.80986870556974,20.063154292037325,17.881324184510163,224.4013704831136
normal_006,normal,80,True,"(1, 0, 2, 4)",4.0,IDLE,FASTER,FASTER,False,0.13342677154318494,18.80986870556974,20.04435527780948,17.866277401386697,263.5129725134427
normal_006,normal,81,True,"(1, 0, 2, 4)",4.0,IDLE,FASTER,FASTER,False,0.13342677154318494,18.80986870556974,20.031152129270858,17.853206700326496,290.34907300657176
normal_006,normal,82,True,"(1, 0, 2, 4)",4.0,IDLE,FASTER,FASTER,False,0.13342677154318494,18.80986870556974,20.021879136058544,17.841117420112823,301.97006477275687
normal_006,normal,83,True,"(1, 0, 2, 4)",4.0,IDLE,FASTER,FASTER,False,0.13342677154318494,18.80986870556974,20.015366416545916,17.829312724766964,300.10753986293844
normal_006,normal,84,True,"(1, 0, 2, 4)",4.0,IDLE,FASTER,FASTER,False,0.13342677154318494,18.80986870556974,20.01079232547532,17.817305051878975,289.0192002362924
normal_006,normal,85,True,"(1, 0, 2, 4)",4.0,IDLE,FASTER,FASTER,False,0.13342677154318494,18.80986870556974,20.007579795121213,17.804753920207986,273.00847502376354
normal_006,normal,86,True,"(1, 0, 2, 4)",4.0,IDLE,FASTER,FASTER,False,0.13342677154318494,18.80986870556974,20.00532353237594,17.791422250052506,255.217259156209
normal_006,normal,87,True,"(1, 0, 2, 4)",4.0,IDLE,FASTER,FASTER,False,0.13342677154318494,18.80986870556974,20.003738886936187,17.777145685552114,237.52506212074022
normal_006,normal,88,True,"(1, 0, 2, 4)",4.0,IDLE,FASTER,FASTER,False,0.13342677154318494,18.80986870556974,20.00262593979606,17.761811048494906,220.88426613284702
normal_006,normal,89,True,"(1, 0, 2, 4)",4.0,IDLE,FASTER,FASTER,False,0.13342677154318494,18.80986870556974,20.001844281447987,17.745341205313252,205.68120322058274
normal_006,normal,90,True,"(1, 0, 2, 4)",4.0,IDLE,FASTER,FASTER,False,0.13342677154318494,18.80986870556974,20.00129529780709,17.727684438119695,191.99540383549657
normal_006,normal,91,True,"(1, 0, 2, 4)",4.0,IDLE,FASTER,FASTER,False,0.13342677154318494,18.80986870556974,20.000909729049695,17.708806978932103,179.7570941935249
normal_006,normal,92,True,"(1, 0, 2, 4)",4.0,IDLE,FASTER,FASTER,False,0.13342677154318494,18.80986870556974,20.00063893178799,17.688687765376926,168.8342454201877
normal_006,normal,93,True,"(1, 0, 2, 4)",4.0,IDLE,FASTER,FASTER,False,0.13342677154318494,18.80986870556974,20.000448742215983,17.66731475648271,159.07742120445386
normal_006,normal,94,True,"(1, 0, 2, 4)",4.0,IDLE,FASTER,FASTER,False,0.13342677154318494,18.80986870556974,20.0003151660008,17.64468234405615,150.34120982034176
normal_006,normal,95,True,"(1, 0, 2, 4)",4.0,IDLE,FASTER,FASTER,False,0.13342677154318494,18.80986870556974,20.00022135115557,17.620789533411994,142.4933064337668
normal_006,normal,96,True,"(1, 0, 2, 4)",4.0,IDLE,FASTER,FASTER,False,0.13342677154318494,18.80986870556974,20.00015546199129,17.595638664338594,135.41737152055228
normal_006,normal,97,True,"(1, 0, 2, 4)",4.0,IDLE,FASTER,FASTER,False,0.13342677154318494,18.80986870556974,20.000109185925297,17.569234511392096,129.01292971223097
normal_006,normal,98,True,"(1, 0, 2, 4)",4.0,IDLE,FASTER,FASTER,False,0.13342677154318494,18.80986870556974,20.00007668476509,17.541583650510006,123.1939969379006
normal_006,normal,99,True,"(1, 0, 2, 4)",4.0,IDLE,FASTER,FASTER,False,0.13342677154318494,18.80986870556974,20.00005385816149,17.51269401258503,117.88728012112709
normal_006,normal,100,True,"(1, 0, 2, 4)",4.0,IDLE,FASTER,FASTER,False,0.13342677154318494,18.80986870556974,20.000037826308205,17.482574568264795,113.03035151391573
normal_006,normal,101,True,"(1, 0, 2, 4)",4.0,IDLE,FASTER,FASTER,False,0.13342677154318494,18.80986870556974,20.00002656662524,17.451235104838474,108.56997263570109
normal_006,normal,102,True,"(1, 0, 2, 4)",4.0,IDLE,FASTER,FASTER,False,0.13342677154318494,18.80986870556974,20.000018658590015,17.418686067728345,104.46062924141623
normal_006,normal,103,True,"(1, 0, 2, 4)",4.0,IDLE,FASTER,FASTER,False,0.13342677154318494,18.80986870556974,20.000013104524125,17.384938447288278,100.66328442325354
normal_006,normal,104,True,"(1, 0, 2, 4)",4.0,IDLE,FASTER,FASTER,False,0.13342677154318494,18.80986870556974,20.000009203726133,17.350003697361217,97.14433304084157
normal_006,normal,105,True,"(1, 0, 2, 4)",4.0,IDLE,FASTER,FASTER,False,0.13342677154318494,18.80986870556974,20.00000646407103,17.31389367608267,93.87473201023795
normal_006,normal,106,True,"(1, 0, 2, 4)",4.0,IDLE,FASTER,FASTER,False,0.13342677154318494,18.80986870556974,20.000004539923687,17.276620602257367,90.82927965329047
normal_006,normal,107,True,"(1, 0, 2, 4)",4.0,IDLE,FASTER,FASTER,False,0.13342677154318494,18.80986870556974,20.00000318853351,17.23819702262108,87.98601924187231
normal_006,normal,108,True,"(1, 0, 2, 4)",4.0,IDLE,FASTER,FASTER,False,0.13342677154318494,18.80986870556974,20.000002239408996,17.19863578670561,85.32574501652226
normal_006,normal,109,True,"(1, 0, 2, 4)",4.0,IDLE,FASTER,FASTER,False,0.13342677154318494,18.80986870556974,20.00000157280851,17.157950026999288,82.83159232253445
normal_006,normal,110,True,"(1, 0, 2, 4)",4.0,IDLE,FASTER,FASTER,False,0.13342677154318494,18.80986870556974,20.000001104633686,17.116153142791404,80.48869664369896
normal_006,normal,111,True,"(1, 0, 2, 4)",4.0,IDLE,FASTER,FASTER,False,0.13342677154318494,18.80986870556974,20.000000775819544,17.073258786569,78.28390905559999
normal_006,normal,112,True,"(1, 0, 2, 4)",4.0,IDLE,FASTER,FASTER,False,0.13342677154318494,18.80986870556974,20.000000544882862,17.02928085217684,76.20555793249817
normal_006,normal,113,True,"(1, 0, 2, 4)",4.0,IDLE,FASTER,FASTER,False,0.13342677154318494,18.80986870556974,20.00000038268865,16.984233464188947,74.24324865160922
normal_006,normal,114,True,"(1, 0, 2, 4)",4.0,IDLE,FASTER,FASTER,False,0.13342677154318494,18.80986870556974,20.000000268774468,16.93813096810709,72.38769459627173
normal_006,normal,115,True,"(1, 0, 2, 4)",4.0,IDLE,FASTER,FASTER,False,0.13342677154318494,18.80986870556974,20.000000188768897,16.89098792112179,70.6305740207552
normal_006,normal,116,True,"(1, 0, 2, 4)",4.0,IDLE,FASTER,FASTER,False,0.13342677154318494,18.80986870556974,20.00000013257843,16.842819083249992,68.96440835665548
normal_006,normal,117,True,"(1, 0, 2, 4)",4.0,IDLE,FASTER,FASTER,False,0.13342677154318494,18.80986870556974,20.000000093114068,16.793639408725653,67.3824583597384
normal_006,normal,118,True,"(1, 0, 2, 4)",4.0,IDLE,FASTER,FASTER,False,0.13342677154318494,18.80986870556974,20.000000065396986,16.743464037555327,65.87863515530283
normal_006,normal,119,True,"(1, 0, 2, 4)",4.0,IDLE,FASTER,FASTER,False,0.13342677154318494,18.80986870556974,20.000000045930392,16.692308287184346,64.4474237712794
normal_006,normal,120,True,"(1, 0, 2, 4)",4.0,IDLE,FASTER,FASTER,False,0.13342677154318494,18.80986870556974,20.00000003225838,16.640187644235198,63.08381717702224
normal_006,normal,121,True,"(1, 0, 2, 4)",4.0,IDLE,FASTER,FASTER,False,0.13342677154318494,18.80986870556974,20.000000022656092,16.587117756294333,61.783259192590684
normal_006,normal,122,True,"(1, 0, 2, 4)",4.0,IDLE,FASTER,FASTER,False,0.13342677154318494,18.80986870556974,20.0000000159121,16.533114423735128,60.54159491474358
normal_006,normal,123,True,"(1, 0, 2, 4)",4.0,IDLE,FASTER,FASTER,False,0.13342677154318494,18.80986870556974,20.000000011175576,16.47819359156847,59.35502753480066
normal_006,normal,124,True,"(1, 0, 2, 4)",4.0,IDLE,FASTER,FASTER,False,0.13342677154318494,18.80986870556974,20.000000007848964,16.422371341320968,58.22008061048702
normal_006,normal,125,True,"(1, 0, 2, 4)",4.0,IDLE,FASTER,FASTER,False,0.13342677154318494,18.80986870556974,20.00000000551258,16.36566388293886,57.1335650069352
normal_006,normal,126,True,"(1, 0, 2, 4)",4.0,IDLE,FASTER,FASTER,False,0.13342677154318494,18.80986870556974,20.00000000387166,16.30808754672171,56.09254984785677
normal_006,normal,127,True,"(1, 0, 2, 4)",4.0,IDLE,FASTER,FASTER,False,0.13342677154318494,18.80986870556974,20.00000000271919,16.249658775292232,55.094336921657415
normal_006,normal,128,True,"(1, 0, 2, 4)",4.0,IDLE,FASTER,FASTER,False,0.13342677154318494,18.80986870556974,20.000000001909775,16.190394115603908,54.136438073112934
normal_006,normal,129,True,"(1, 0, 2, 4)",4.0,IDLE,FASTER,FASTER,False,0.13342677154318494,18.80986870556974,20.000000001341295,16.130310210995162,53.21655518253453
normal_006,normal,130,True,"(1, 0, 2, 4)",4.0,IDLE,FASTER,FASTER,False,0.13342677154318494,18.80986870556974,20.000000000942034,16.069423793294618,52.33256239372724
normal_006,normal,131,True,"(1, 0, 2, 4)",4.0,IDLE,FASTER,FASTER,False,0.13342677154318494,18.80986870556974,20.00000000066162,16.00775167498489,51.48249030171441
normal_006,normal,132,True,"(1, 0, 2, 4)",4.0,IDLE,FASTER,FASTER,False,0.13342677154318494,18.80986870556974,20.000000000464677,15.945310741429807,50.66451185280685
normal_006,normal,133,True,"(1, 0, 2, 4)",4.0,IDLE,FASTER,FASTER,False,0.13342677154318494,18.80986870556974,20.000000000326356,15.88211794317317,49.87692974465543
normal_006,normal,134,True,"(1, 0, 2, 4)",4.0,IDLE,FASTER,FASTER,False,0.13342677154318494,18.80986870556974,20.000000000229207,15.818190288312394,49.11816514343252
normal_006,normal,135,True,"(1, 0, 2, 4)",4.0,IDLE,FASTER,FASTER,False,0.13342677154318494,18.80986870556974,20.00000000016098,15.753544834956756,48.38674756035652
normal_006,normal,136,True,"(1, 0, 2, 4)",4.0,IDLE,FASTER,FASTER,False,0.13342677154318494,18.80986870556974,20.00000000011306,15.688198683771589,47.681305750974026
normal_006,normal,137,True,"(1, 0, 2, 4)",4.0,IDLE,FASTER,FASTER,False,0.13342677154318494,18.80986870556974,20.000000000079407,15.622168970617508,47.00055951869366
normal_006,normal,138,True,"(1, 0, 2, 4)",4.0,IDLE,FASTER,FASTER,False,0.13342677154318494,18.80986870556974,20.00000000005577,15.555472859287534,46.34331231951767
normal_006,normal,139,True,"(1, 0, 2, 4)",4.0,IDLE,FASTER,FASTER,False,0.13342677154318494,18.80986870556974,20.000000000039172,15.488127534348337,45.708444578109045
normal_006,normal,140,True,"(1, 0, 2, 4)",4.0,IDLE,FASTER,FASTER,False,0.13342677154318494,18.80986870556974,20.000000000027512,15.420150194089956,45.09490763667742
normal_006,normal,141,True,"(1, 0, 2, 4)",4.0,IDLE,FASTER,FASTER,False,0.13342677154318494,18.80986870556974,20.000000000019323,15.351558043588284,44.50171826790497
normal_006,normal,142,True,"(1, 0, 2, 4)",4.0,IDLE,FASTER,FASTER,False,0.13342677154318494,18.80986870556974,20.00000000001357,15.282368287884424,43.92795369157295
normal_006,normal,143,True,"(1, 0, 2, 4)",4.0,IDLE,FASTER,FASTER,False,0.13342677154318494,18.80986870556974,20.000000000009535,15.212598125285695,43.372747041788465
normal_006,normal,144,True,"(1, 0, 2, 4)",4.0,IDLE,FASTER,FASTER,False,0.13342677154318494,18.80986870556974,20.000000000006697,15.142264740790552,42.83528323804181
normal_006,normal,145,True,"(1, 0, 2, 4)",4.0,IDLE,FASTER,FASTER,False,0.13342677154318494,18.80986870556974,20.000000000004704,15.071385299641747,42.314795218764175
normal_006,normal,146,True,"(1, 0, 1, 4)",3.0,IDLE,IDLE,IDLE,False,0.19820880473659486,14.702112037416114,20.000000000003304,14.999976941011255,41.81056050086182
normal_006,normal,147,True,"(1, 0, 1, 4)",3.0,IDLE,IDLE,IDLE,False,0.19820880473659486,14.702112037416114,20.00000000000232,14.928056771818433,41.321898032811525
normal_006,normal,148,True,"(1, 0, 1, 4)",3.0,IDLE,IDLE,IDLE,False,0.19820880473659486,14.702112037416114,20.00000000000163,14.855641860685637,40.84816531256303
normal_006,normal,149,True,"(1, 0, 1, 4)",3.0,IDLE,IDLE,IDLE,False,0.19820880473659486,14.702112037416114,20.000000000001148,14.782749232033098,40.38875574466214
normal_006,normal,150,True,"(1, 0, 1, 4)",3.0,IDLE,IDLE,IDLE,False,0.19820880473659486,14.702112037416114,20.000000000000806,14.70939586031443,39.94309621379258
normal_009,normal,0,True,"(0, 2, 3, 4)",2.0,IDLE,SLOWER,SLOWER,False,0.3148185030456858,16.34160925086583,25.0,46.31281954760027,44.80599331875217
normal_009,normal,1,True,"(0, 2, 3, 4)",2.0,IDLE,SLOWER,SLOWER,False,0.3148185030456858,16.34160925086583,25.0,46.026093544593834,20.60596125358198
normal_009,normal,2,True,"(0, 2, 3, 4)",2.0,IDLE,SLOWER,SLOWER,False,0.3148185030456858,16.34160925086583,25.0,45.49936754158739,13.25109791747877
normal_009,normal,3,True,"(0, 2, 3, 3)",1.0,IDLE,IDLE,IDLE,False,,16.028264469650892,25.0,44.73264153858099,9.6539087914789
normal_009,normal,4,True,"(0, 2, 3, 3)",1.0,IDLE,IDLE,IDLE,False,,16.028264469650892,25.0,43.65569529740523,7.4834528732387255
normal_009,normal,5,True,"(0, 2, 3, 3)",1.0,IDLE,IDLE,IDLE,False,,16.028264469650892,25.0,42.324823319794746,6.056578431759653
normal_009,normal,6,True,"(0, 2, 3, 2)",1.0,IDLE,IDLE,IDLE,False,,18.677060565216067,25.0,40.85625177492889,5.158429046494896
normal_009,normal,7,True,"(0, 2, 3, 2)",1.0,IDLE,IDLE,IDLE,False,,18.677060565216067,25.0,39.205036622715625,4.50140764973321
normal_009,normal,8,True,"(0, 2, 3, 2)",1.0,IDLE,IDLE,IDLE,False,,18.677060565216067,25.0,37.41442437061207,4.035424596948726
normal_009,normal,9,True,"(0, 2, 3, 2)",1.0,IDLE,IDLE,IDLE,False,,18.677060565216067,25.0,35.54570074538799,3.884109424575505
normal_009,normal,10,True,"(0, 2, 3, 2)",1.0,IDLE,IDLE,IDLE,False,,18.677060565216067,25.0,33.7387309063254,3.845301248727621
normal_009,normal,11,True,"(0, 2, 3, 2)",1.0,IDLE,IDLE,IDLE,False,,18.677060565216067,25.0,32.00713707931976,3.803410868290523
normal_009,normal,12,True,"(0, 2, 3, 2)",1.0,IDLE,IDLE,IDLE,False,,18.677060565216067,25.0,30.346538042477277,3.7576958609538607
normal_009,normal,13,True,"(0, 2, 2, 2)",3.0,IDLE,LANE_RIGHT,LANE_RIGHT,False,0.1973740374298245,21.59028391912078,25.0,28.75282014362614,3.7074584712567593
normal_009,normal,14,True,"(0, 2, 2, 2)",3.0,IDLE,LANE_RIGHT,LANE_RIGHT,False,0.1973740374298245,21.59028391912078,25.0,27.22203373509035,3.6520467418628355
normal_009,normal,15,True,"(0, 2, 2, 2)",3.0,IDLE,LANE_RIGHT,LANE_RIGHT,False,0.1973740374298245,21.59028391912078,25.0,25.75034398572734,3.5908571611994646
normal_009,normal,16,True,"(0, 2, 2, 2)",3.0,IDLE,LANE_RIGHT,LANE_RIGHT,False,0.1973740374298245,21.59028391912078,25.0,24.334016483553228,3.5233419625607394
normal_009,normal,17,True,"(0, 2, 2, 2)",3.0,IDLE,LANE_RIGHT,LANE_RIGHT,False,0.1973740374298245,21.59028391912078,25.0,22.969420322058852,3.4490189910106075
normal_009,normal,18,True,"(0, 2, 2, 2)",3.0,SLOWER,LANE_RIGHT,LANE_RIGHT,False,0.1973740374298245,21.59028391912078,25.0,21.65303836160649,3.3674818868282905
normal_009,normal,19,True,"(0, 1, 2, 2)",4.0,IDLE,SLOWER,LANE_RIGHT,True,0.017145908613670713,21.410637302131846,23.511659807956104,20.48847520168806,4.332938008067127
normal_009,normal,20,True,"(0, 1, 2, 2)",4.0,IDLE,SLOWER,LANE_RIGHT,True,0.017145908613670713,21.410637302131846,22.46635092136286,19.631299651458335,5.631694833006593
normal_009,normal,21,True,"(0, 1, 2, 3)",4.0,IDLE,FASTER,FASTER,False,0.2181724027027343,21.410637302131846,21.732197080573094,18.999278512237424,7.394551631719467
normal_009,normal,22,True,"(0, 1, 2, 3)",4.0,IDLE,FASTER,FASTER,False,0.2181724027027343,21.410637302131846,21.216577373461487,18.533885567177947,9.828963785463085
normal_009,normal,23,True,"(0, 0, 2, 4)",3.0,IDLE,FASTER,FASTER,False,0.21800352303222326,19.373501254022955,20.8544411731307,18.19329527177871,13.291017378732347
normal_009,normal,24,True,"(0, 0, 2, 4)",3.0,IDLE,FASTER,FASTER,False,0.21800352303222326,19.373501254022955,20.600101345189188,17.94746111446625,18.45549844648194
normal_009,normal,25,True,"(0, 0, 2, 4)",3.0,IDLE,FASTER,FASTER,False,0.21800352303222326,19.373501254022955,20.421470354920253,17.774657627247677,26.78349249163736
normal_009,normal,26,True,"(0, 0, 2, 4)",3.0,IDLE,FASTER,FASTER,False,0.21800352303222326,19.373501254022955,20.29601210112369,17.6590499914372,42.14314325048092
normal_009,normal,27,True,"(0, 0, 2, 4)",3.0,IDLE,FASTER,FASTER,False,0.21800352303222326,19.373501254022955,20.20789875963694,17.588985076549818,79.22103439444228
normal_009,normal,28,True,"(0, 0, 2, 4)",3.0,IDLE,FASTER,FASTER,False,0.21800352303222326,19.373501254022955,20.146013943668194,17.555788966680666,288.85270135763096
normal_009,normal,29,True,"(0, 0, 2, 4)",3.0,FASTER,FASTER,FASTER,False,0.21800352303222326,19.373501254022955,20.102550259476153,17.55292008159182,inf
normal_009,normal,30,True,"(0, 1, 2, 4)",4.0,SLOWER,FASTER,FASTER,False,0.7694159574762125,19.593182810001366,21.560364516943473,17.468376090635843,13.414936309337996
normal_009,normal,31,True,"(0, 1, 2, 4)",4.0,IDLE,FASTER,FASTER,False,0.7694159574762125,19.593182810001366,21.09589387198225,17.246436805500707,22.610776660831473
normal_009,normal,32,True,"(0, 0, 2, 4)",3.0,IDLE,FASTER,FASTER,False,0.21800352303222326,19.373501254022955,20.76968129280509,17.12197228156981,46.4664259382874
normal_009,normal,33,True,"(0, 0, 2, 4)",3.0,IDLE,FASTER,FASTER,False,0.21800352303222326,19.373501254022955,20.540571772175866,17.06895314953482,219.9197980483749
normal_009,normal,34,True,"(0, 0, 2, 4)",3.0,FASTER,FASTER,FASTER,False,0.21800352303222326,19.373501254022955,20.379660833133116,17.06881224824997,inf
normal_009,normal,35,True,"(0, 1, 2, 4)",4.0,SLOWER,FASTER,FASTER,False,0.7694159574762125,19.593182810001366,21.754988129717635,17.001253357614246,14.34310365235517
normal_009,normal,36,True,"(0, 1, 2, 4)",4.0,IDLE,FASTER,FASTER,False,0.7694159574762125,19.593182810001366,21.232584255713892,16.804871994408074,27.235809907700514
normal_009,normal,37,True,"(0, 0, 2, 4)",3.0,IDLE,FASTER,FASTER,False,0.21800352303222326,19.373501254022955,20.86568331814199,16.71067587974852,80.11414493845444
normal_009,normal,38,True,"(0, 0, 2, 4)",3.0,FASTER,FASTER,FASTER,False,0.21800352303222326,19.373501254022955,20.60799706294746,16.69004260717037,inf
normal_009,normal,39,True,"(0, 1, 2, 4)",4.0,SLOWER,FASTER,FASTER,False,0.7694159574762125,19.593182810001366,21.91535596190549,16.615697797651592,14.000407255530208
normal_009,normal,40,True,"(0, 1, 2, 4)",4.0,IDLE,FASTER,FASTER,False,0.7694159574762125,19.593182810001366,21.345215709870523,16.42141283869546,28.021277477539414
normal_009,normal,41,True,"(0, 0, 2, 4)",3.0,IDLE,FASTER,FASTER,False,0.21800352303222326,19.373501254022955,20.944787988276694,16.334877537586124,103.40946811266897
normal_009,normal,42,True,"(0, 0, 2, 4)",3.0,FASTER,FASTER,FASTER,False,0.21800352303222326,19.373501254022955,20.663554801094193,16.325203280056826,inf
normal_009,normal,43,True,"(0, 1, 2, 4)",4.0,SLOWER,FASTER,FASTER,False,0.7694159574762125,19.593182810001366,21.954375937119654,16.263582426950393,14.519460010470489
normal_009,normal,44,True,"(0, 1, 2, 4)",4.0,IDLE,FASTER,FASTER,False,0.7694159574762125,19.593182810001366,21.372620685603927,16.082762619621633,31.042157095820787
normal_009,normal,45,True,"(0, 0, 2, 4)",3.0,LANE_RIGHT,FASTER,FASTER,False,0.21800352303222326,19.373501254022955,20.96403537864089,16.009762928322345,175.47077738731025
normal_009,normal,46,True,"(0, 0, 2, 4)",3.0,FASTER,FASTER,FASTER,False,0.21800352303222326,19.373501254022955,20.67707285852419,16.113002884877346,inf
normal_009,normal,47,True,"(0, 1, 2, 4)",4.0,SLOWER,FASTER,FASTER,False,0.7694159574762125,19.593182810001366,21.963870100911365,16.16609885584279,15.254067964131009
normal_009,normal,48,True,"(1, 1, 3, 4)",2.0,FASTER,FASTER,FASTER,False,0.18102760637502513,17.304530144675894,21.379288740283428,38.97562720855552,29.232487961673012
normal_009,normal,49,True,"(1, 1, 3, 4)",2.0,IDLE,FASTER,FASTER,False,0.18102760637502513,17.304530144675894,22.45705875860784,38.66328945683574,16.164286159338204
normal_009,normal,50,True,"(1, 1, 3, 4)",2.0,IDLE,FASTER,FASTER,False,0.18102760637502513,17.304530144675894,23.21401108972183,38.14548996304626,12.1854486010329
normal_009,normal,51,True,"(1, 1, 3, 3)",2.0,IDLE,IDLE,FASTER,True,0.13940187622947064,17.83837181599958,23.745642905264166,37.48800382202455,10.286730109978249
normal_009,normal,52,True,"(1, 2, 3, 3)",4.0,IDLE,FASTER,FASTER,False,0.16858257731026072,17.63595526258844,24.119024921118314,36.735607457284175,9.182500664195649
normal_009,normal,53,True,"(1, 2, 3, 3)",4.0,IDLE,FASTER,FASTER,False,0.16858257731026072,17.63595526258844,24.381263044736045,35.91853511051107,8.458597469726302
normal_009,normal,54,True,"(1, 2, 3, 3)",4.0,IDLE,FASTER,FASTER,False,0.16858257731026072,17.63595526258844,24.56544126050049,35.057367374258035,7.941038276243122
normal_009,normal,55,True,"(1, 2, 3, 3)",4.0,IDLE,FASTER,FASTER,False,0.16858257731026072,17.63595526258844,24.694795508060697,34.166255200050045,7.544285814821332
normal_009,normal,56,True,"(1, 2, 3, 3)",4.0,IDLE,FASTER,FASTER,False,0.16858257731026072,17.63595526258844,24.78564513048982,33.25499946323919,7.221752543042038
normal_009,normal,57,True,"(1, 2, 3, 3)",4.0,IDLE,FASTER,FASTER,False,0.16858257731026072,17.63595526258844,24.849451724020284,32.330415206216855,6.9462365891908275
normal_009,normal,58,True,"(1, 2, 3, 3)",4.0,IDLE,FASTER,FASTER,False,0.16858257731026072,17.63595526258844,24.89426513401699,31.397247921786004,6.701071976159954
normal_009,normal,59,True,"(1, 2, 3, 3)",4.0,IDLE,FASTER,FASTER,False,0.16858257731026072,17.63595526258844,24.925739024165566,30.458800462662794,6.47570092045127
normal_009,normal,60,True,"(1, 2, 2, 3)",2.0,IDLE,IDLE,IDLE,False,1.4620279085782641,19.279444427715063,24.947844143172524,29.51736705834753,6.2632793601663295
normal_009,normal,61,True,"(1, 2, 2, 3)",2.0,IDLE,IDLE,IDLE,False,1.4620279085782641,19.279444427715063,24.96336927476589,28.574535818660706,6.059301063304132
normal_009,normal,62,True,"(1, 2, 2, 2)",4.0,IDLE,IDLE,FASTER,True,0.04979913466036123,20.069888464462593,24.974273070891815,27.6314003283062,5.860768950267468
normal_009,normal,63,True,"(1, 2, 2, 2)",4.0,IDLE,IDLE,FASTER,True,0.04979913466036123,20.069888464462593,24.981931155413733,26.688707916662395,5.665677733809229
normal_009,normal,64,True,"(1, 2, 2, 2)",4.0,IDLE,IDLE,FASTER,True,0.04979913466036123,20.069888464462593,24.987309672938043,25.74696363904684,5.472682102860743
normal_009,normal,65,True,"(1, 2, 2, 2)",4.0,IDLE,IDLE,FASTER,True,0.04979913466036123,20.069888464462593,24.991087177701342,24.80650321999616,5.2808796561439655
normal_009,normal,66,True,"(1, 2, 2, 2)",4.0,IDLE,IDLE,FASTER,True,0.04979913466036123,20.069888464462593,24.99374024003167,23.867544223164884,5.0896668677695
normal_009,normal,67,True,"(1, 2, 2, 2)",4.0,IDLE,IDLE,FASTER,True,0.04979913466036123,20.069888464462593,24.995603570502354,22.930221940118486,4.898642551977309
normal_009,normal,68,True,"(1, 2, 2, 2)",4.0,SLOWER,IDLE,FASTER,True,0.04979913466036123,20.069888464462593,24.99691224704692,21.994614552609505,4.7075427180702984
normal_009,normal,69,True,"(1, 1, 2, 3)",5.0,IDLE,FASTER,FASTER,False,0.19402952935561757,19.48695065067959,23.50949118036766,21.167756650023193,6.666916729974406
normal_009,normal,70,True,"(1, 1, 2, 3)",5.0,IDLE,FASTER,FASTER,False,0.19402952935561757,19.48695065067959,22.46482782489471,20.608482705889287,9.716756949150916
normal_009,normal,71,True,"(1, 1, 2, 4)",5.0,IDLE,LANE_RIGHT,FASTER,True,0.03618807722395445,19.596220363056517,21.731127361242923,20.237660048289285,14.685891507705637
normal_009,normal,72,True,"(1, 1, 2, 4)",5.0,IDLE,LANE_RIGHT,FASTER,True,0.03618807722395445,19.596220363056517,21.215826075385976,19.999696758503433,23.42413225661854
normal_009,normal,73,True,"(1, 0, 2, 4)",4.0,IDLE,FASTER,FASTER,False,0.13342677154318494,18.80986870556974,20.85391351247959,19.855534843892315,41.089913061184596
normal_009,normal,74,True,"(1, 0, 2, 4)",4.0,IDLE,FASTER,FASTER,False,0.13342677154318494,18.80986870556974,20.59973075224904,19.777729092435948,89.6505728301503
normal_009,normal,75,True,"(1, 0, 2, 4)",4.0,IDLE,FASTER,FASTER,False,0.13342677154318494,18.80986870556974,20.421210075653647,19.746990770084608,582.6190146522598
normal_009,normal,76,True,"(1, 0, 2, 4)",4.0,FASTER,FASTER,FASTER,False,0.13342677154318494,18.80986870556974,20.295829298675812,19.749760125807143,inf
normal_009,normal,77,True,"(1, 1, 2, 4)",5.0,SLOWER,LANE_RIGHT,FASTER,True,0.03618807722395445,19.596220363056517,21.69611056367903,19.669505578024314,15.211392258872687
normal_009,normal,78,True,"(1, 1, 2, 4)",5.0,IDLE,LANE_RIGHT,FASTER,True,0.03618807722395445,19.596220363056517,21.191232659264287,19.447691024450478,24.911769531735487
normal_009,normal,79,True,"(1, 0, 2, 4)",4.0,IDLE,FASTER,FASTER,False,0.13342677154318494,18.80986870556974,20.836640770292615,19.317541615851724,46.13259329312703
normal_009,normal,80,True,"(1, 0, 2, 4)",4.0,IDLE,FASTER,FASTER,False,0.13342677154318494,18.80986870556974,20.587599553346802,19.252175530429895,118.42698487829186
normal_009,normal,81,True,"(1, 0, 2, 4)",4.0,FASTER,FASTER,FASTER,False,0.13342677154318494,18.80986870556974,20.412689946932186,19.232701993993373,inf
normal_009,normal,82,True,"(1, 1, 2, 4)",5.0,SLOWER,LANE_RIGHT,FASTER,True,0.03618807722395445,19.596220363056517,21.778185532001757,19.13884703487747,14.288495534485001
normal_009,normal,83,True,"(1, 1, 2, 4)",5.0,IDLE,LANE_RIGHT,FASTER,True,0.03618807722395445,19.596220363056517,21.248876532763923,18.9094478272375,23.531584843111713
normal_009,normal,84,True,"(1, 0, 2, 4)",4.0,IDLE,FASTER,FASTER,False,0.13342677154318494,18.80986870556974,20.877125905041325,18.77588629074478,44.13388199592476
normal_009,normal,85,True,"(1, 0, 2, 4)",4.0,IDLE,FASTER,FASTER,False,0.13342677154318494,18.80986870556974,20.616033557450148,18.709987573548347,118.33379900035382
normal_009,normal,86,True,"(1, 0, 2, 4)",4.0,FASTER,FASTER,FASTER,False,0.13342677154318494,18.80986870556974,20.43266005680998,18.69195422906978,inf
normal_009,normal,87,True,"(1, 1, 2, 4)",5.0,SLOWER,LANE_RIGHT,FASTER,True,0.03618807722395445,19.596220363056517,21.792211178445417,18.60087690277419,14.066742401794263
normal_009,normal,88,True,"(1, 1, 2, 4)",5.0,IDLE,LANE_RIGHT,FASTER,True,0.03618807722395445,19.596220363056517,21.258727192543283,18.375147863380903,23.46452463591627
normal_009,normal,89,True,"(1, 0, 2, 4)",4.0,IDLE,FASTER,FASTER,False,0.13342677154318494,18.80986870556974,20.884044338247136,18.245837849307463,45.29415103671584
normal_009,normal,90,True,"(1, 0, 2, 4)",4.0,IDLE,FASTER,FASTER,False,0.13342677154318494,18.80986870556974,20.620892594214727,18.184554695384463,135.46750719240993
normal_009,normal,91,True,"(1, 0, 2, 4)",4.0,FASTER,FASTER,FASTER,False,0.13342677154318494,18.80986870556974,20.436072713632292,18.17134952045626,inf
normal_009,normal,92,True,"(1, 1, 2, 4)",5.0,SLOWER,LANE_RIGHT,FASTER,True,0.03618807722395445,19.596220363056517,21.79460799640567,18.085207759330842,13.938568009216391
normal_009,normal,93,True,"(1, 1, 2, 4)",5.0,IDLE,LANE_RIGHT,FASTER,True,0.03618807722395445,19.596220363056517,21.26041055440289,17.864448892451037,23.55934015523589
normal_009,normal,94,True,"(1, 0, 2, 4)",4.0,IDLE,FASTER,FASTER,False,0.13342677154318494,18.80986870556974,20.885226617084058,17.74009360154878,46.90644390728386
normal_009,normal,95,True,"(1, 0, 2, 4)",4.0,IDLE,FASTER,FASTER,False,0.13342677154318494,18.80986870556974,20.621722946429408,17.683715592495446,160.85110432832073
normal_009,normal,96,True,"(1, 0, 2, 4)",4.0,FASTER,FASTER,FASTER,False,0.13342677154318494,18.80986870556974,20.436655896532038,17.67534300645127,inf
normal_009,normal,97,True,"(1, 1, 2, 4)",5.0,SLOWER,LANE_RIGHT,FASTER,True,0.03618807722395445,19.596220363056517,21.795017584395616,17.593946099129198,13.809037876100732
normal_009,normal,98,True,"(1, 1, 2, 4)",5.0,IDLE,LANE_RIGHT,FASTER,True,0.03618807722395445,19.596220363056517,21.260698221139307,17.37783461759159,23.63111988321211
normal_009,normal,99,True,"(1, 0, 2, 4)",4.0,IDLE,FASTER,FASTER,False,0.13342677154318494,18.80986870556974,20.885428654627333,17.258023305097595,48.499953692888504
normal_009,normal,100,True,"(1, 0, 2, 4)",4.0,IDLE,FASTER,FASTER,False,0.13342677154318494,18.80986870556974,20.621864843853487,17.20608256611547,195.27469875908756
normal_009,normal,101,True,"(1, 0, 2, 4)",4.0,FASTER,FASTER,FASTER,False,0.13342677154318494,18.80986870556974,20.43675555562824,17.20203906574818,inf
normal_009,normal,102,True,"(1, 1, 2, 4)",5.0,SLOWER,LANE_RIGHT,FASTER,True,0.03618807722395445,19.596220363056517,21.795087578164143,17.12486284025863,13.663318823470142
normal_009,normal,103,True,"(1, 1, 2, 4)",5.0,IDLE,LANE_RIGHT,FASTER,True,0.03618807722395445,19.596220363056517,21.260747380000055,16.912864275691277,23.648703589226795
normal_009,normal,104,True,"(1, 0, 2, 4)",4.0,IDLE,FASTER,FASTER,False,0.13342677154318494,18.80986870556974,20.88546318046643,16.797059334251117,49.9681773346752
normal_009,normal,105,True,"(1, 0, 2, 4)",4.0,IDLE,FASTER,FASTER,False,0.13342677154318494,18.80986870556974,20.62188909245379,16.74902002483907,242.9150098571715
normal_009,normal,106,True,"(1, 0, 2, 4)",4.0,FASTER,FASTER,FASTER,False,0.13342677154318494,18.80986870556974,20.436772586195257,16.74877486691969,inf
normal_009,normal,107,True,"(1, 1, 2, 4)",5.0,SLOWER,LANE_RIGHT,FASTER,True,0.03618807722395445,19.596220363056517,21.795099539275682,16.675295906800102,13.50017661014219
normal_009,normal,108,True,"(1, 1, 2, 4)",5.0,IDLE,LANE_RIGHT,FASTER,True,0.03618807722395445,19.596220363056517,21.260755780670987,16.466895630957424,23.608323553850212
normal_009,normal,109,True,"(1, 0, 2, 4)",4.0,IDLE,FASTER,FASTER,False,0.13342677154318494,18.80986870556974,20.885469080526125,16.354592147399444,51.27393759376097
normal_009,normal,110,True,"(1, 0, 2, 4)",4.0,IDLE,FASTER,FASTER,False,0.13342677154318494,18.80986870556974,20.621893236254287,16.309959625369743,312.2948051280498
normal_009,normal,111,True,"(1, 0, 2, 4)",4.0,FASTER,FASTER,FASTER,False,0.13342677154318494,18.80986870556974,20.436775496518788,16.3130287382985,inf
normal_009,normal,112,True,"(1, 1, 2, 4)",5.0,SLOWER,LANE_RIGHT,FASTER,True,0.03618807722395445,19.596220363056517,21.795101583288915,16.242773666083735,13.320656949728637
normal_009,normal,113,True,"(1, 1, 2, 4)",5.0,IDLE,LANE_RIGHT,FASTER,True,0.03618807722395445,19.596220363056517,21.26075721624681,16.037508999235115,23.511456659883955
normal_009,normal,114,True,"(1, 0, 2, 4)",4.0,IDLE,FASTER,FASTER,False,0.13342677154318494,18.80986870556974,20.88547008877691,15.92825491439578,52.395556962056155
normal_009,normal,115,True,"(1, 0, 2, 4)",4.0,IDLE,FASTER,FASTER,False,0.13342677154318494,18.80986870556974,20.621893944381036,15.886587610519086,421.6689188637037
normal_009,normal,116,True,"(1, 0, 2, 4)",4.0,FASTER,FASTER,FASTER,False,0.13342677154318494,18.80986870556974,20.436775993858834,15.892539749882303,inf
normal_009,normal,117,True,"(1, 1, 2, 4)",5.0,SLOWER,LANE_RIGHT,FASTER,True,0.03618807722395445,19.596220363056517,21.795101932586725,15.825087459512929,13.126143323815333
normal_009,normal,118,True,"(1, 1, 2, 4)",5.0,IDLE,LANE_RIGHT,FASTER,True,0.03618807722395445,19.596220363056517,21.260757461569824,15.622547235213915,23.360863112468497
normal_009,normal,119,True,"(1, 0, 2, 4)",4.0,IDLE,FASTER,FASTER,False,0.13342677154318494,18.80986870556974,20.885470261075103,15.515941117451689,53.317471365407755
normal_009,normal,120,True,"(1, 0, 2, 4)",4.0,IDLE,FASTER,FASTER,False,0.13342677154318494,18.80986870556974,20.62189406539157,15.476847128217742,617.7610455423977
normal_009,normal,121,True,"(1, 0, 2, 4)",4.0,FASTER,FASTER,FASTER,False,0.13342677154318494,18.80986870556974,20.4367760788484,15.485299712925894,inf
normal_009,normal,122,True,"(1, 1, 2, 4)",5.0,SLOWER,LANE_RIGHT,FASTER,True,0.03618807722395445,19.596220363056517,21.795101992277612,15.420276742840883,12.918029067747733
normal_009,normal,123,True,"(1, 1, 2, 4)",5.0,IDLE,LANE_RIGHT,FASTER,True,0.03618807722395445,19.596220363056517,21.260757503492645,15.220096420166897,23.159839061921044
normal_009,normal,124,True,"(1, 0, 2, 4)",4.0,IDLE,FASTER,FASTER,False,0.13342677154318494,18.80986870556974,20.88547029051884,15.1157824550246,54.02907495356214
normal_009,normal,125,True,"(1, 0, 2, 4)",4.0,IDLE,FASTER,FASTER,False,0.13342677154318494,18.80986870556974,20.621894086070842,15.078914503401165,1066.4644370272283
normal_009,normal,126,True,"(1, 0, 2, 4)",4.0,FASTER,FASTER,FASTER,False,0.13342677154318494,18.80986870556974,20.436776093372114,15.089528610119032,inf
normal_009,normal,127,True,"(1, 1, 2, 4)",5.0,SLOWER,LANE_RIGHT,FASTER,True,0.03618807722395445,19.596220363056517,21.79510200247808,15.02660421230712,12.69766297148446
normal_009,normal,128,True,"(1, 1, 1, 4)",1.0,IDLE,IDLE,IDLE,False,,14.452112037416114,21.26075751065676,14.828461045500035,22.91202176651481
normal_009,normal,129,True,"(1, 0, 1, 4)",3.0,IDLE,IDLE,IDLE,False,0.19820880473659486,14.702112037416114,20.885470295550427,14.72612432158644,54.52485509708805
normal_009,normal,130,True,"(1, 0, 1, 4)",3.0,IDLE,IDLE,IDLE,False,0.19820880473659486,14.702112037416114,20.621894089604687,14.691175167692677,3101.8669243209547
normal_009,normal,131,True,"(1, 0, 1, 4)",3.0,FASTER,IDLE,IDLE,False,0.19820880473659486,14.702112037416114,20.436776095854047,14.703651070043179,inf
normal_009,normal,132,True,"(1, 1, 1, 4)",1.0,SLOWER,IDLE,IDLE,False,,14.452112037416114,21.79510200422122,14.642532878287625,12.46633874170064
normal_009,normal,133,True,"(1, 1, 1, 4)",1.0,IDLE,IDLE,IDLE,False,,14.452112037416114,21.260757511881025,14.44614171241426,22.621282012025087
normal_009,normal,134,True,"(1, 0, 1, 4)",3.0,IDLE,IDLE,IDLE,False,0.19820880473659486,14.702112037416114,20.885470296410265,14.3455041414785,54.80447912040459
normal_009,normal,135,True,"(1, 0, 1, 4)",3.0,FASTER,IDLE,IDLE,False,0.19820880473659486,14.702112037416114,20.621894090208585,14.312202623229723,inf
normal_009,normal,136,True,"(1, 1, 1, 3)",1.0,SLOWER,SLOWER,SLOWER,False,,7.153795466763675,21.925116288322076,14.219280063908172,10.951216548737627
normal_009,normal,137,True,"(1, 1, 1, 4)",1.0,IDLE,IDLE,IDLE,False,,14.452112037416114,21.352070699068452,14.000887463848017,19.339532341747802
normal_009,normal,138,True,"(1, 0, 1, 4)",3.0,IDLE,IDLE,IDLE,False,0.19820880473659486,14.702112037416114,20.94960246628676,13.885122866172082,43.37676781000143
normal_009,normal,139,True,"(1, 0, 1, 4)",3.0,IDLE,IDLE,IDLE,False,0.19820880473659486,14.702112037416114,20.666936162879043,13.841512208375548,383.3832129663716
normal_009,normal,140,True,"(1, 0, 1, 4)",3.0,FASTER,IDLE,IDLE,False,0.19820880473659486,14.702112037416114,20.46841058353096,13.848650193525373,inf
normal_009,normal,141,True,"(1, 1, 1, 3)",1.0,SLOWER,SLOWER,SLOWER,False,,7.153795466763675,21.81731991600528,13.784504988705976,11.642886654959971
normal_009,normal,142,True,"(1, 1, 1, 4)",1.0,IDLE,IDLE,IDLE,False,,14.452112037416114,21.27636186144678,13.586687092971488,21.170584111905328
normal_009,normal,143,True,"(1, 0, 1, 4)",3.0,IDLE,IDLE,IDLE,False,0.19820880473659486,14.702112037416114,20.89642972985014,13.485724590492055,51.73556896996883
normal_009,normal,144,True,"(1, 0, 1, 4)",3.0,FASTER,IDLE,IDLE,False,0.19820880473659486,14.702112037416114,20.629591250594338,13.452850432829223,inf
normal_009,normal,145,True,"(1, 1, 1, 3)",1.0,SLOWER,SLOWER,SLOWER,False,,7.153795466763675,21.930522250074485,13.36086264155847,10.337030922519133
normal_009,normal,146,True,"(1, 1, 1, 4)",1.0,IDLE,IDLE,IDLE,False,,14.452112037416114,21.35586747879031,13.143740800650448,18.33653703099526
normal_009,normal,147,True,"(1, 0, 1, 4)",3.0,IDLE,IDLE,IDLE,False,0.19820880473659486,14.702112037416114,20.952269066036543,13.02946312549227,41.73716642574604
normal_009,normal,148,True,"(1, 0, 1, 4)",3.0,IDLE,IDLE,IDLE,False,0.19820880473659486,14.702112037416114,20.66880900111208,12.987471947899735,468.4599483574451
normal_009,normal,149,True,"(1, 0, 1, 4)",3.0,FASTER,IDLE,IDLE,False,0.19820880473659486,14.702112037416114,20.469725937680913,12.996303795093695,inf
normal_009,normal,150,True,"(1, 1, 1, 3)",1.0,SLOWER,SLOWER,SLOWER,False,,7.153795466763675,21.818243731265607,12.93388650862937,11.005077196847838
normal_012,normal,0,True,"(2, 2, 4, 4)",4.0,IDLE,IDLE,FASTER,True,0.023417575946680813,22.68165850929806,25.0,99.72753316667254,62.621580299516346
normal_012,normal,1,True,"(2, 2, 4, 4)",4.0,IDLE,IDLE,FASTER,True,0.023417575946680813,22.68165850929806,25.0,99.40795895691224,61.80703041939983
normal_012,normal,2,True,"(2, 2, 4, 4)",4.0,IDLE,IDLE,FASTER,True,0.023417575946680813,22.68165850929806,25.0,99.08527032055568,61.03357676068966
normal_012,normal,3,True,"(2, 2, 4, 4)",4.0,IDLE,IDLE,FASTER,True,0.023417575946680813,22.68165850929806,25.0,98.75960830989794,60.297485148059565
normal_012,normal,4,True,"(2, 2, 4, 4)",4.0,IDLE,IDLE,FASTER,True,0.023417575946680813,22.68165850929806,25.0,98.43003959791062,59.02403029607639
normal_012,normal,5,True,"(2, 2, 4, 4)",4.0,IDLE,IDLE,FASTER,True,0.023417575946680813,22.68165850929806,25.0,98.08565195438683,53.6788324470166
normal_012,normal,6,True,"(2, 2, 4, 4)",4.0,IDLE,IDLE,FASTER,True,0.023417575946680813,22.68165850929806,25.0,97.71041865304161,49.62646589049274
normal_012,normal,7,True,"(2, 2, 4, 4)",4.0,IDLE,IDLE,FASTER,True,0.023417575946680813,22.68165850929806,25.0,97.30829744684394,46.562634137811195
normal_012,normal,8,True,"(2, 2, 4, 4)",4.0,IDLE,IDLE,FASTER,True,0.023417575946680813,22.68165850929806,25.0,96.88316334131898,44.15791164432235
normal_012,normal,9,True,"(2, 2, 4, 4)",4.0,IDLE,IDLE,FASTER,True,0.023417575946680813,22.68165850929806,25.0,96.43813603602541,42.21122430742531
normal_012,normal,10,True,"(2, 2, 4, 4)",4.0,IDLE,IDLE,FASTER,True,0.023417575946680813,22.68165850929806,25.0,95.9757583912506,40.582332517269904
normal_012,normal,11,True,"(2, 2, 4, 4)",4.0,IDLE,IDLE,FASTER,True,0.023417575946680813,22.68165850929806,25.0,95.4975831600118,39.1037829981788
normal_012,normal,12,True,"(2, 2, 4, 4)",4.0,IDLE,IDLE,FASTER,True,0.023417575946680813,22.68165850929806,25.0,95.00414417026735,37.75109818718711
normal_012,normal,13,True,"(2, 2, 4, 4)",4.0,IDLE,IDLE,FASTER,True,0.023417575946680813,22.68165850929806,25.0,94.49602916792992,36.516249433130284
normal_012,normal,14,True,"(2, 2, 4, 4)",4.0,IDLE,IDLE,FASTER,True,0.023417575946680813,22.68165850929806,25.0,93.97390816432488,35.388953719897984
normal_012,normal,15,True,"(2, 2, 4, 4)",4.0,IDLE,IDLE,FASTER,True,0.023417575946680813,22.68165850929806,25.0,93.43849126052396,34.358290395103175
normal_012,normal,16,True,"(2, 2, 4, 4)",4.0,IDLE,IDLE,FASTER,True,0.023417575946680813,22.68165850929806,25.0,92.89049998085704,33.413711399268166
normal_012,normal,17,True,"(2, 2, 4, 4)",4.0,IDLE,IDLE,FASTER,True,0.023417575946680813,22.68165850929806,25.0,92.33064899271142,32.5454919879668
normal_012,normal,18,True,"(2, 2, 4, 4)",4.0,IDLE,IDLE,FASTER,True,0.023417575946680813,22.68165850929806,25.0,91.75963449401485,31.74487756576485
normal_012,normal,19,True,"(2, 2, 4, 4)",4.0,IDLE,IDLE,FASTER,True,0.023417575946680813,22.68165850929806,25.0,91.17812683952502,31.00408511739468
normal_012,normal,20,True,"(2, 2, 4, 4)",4.0,IDLE,IDLE,FASTER,True,0.023417575946680813,22.68165850929806,25.0,90.58676594880791,30.316240952458354
normal_012,normal,21,True,"(2, 2, 4, 4)",4.0,IDLE,IDLE,FASTER,True,0.023417575946680813,22.68165850929806,25.0,89.98615860864129,29.675294546092815
normal_012,normal,22,True,"(2, 2, 4, 4)",4.0,IDLE,IDLE,FASTER,True,0.023417575946680813,22.68165850929806,25.0,89.3768771028873,29.075927379700584
normal_012,normal,23,True,"(2, 2, 4, 4)",4.0,IDLE,IDLE,FASTER,True,0.023417575946680813,22.68165850929806,25.0,88.75945878829089,28.513465486232313
normal_012,normal,24,True,"(2, 2, 4, 4)",4.0,IDLE,IDLE,FASTER,True,0.023417575946680813,22.68165850929806,25.0,88.1344063483495,27.98379939437686
normal_012,normal,25,True,"(2, 2, 4, 4)",4.0,IDLE,IDLE,FASTER,True,0.023417575946680813,22.68165850929806,25.0,87.50218853148431,27.48331268856215
normal_012,normal,26,True,"(2, 2, 4, 4)",4.0,IDLE,IDLE,FASTER,True,0.023417575946680813,22.68165850929806,25.0,86.86324123056141,27.00881918771604
normal_012,normal,27,True,"(2, 2, 4, 4)",4.0,IDLE,IDLE,FASTER,True,0.023417575946680813,22.68165850929806,25.0,86.21796879699747,26.557508177353462
normal_012,normal,28,True,"(2, 2, 4, 4)",4.0,IDLE,IDLE,FASTER,True,0.023417575946680813,22.68165850929806,25.0,85.5667455091351,26.126896896144977
normal_012,normal,29,True,"(2, 2, 4, 4)",4.0,IDLE,IDLE,FASTER,True,0.023417575946680813,22.68165850929806,25.0,84.9099171342491,25.714789418314282
normal_012,normal,30,True,"(2, 2, 4, 4)",4.0,IDLE,IDLE,FASTER,True,0.023417575946680813,22.68165850929806,25.0,84.24780253836508,25.31924110092365
normal_012,normal,31,True,"(2, 2, 4, 4)",4.0,IDLE,IDLE,FASTER,True,0.023417575946680813,22.68165850929806,25.0,83.58069530933687,24.93852783370455
normal_012,normal,32,True,"(2, 2, 4, 4)",4.0,IDLE,IDLE,FASTER,True,0.023417575946680813,22.68165850929806,25.0,82.90886536725662,24.571119413303155
normal_012,normal,33,True,"(2, 2, 4, 4)",4.0,IDLE,IDLE,FASTER,True,0.023417575946680813,22.68165850929806,25.0,82.23256054291357,24.215656450184245
normal_012,normal,34,True,"(2, 2, 4, 4)",4.0,IDLE,IDLE,FASTER,True,0.023417575946680813,22.68165850929806,25.0,81.55200811016266,23.87093029815719
normal_012,normal,35,True,"(2, 2, 4, 4)",4.0,IDLE,IDLE,FASTER,True,0.023417575946680813,22.68165850929806,25.0,80.86741626205924,23.535865570441295
normal_012,normal,36,True,"(2, 2, 4, 4)",4.0,IDLE,IDLE,FASTER,True,0.023417575946680813,22.68165850929806,25.0,80.17897552373472,23.209504871335795
normal_012,normal,37,True,"(2, 2, 4, 4)",4.0,IDLE,IDLE,FASTER,True,0.023417575946680813,22.68165850929806,25.0,79.48686009742141,22.890995428948052
normal_012,normal,38,True,"(2, 2, 4, 4)",4.0,IDLE,IDLE,FASTER,True,0.023417575946680813,22.68165850929806,25.0,78.79122913693925,22.57957736267571
normal_012,normal,39,True,"(2, 2, 4, 4)",4.0,IDLE,IDLE,FASTER,True,0.023417575946680813,22.68165850929806,25.0,78.0922279504428,22.274573360078268
normal_012,normal,40,True,"(2, 2, 4, 4)",4.0,IDLE,IDLE,FASTER,True,0.023417575946680813,22.68165850929806,25.0,77.38998913138414,21.97537957232931
normal_012,normal,41,True,"(2, 2, 4, 4)",4.0,IDLE,IDLE,FASTER,True,0.023417575946680813,22.68165850929806,25.0,76.68463361854305,21.68145756649933
normal_012,normal,42,True,"(2, 2, 4, 4)",4.0,IDLE,IDLE,FASTER,True,0.023417575946680813,22.68165850929806,25.0,75.97627168666304,21.39232719730071
normal_012,normal,43,True,"(2, 2, 4, 4)",4.0,IDLE,IDLE,FASTER,True,0.023417575946680813,22.68165850929806,25.0,75.26500386974868,21.107560281355436
normal_012,normal,44,True,"(2, 2, 4, 4)",4.0,IDLE,IDLE,FASTER,True,0.023417575946680813,22.68165850929806,25.0,74.55092181946719,20.826774974160173
normal_012,normal,45,True,"(2, 2, 4, 4)",4.0,IDLE,IDLE,FASTER,True,0.023417575946680813,22.68165850929806,25.0,73.83410910136666,20.549630764259188
normal_012,normal,46,True,"(2, 2, 4, 4)",4.0,IDLE,IDLE,FASTER,True,0.023417575946680813,22.68165850929806,25.0,73.11464193181467,20.27582401116272
normal_012,normal,47,True,"(2, 2, 4, 4)",4.0,IDLE,IDLE,FASTER,True,0.023417575946680813,22.68165850929806,25.0,72.39258985867184,20.005083963647646
normal_012,normal,48,True,"(2, 2, 4, 4)",4.0,IDLE,IDLE,FASTER,True,0.023417575946680813,22.68165850929806,25.0,71.66801638877376,19.737169203579626
normal_012,normal,49,True,"(2, 2, 4, 4)",4.0,IDLE,IDLE,FASTER,True,0.023417575946680813,22.68165850929806,25.0,70.94097956530413,19.471864467570548
normal_012,normal,50,True,"(2, 2, 4, 4)",4.0,IDLE,IDLE,FASTER,True,0.023417575946680813,22.68165850929806,25.0,70.21153249811613,19.208977804858492
normal_012,normal,51,True,"(2, 2, 4, 4)",4.0,IDLE,IDLE,FASTER,True,0.023417575946680813,22.68165850929806,25.0,69.47972385000105,18.94833803495651
normal_012,normal,52,True,"(2, 2, 4, 4)",4.0,IDLE,IDLE,FASTER,True,0.023417575946680813,22.68165850929806,25.0,68.74559828182652,18.68979247301624
normal_012,normal,53,True,"(2, 2, 4, 4)",4.0,IDLE,IDLE,FASTER,True,0.023417575946680813,22.68165850929806,25.0,68.00919685936708,18.433204894620374
normal_012,normal,54,True,"(2, 2, 4, 4)",4.0,IDLE,IDLE,FASTER,True,0.023417575946680813,22.68165850929806,25.0,67.27055742454189,18.178453714958955
normal_012,normal,55,True,"(2, 2, 4, 4)",4.0,IDLE,IDLE,FASTER,True,0.023417575946680813,22.68165850929806,25.0,66.52971493365396,17.925430360146855
normal_012,normal,56,True,"(2, 2, 4, 4)",4.0,IDLE,IDLE,FASTER,True,0.023417575946680813,22.68165850929806,25.0,65.78670176509974,17.6740378108719
normal_012,normal,57,True,"(2, 2, 4, 4)",4.0,IDLE,IDLE,FASTER,True,0.023417575946680813,22.68165850929806,25.0,65.04154799888784,17.42418930068679
normal_012,normal,58,True,"(2, 2, 4, 4)",4.0,IDLE,IDLE,FASTER,True,0.023417575946680813,22.68165850929806,25.0,64.29428167017767,17.175807153119596
normal_012,normal,59,True,"(2, 2, 4, 4)",4.0,IDLE,IDLE,FASTER,True,0.023417575946680813,22.68165850929806,25.0,63.544928998912724,16.928821743415835
normal_012,normal,60,True,"(2, 2, 4, 4)",4.0,IDLE,IDLE,FASTER,True,0.023417575946680813,22.68165850929806,25.0,62.79351459749938,16.68317057217622
normal_012,normal,61,True,"(2, 2, 4, 4)",4.0,IDLE,IDLE,FASTER,True,0.023417575946680813,22.68165850929806,25.0,62.04006165835233,16.43879743944107
normal_012,normal,62,True,"(2, 2, 4, 4)",4.0,IDLE,IDLE,FASTER,True,0.023417575946680813,22.68165850929806,25.0,61.2845921230068,16.19565170892029
normal_012,normal,63,True,"(2, 2, 4, 4)",4.0,IDLE,IDLE,FASTER,True,0.023417575946680813,22.68165850929806,25.0,60.527126834377555,15.953687653092674
normal_012,normal,64,True,"(2, 2, 3, 4)",1.0,IDLE,IDLE,IDLE,False,,15.340180517323802,25.0,59.76768567363308,15.712863870819792
normal_012,normal,65,True,"(2, 2, 3, 4)",1.0,IDLE,IDLE,IDLE,False,,15.340180517323802,25.0,59.00628768304341,15.473142769944763
normal_012,normal,66,True,"(2, 2, 3, 4)",1.0,IDLE,IDLE,IDLE,False,,15.340180517323802,25.0,58.24295117605732,15.234490108091387
normal_012,normal,67,True,"(2, 2, 3, 4)",1.0,IDLE,IDLE,IDLE,False,,15.340180517323802,25.0,57.47769383576804,14.996874585550747
normal_012,normal,68,True,"(2, 2, 3, 4)",1.0,IDLE,IDLE,IDLE,False,,15.340180517323802,25.0,56.71053280283377,14.76026748474828
normal_012,normal,69,True,"(2, 2, 3, 4)",1.0,IDLE,IDLE,IDLE,False,,15.340180517323802,25.0,55.9414847538344,14.524642351332874
normal_012,normal,70,True,"(2, 2, 3, 4)",1.0,IDLE,IDLE,IDLE,False,,15.340180517323802,25.0,55.170565970961775,14.28997471242462
normal_012,normal,71,True,"(2, 2, 3, 4)",1.0,IDLE,IDLE,IDLE,False,,15.340180517323802,25.0,54.39779240387179,14.056241828007698
normal_012,normal,72,True,"(2, 2, 3, 4)",1.0,IDLE,IDLE,IDLE,False,,15.340180517323802,25.0,53.62317972444862,13.823422471859148
normal_012,normal,73,True,"(2, 2, 3, 4)",1.0,IDLE,IDLE,IDLE,False,,15.340180517323802,25.0,52.84674337517322,13.591496738772948
normal_012,normal,74,True,"(2, 2, 3, 4)",1.0,IDLE,IDLE,IDLE,False,,15.340180517323802,25.0,52.06849861172191,13.360445875169889
normal_012,normal,75,True,"(2, 2, 3, 4)",1.0,IDLE,IDLE,IDLE,False,,15.340180517323802,25.0,51.28846054037081,13.130252130485118
normal_012,normal,76,True,"(2, 2, 3, 4)",1.0,IDLE,IDLE,IDLE,False,,15.340180517323802,25.0,50.50664415072458,12.900898626995449
normal_012,normal,77,True,"(2, 2, 3, 4)",1.0,IDLE,IDLE,IDLE,False,,15.340180517323802,25.0,49.723064344244904,12.672369245994698
normal_012,normal,78,True,"(2, 2, 3, 4)",1.0,IDLE,IDLE,IDLE,False,,15.340180517323802,25.0,48.93773595900859,12.444648528445864
normal_012,normal,79,True,"(2, 2, 3, 4)",1.0,IDLE,IDLE,IDLE,False,,15.340180517323802,25.0,48.15067379108416,12.217721588438144
normal_012,normal,80,True,"(2, 2, 3, 3)",1.0,IDLE,IDLE,IDLE,False,,16.269888459937178,25.0,47.36189261288257,11.991574037957337
normal_012,normal,81,True,"(2, 2, 3, 3)",1.0,IDLE,IDLE,IDLE,False,,16.269888459937178,25.0,46.571407188799526,11.766191921638558
normal_012,normal,82,True,"(2, 2, 3, 3)",1.0,IDLE,IDLE,IDLE,False,,16.269888459937178,25.0,45.779232288439516,11.5415616603163
normal_012,normal,83,True,"(2, 2, 3, 3)",1.0,IDLE,IDLE,IDLE,False,,16.269888459937178,25.0,44.98538269768312,11.317670002317563
normal_012,normal,84,True,"(2, 2, 3, 3)",1.0,IDLE,IDLE,IDLE,False,,16.269888459937178,25.0,44.18987322783221,11.09450398156003
normal_012,normal,85,True,"(2, 2, 3, 3)",1.0,IDLE,IDLE,IDLE,False,,16.269888459937178,25.0,43.39271872304653,10.87205088162318
normal_012,normal,86,True,"(2, 2, 3, 3)",1.0,IDLE,IDLE,IDLE,False,,16.269888459937178,25.0,42.593934066261454,10.650298205053408
normal_012,normal,87,True,"(2, 2, 3, 3)",1.0,IDLE,IDLE,IDLE,False,,16.269888459937178,25.0,41.793534183761494,10.429233647249315
normal_012,normal,88,True,"(2, 2, 3, 3)",1.0,IDLE,IDLE,IDLE,False,,16.269888459937178,25.0,40.991534048562016,10.208845074347158
normal_012,normal,89,True,"(2, 2, 3, 3)",1.0,IDLE,IDLE,IDLE,False,,16.269888459937178,25.0,40.18794868273926,9.98912050459453
normal_012,normal,90,True,"(2, 2, 3, 3)",1.0,IDLE,IDLE,IDLE,False,,16.269888459937178,25.0,39.3827931588346,9.770048092760032
normal_012,normal,91,True,"(2, 2, 3, 3)",1.0,IDLE,IDLE,IDLE,False,,16.269888459937178,25.0,38.576082600442874,9.55161611717914
normal_012,normal,92,True,"(2, 2, 3, 3)",1.0,IDLE,IDLE,IDLE,False,,16.269888459937178,25.0,37.76783218208709,9.333812969084972
normal_012,normal,93,True,"(2, 2, 3, 3)",1.0,IDLE,IDLE,IDLE,False,,16.269888459937178,25.0,36.95805712846891,9.116627143914078
normal_012,normal,94,True,"(2, 2, 3, 3)",1.0,IDLE,IDLE,IDLE,False,,16.269888459937178,25.0,36.14677271317498,8.900047234314851
normal_012,normal,95,True,"(2, 2, 3, 3)",1.0,IDLE,IDLE,IDLE,False,,16.269888459937178,25.0,35.33399425691164,8.684061924619652
normal_012,normal,96,True,"(2, 2, 3, 3)",1.0,IDLE,IDLE,IDLE,False,,16.269888459937178,25.0,34.51973712533197,8.46865998657082
normal_012,normal,97,True,"(2, 2, 3, 3)",1.0,IDLE,IDLE,IDLE,False,,16.269888459937178,25.0,33.70401672651349,8.253830276117021
normal_012,normal,98,True,"(2, 2, 3, 3)",1.0,IDLE,IDLE,IDLE,False,,16.269888459937178,25.0,32.88684850813593,8.039561731118994
normal_012,normal,99,True,"(2, 2, 3, 3)",1.0,IDLE,IDLE,IDLE,False,,16.269888459937178,25.0,32.068247954407184,7.825843369824781
normal_012,normal,100,True,"(2, 2, 3, 3)",1.0,IDLE,IDLE,IDLE,False,,16.269888459937178,25.0,31.2482305827765,7.612664289991869
normal_012,normal,101,True,"(2, 2, 3, 3)",1.0,IDLE,IDLE,IDLE,False,,16.269888459937178,25.0,30.426811940471566,7.400013668549545
normal_012,normal,102,True,"(2, 2, 2, 3)",4.0,IDLE,LANE_LEFT,FASTER,True,0.04067977017051305,20.972701940737792,25.0,29.604007600892146,7.187880761709121
normal_012,normal,103,True,"(2, 2, 2, 3)",4.0,IDLE,LANE_LEFT,FASTER,True,0.04067977017051305,20.972701940737792,25.0,28.779833159887744,6.9762549054413725
normal_012,normal,104,True,"(2, 2, 2, 3)",4.0,IDLE,LANE_LEFT,FASTER,True,0.04067977017051305,20.972701940737792,25.0,27.954304231947276,6.765125516252079
normal_012,normal,105,True,"(2, 2, 2, 3)",4.0,IDLE,LANE_LEFT,FASTER,True,0.04067977017051305,20.972701940737792,25.0,27.127436446320075,6.554482092194885
normal_012,normal,106,True,"(2, 2, 2, 3)",4.0,IDLE,LANE_LEFT,FASTER,True,0.04067977017051305,20.972701940737792,25.0,26.299245443090967,6.344314214070223
normal_012,normal,107,True,"(2, 2, 2, 3)",4.0,IDLE,LANE_LEFT,FASTER,True,0.04067977017051305,20.972701940737792,25.0,25.469746869224764,6.134611546765199
normal_012,normal,108,True,"(2, 2, 2, 2)",2.0,IDLE,SLOWER,SLOWER,False,0.167488508622057,14.848589976352557,25.0,24.638956374598934,5.9253638406969005
normal_012,normal,109,True,"(2, 2, 2, 2)",2.0,IDLE,SLOWER,SLOWER,False,0.167488508622057,14.848589976352557,25.0,23.806889608034567,5.716560933325635
normal_012,normal,110,True,"(2, 2, 2, 2)",2.0,IDLE,SLOWER,SLOWER,False,0.167488508622057,14.848589976352557,25.0,22.973562213340983,5.508192750710967
normal_012,normal,111,True,"(2, 2, 2, 2)",2.0,IDLE,SLOWER,SLOWER,False,0.167488508622057,14.848589976352557,25.0,22.138989825382737,5.300249309086534
normal_012,normal,112,True,"(2, 2, 2, 2)",2.0,SLOWER,SLOWER,SLOWER,False,0.167488508622057,14.848589976352557,25.0,21.303188066179473,5.092720716433928
normal_012,normal,113,True,"(2, 1, 2, 3)",3.0,IDLE,FASTER,FASTER,False,0.3534723306966612,14.84669673483181,23.511659807956104,20.573168425820313,7.61759602783413
normal_012,normal,114,True,"(2, 1, 2, 4)",4.0,IDLE,LANE_LEFT,LANE_LEFT,False,0.09944470694155427,14.36127424566746,22.46635092136286,20.10776938760182,12.10310324686188
normal_012,normal,115,True,"(2, 1, 2, 4)",4.0,IDLE,LANE_LEFT,LANE_LEFT,False,0.09944470694155427,14.36127424566746,21.732197080573094,19.82788075626229,21.249914383860517
normal_012,normal,116,True,"(2, 1, 2, 4)",4.0,IDLE,LANE_LEFT,LANE_LEFT,False,0.09944470694155427,14.36127424566746,21.216577373461487,19.677945517083913,46.49308779325684
normal_012,normal,117,True,"(2, 0, 2, 4)",3.0,IDLE,FASTER,FASTER,False,0.20873117454820544,14.626320409781997,20.8544411731307,19.618948794882613,293.63224755009276
normal_012,normal,118,True,"(2, 0, 2, 4)",3.0,FASTER,FASTER,FASTER,False,0.20873117454820544,14.626320409781997,20.600101345189188,19.62349377481121,inf
normal_012,normal,119,True,"(2, 1, 2, 4)",4.0,SLOWER,LANE_LEFT,LANE_LEFT,False,0.09944470694155427,14.36127424566746,21.90981054696415,19.565347478395438,17.263053826242285
normal_012,normal,120,True,"(2, 1, 2, 4)",4.0,IDLE,LANE_LEFT,LANE_LEFT,False,0.09944470694155427,14.36127424566746,21.341320987716934,19.379176616246696,33.97762081508823
normal_012,normal,121,True,"(2, 0, 2, 4)",3.0,IDLE,FASTER,FASTER,False,0.20873117454820544,14.626320409781997,20.94205260042671,19.29344848779317,109.32269044344778
normal_012,normal,122,True,"(2, 0, 2, 4)",3.0,FASTER,FASTER,FASTER,False,0.20873117454820544,14.626320409781997,20.6616336507798,19.277955343413964,inf
normal_012,normal,123,True,"(2, 1, 2, 4)",4.0,SLOWER,LANE_LEFT,LANE_LEFT,False,0.09944470694155427,14.36127424566746,21.953026651850834,19.20448993007085,16.030127258740926
normal_012,normal,124,True,"(2, 1, 2, 4)",4.0,IDLE,LANE_LEFT,LANE_LEFT,False,0.09944470694155427,14.36127424566746,21.37167303943433,19.0063322934119,30.564568604478573
normal_012,normal,125,True,"(2, 0, 2, 4)",3.0,IDLE,FASTER,FASTER,False,0.20873117454820544,14.626320409781997,20.963369816447702,18.910975761402824,86.4959823294767
normal_012,normal,126,True,"(2, 0, 2, 4)",3.0,FASTER,FASTER,FASTER,False,0.20873117454820544,14.626320409781997,20.67660541292349,18.88752845739691,inf
normal_012,normal,127,True,"(2, 1, 2, 4)",4.0,SLOWER,LANE_LEFT,LANE_LEFT,False,0.09944470694155427,14.36127424566746,21.96354179892569,18.807302565043983,15.305772326230862
normal_012,normal,128,True,"(2, 1, 2, 4)",4.0,IDLE,LANE_LEFT,LANE_LEFT,False,0.09944470694155427,14.36127424566746,21.379058163305835,18.60324053278964,28.657436516634284
normal_012,normal,129,True,"(2, 0, 2, 4)",3.0,IDLE,FASTER,FASTER,False,0.20873117454820544,14.626320409781997,20.968556624982977,18.502598497974873,76.00018003851565
normal_012,normal,130,True,"(2, 0, 2, 4)",3.0,FASTER,FASTER,FASTER,False,0.20873117454820544,14.626320409781997,20.680248274336467,18.47431790909002,inf
normal_012,normal,131,True,"(2, 1, 2, 4)",4.0,SLOWER,LANE_LEFT,LANE_LEFT,False,0.09944470694155427,14.36127424566746,21.96610029692767,18.389593797510543,14.707305048022489
normal_012,normal,132,True,"(2, 1, 2, 4)",4.0,IDLE,LANE_LEFT,LANE_LEFT,False,0.09944470694155427,14.36127424566746,21.380855078226293,18.181286237922677,27.148278326322178
normal_012,normal,133,True,"(2, 0, 2, 4)",3.0,IDLE,FASTER,FASTER,False,0.20873117454820544,14.626320409781997,20.96981865576387,18.076593417290155,68.68762495434183
normal_012,normal,134,True,"(2, 0, 2, 4)",3.0,FASTER,FASTER,FASTER,False,0.20873117454820544,14.626320409781997,20.6811346388904,18.044415984467378,inf
normal_012,normal,135,True,"(2, 1, 2, 4)",4.0,SLOWER,LANE_LEFT,LANE_LEFT,False,0.09944470694155427,14.36127424566746,21.966722819083518,17.95592021422874,14.151134264067107
normal_012,normal,136,True,"(2, 1, 2, 4)",4.0,IDLE,LANE_LEFT,LANE_LEFT,False,0.09944470694155427,14.36127424566746,21.38129229543314,17.743945880486763,25.800871586006092
normal_012,normal,137,True,"(2, 0, 2, 4)",3.0,IDLE,FASTER,FASTER,False,0.20873117454820544,14.626320409781997,20.9701257273824,17.63567680594599,62.809944485957594
normal_012,normal,138,True,"(2, 0, 2, 4)",3.0,FASTER,FASTER,FASTER,False,0.20873117454820544,14.626320409781997,20.68135030510259,17.600003442420302,inf
normal_012,normal,139,True,"(2, 1, 2, 4)",4.0,SLOWER,LANE_LEFT,LANE_LEFT,False,0.09944470694155427,14.36127424566746,21.966874288357374,17.50808479232421,13.616988856347522
normal_012,normal,140,True,"(2, 1, 2, 4)",4.0,IDLE,LANE_LEFT,LANE_LEFT,False,0.09944470694155427,14.36127424566746,21.38139867714537,17.292755409310644,24.553596716314853
normal_012,normal,141,True,"(2, 0, 2, 4)",3.0,IDLE,FASTER,FASTER,False,0.20873117454820544,14.626320409781997,20.970200442659024,17.181195335178586,57.843797659793616
normal_012,normal,142,True,"(2, 0, 2, 4)",3.0,IDLE,FASTER,FASTER,False,0.20873117454820544,14.626320409781997,20.681402780029384,17.14229224992937,1416.6097089323023
normal_012,normal,143,True,"(2, 0, 2, 4)",3.0,FASTER,FASTER,FASTER,False,0.20873117454820544,14.626320409781997,20.478570951131747,17.154198975936197,inf
normal_012,normal,144,True,"(2, 1, 2, 4)",4.0,SLOWER,LANE_LEFT,LANE_LEFT,False,0.09944470694155427,14.36127424566746,21.82445586691283,17.094579625902952,14.702576075435548
normal_012,normal,145,True,"(2, 1, 2, 4)",4.0,IDLE,LANE_LEFT,LANE_LEFT,False,0.09944470694155427,14.36127424566746,21.2813736678455,16.90083734977361,27.115994048659154
normal_012,normal,146,True,"(2, 0, 2, 4)",3.0,IDLE,FASTER,FASTER,False,0.20873117454820544,14.626320409781997,20.89994968166927,16.80336070808562,68.45731658691501
normal_012,normal,147,True,"(2, 0, 2, 4)",3.0,FASTER,FASTER,FASTER,False,0.20873117454820544,14.626320409781997,20.63206342526017,16.77329067187452,inf
normal_012,normal,148,True,"(2, 1, 2, 4)",4.0,SLOWER,LANE_LEFT,LANE_LEFT,False,0.09944470694155427,14.36127424566746,21.932258537356937,16.68336658116084,12.985454917485889
normal_012,normal,149,True,"(2, 1, 2, 4)",4.0,IDLE,LANE_LEFT,LANE_LEFT,False,0.09944470694155427,14.36127424566746,21.357086928843284,16.467532634042072,23.095871087213677
normal_012,normal,150,True,"(2, 0, 2, 4)",3.0,IDLE,FASTER,FASTER,False,0.20873117454820544,14.626320409781997,20.953125524784312,16.353747930904092,52.35079613276462
