model,iteration,max_change,max_abs_q
clean,1,0.9996803893098617,0.9996803893098617
clean,2,0.9890435423422946,1.9884632155233135
clean,3,0.9791531069188717,2.9672305304149993
clean,4,0.9693615758496832,3.936592106264682
clean,5,0.9596679600911862,4.896260066355868
clean,6,0.950071280490274,5.846331346846142
clean,7,0.9405705676853717,6.786901914531513
clean,8,0.9311648620085169,7.71806677654003
clean,9,0.9218532133884336,8.639919989928464
clean,10,0.9126346812545503,9.552554671183012
clean,11,0.9035083344420034,10.456063005625014
clean,12,0.8944732510975832,11.350536256722597
clean,13,0.8855285185866073,12.236064775309204
clean,14,0.8766732334007408,13.112738008709945
clean,15,0.8679065010667344,13.98064450977668
clean,16,0.8592274360560666,14.839871945832746
clean,17,0.8506351616955072,15.690507107528253
clean,18,0.8421288100785524,16.5326359176068
clean,19,0.8337075219777681,17.36634343958457
clean,20,0.8253704467579936,18.191713886342555
clean,21,0.8171167422904091,19.008830628632964
clean,22,0.8089455748675078,19.81777620350047
clean,23,0.8008561191188264,20.618632322619295
clean,24,0.7928475579276402,21.411479880546935
clean,25,0.7849190823483667,22.196398962895298
clean,26,0.7770698915248815,22.973468854420176
clean,27,0.7692991926096333,23.74276804702981
clean,28,0.7616062006835378,24.504374247713347
clean,29,0.7539901386766985,25.258364386390046
clean,30,0.7464502372899346,26.00481462367998
clean,31,0.7389857349170299,26.74380035859701
clean,32,0.7315958775678624,27.475396236164872
clean,33,0.7242799187921847,28.199676154957057
clean,34,0.7170371196042673,28.91671327456132
clean,35,0.7098667484082171,29.626580022969538
clean,36,0.702768080924141,30.32934810389368
clean,37,0.6957404001149001,31.025088504008576
clean,38,0.6887829961137477,31.713871500122323
clean,39,0.6818951661526143,32.39576666627493
clean,40,0.6750762144910851,33.070842880766016
clean,41,0.668325452346167,33.73916833311218
clean,42,0.6616421978227152,34.4008105309349
clean,43,0.6550257758444786,35.055836306779376
clean,44,0.6484755180860304,35.70431182486541
clean,45,0.6419907629051806,36.34630258777059
clean,46,0.6355708552761286,36.981873443046716
clean,47,0.629215146723368,37.611088589770084
clean,48,0.6229229952561326,38.23401158502622
clean,49,0.616693765303566,38.85070535032978
clean,50,0.6105268276505313,39.461232177980314
clean,51,0.6044215593740319,40.065653737354346
clean,52,0.5983773437802853,40.66403108113463
clean,53,0.5923935703424803,41.25642465147711
clean,54,0.5864696346390588,41.84289428611617
clean,55,0.5806049382926659,42.423499224408836
clean,56,0.5747988889097471,42.99829811331858
clean,57,0.5690509000206561,43.56734901333923
clean,58,0.5633603910204386,44.13070940435967
clean,59,0.5577267871102407,44.68843619146991
clean,60,0.552149519239137,45.24058571070905
clean,61,0.5466280240467469,45.787213734755795
clean,62,0.5411617438062848,46.328375478562066
clean,63,0.5357501263682138,46.86412560493028
clean,64,0.5303926251045397,47.394518230034805
clean,65,0.5250886988534873,47.91960692888829
clean,66,0.5198378118649458,48.43944474075324
clean,67,0.5146394337463036,48.95408417449954
clean,68,0.5094930394088379,49.46357721390837
clean,69,0.504398109014744,49.96797532292312
clean,70,0.49935412792460454,50.46732945084772
clean,71,0.49436058664535665,50.96169003749308
clean,72,0.4894169807789055,51.45110701827198
clean,73,0.4845228109711215,51.93562982924309
clean,74,0.47967758286139883,52.41530741210449
clean,75,0.4748808070327897,52.89018821913728
clean,76,0.47013199896245794,53.36032021809974
clean,77,0.46543067897283663,53.82575089707257
clean,78,0.46077637218311196,54.28652726925568
clean,79,0.45616860846127594,54.742695877716955
clean,80,0.4516069223766692,55.19430280009362
clean,81,0.44709085315290054,55.64139365324652
clean,82,0.4426199446213701,56.08401359786789
clean,83,0.4381937451751554,56.52220734304304
clean,84,0.43381180772340144,56.956019150766444
clean,85,0.42947368964617283,57.38549284041261
clean,86,0.42517895274971096,57.81067179316232
clean,87,0.4209271632222027,58.23159895638452
clean,88,0.4167178915899896,58.64831684797451
clean,89,0.41255071267408994,59.0608675606486
clean,90,0.40842520554735273,59.46929276619594
clean,91,0.40434095349186805,59.87363371968781
clean,92,0.4002975439569596,60.27393126364476
clean,93,0.39629456851738354,60.670225832162146
clean,94,0.39233162283221645,61.06255745499436
clean,95,0.3884083066038926,61.45096576159825
clean,96,0.3845242235378521,61.8354899851361
clean,97,0.3806789813024736,62.21616896643857
clean,98,0.37687219148945417,62.59304115792802
clean,99,0.373103469574545,62.966144627502565
clean,100,0.36937243487881233,63.33551706238137
clean,101,0.36567871053001255,63.70119577291138
clean,102,0.36202192342471307,64.0632176963361
clean,103,0.3584017041904701,64.42161940052657
clean,104,0.354817687148568,64.77643708767513
clean,105,0.35126951027707776,65.12770659795221
clean,106,0.3477568151743071,65.47546341312652
clean,107,0.34427924702256973,65.81974266014909
clean,108,0.34083645455234546,66.16057911470143
clean,109,0.3374280900068243,66.49800720470826
clean,110,0.33405380910674864,66.83206101381501
clean,111,0.33071327101568215,67.16277428483069
clean,112,0.327406138305534,67.49018042313622
clean,113,0.32413207692246715,67.81431250005869
clean,114,0.320890756153247,68.13520325621194
clean,115,0.3176818485917181,68.45288510480366
clean,116,0.3145050301057921,68.76739013490945
clean,117,0.3113599798047346,69.07875011471418
clean,118,0.30824638000669324,69.38699649472088
clean,119,0.30516391620662375,69.6921604109275
clean,120,0.30211227704455723,69.99427268797206
clean,121,0.2990911542741088,70.29336384224617
clean,122,0.29610024273137014,70.58946408497754
clean,123,0.2931392403040576,70.8826033252816
clean,124,0.2902078479010157,71.17281117318261
clean,125,0.28730576942200514,71.46011694260461
clean,126,0.2844327117277885,71.7445496543324
clean,127,0.28158838461051516,72.02613803894292
clean,128,0.2787725007644042,72.30491053970732
clean,129,0.2759847757567542,72.58089531546408
clean,130,0.27322492799919473,72.85412024346327
clean,131,0.2704926787192079,73.12461292218248
clean,132,0.2677877519320049,73.39240067411448
clean,133,0.26510987441268696,73.65751054852717
clean,134,0.2624587756685628,73.91996932419573
clean,135,0.25983418791187773,74.17980351210761
clean,136,0.2572358460327564,74.43703935814037
clean,137,0.2546634875724294,74.6917028457128
clean,138,0.2521168526967017,74.9438196984095
clean,139,0.24959568416973354,75.19341538257923
clean,140,0.24709972732804886,75.44051510990728
clean,141,0.24462873005475672,75.68514383996204
clean,142,0.2421824427542134,75.92732628271625
clean,143,0.23976061832667028,76.16708690104292
clean,144,0.23736301214340472,76.40444991318633
clean,145,0.23498938202196484,76.63943929520829
clean,146,0.23263948820175528,76.87207878341005
clean,147,0.2303130933197366,77.10239187672978
clean,148,0.2280099623865368,77.33040183911632
clean,149,0.2257298627626767,77.556131701879
clean,150,0.2234725641350508,77.77960426601405
clean,151,0.2212378384936926,78.00084210450774
clean,152,0.21902546010875312,78.2198675646165
clean,153,0.2168352055076639,78.43670277012416
clean,154,0.21466685345259862,78.65136962357676
clean,155,0.21252018491806268,78.86388980849482
clean,156,0.2103949830688805,79.0742847915637
clean,157,0.2082910332381971,79.2825758248019
clean,158,0.2062081229058208,79.48878394770772
clean,159,0.20414604167675066,79.69292998938447
clean,160,0.20210458125998798,79.89503457064446
clean,161,0.20008353544739066,80.09511810609185
clean,162,0.19808270009291107,80.29320080618476
clean,163,0.19610187309199034,80.48930267927675
clean,164,0.19414085436106632,80.68344353363781
clean,165,0.19219944581745096,80.87564297945526
clean,166,0.19027745135927887,81.06592043081454
clean,167,0.1883746768456831,81.25429510766023
clean,168,0.18649093007722684,81.44078603773745
clean,169,0.18462602077646295,81.62541205851392
clean,170,0.1827797605686925,81.80819181908261
clean,171,0.18095196296300742,81.98914378204562
clean,172,0.17914244333337592,82.16828622537899
clean,173,0.17735101890004046,82.34563724427903
clean,174,0.1755775087110436,82.52121475299008
clean,175,0.1738217336239387,82.69503648661401
clean,176,0.17208351628769947,82.86712000290171
clean,177,0.17036268112481423,83.03748268402653
clean,178,0.1686590543135651,83.2061417383401
clean,179,0.16697246377043484,83.37311420211053
clean,180,0.16530273913272708,83.53841694124326
clean,181,0.16364971174139953,83.70206665298466
clean,182,0.16201321462398255,83.86407986760864
clean,183,0.16039308247775352,84.02447295008639
clean,184,0.15878915165296803,84.18326210173936
clean,185,0.1572012601364463,84.3404633618758
clean,186,0.15562924753507446,84.49609260941088
clean,187,0.15407295505973195,84.65016556447061
clean,188,0.15253222550913392,84.80269778997975
clean,189,0.15100690325404287,84.95370469323379
clean,190,0.14949683422149462,85.10320152745528
clean,191,0.1480018658792801,85.25120339333456
clean,192,0.1465218472204981,85.39772524055506
clean,193,0.14505662874829284,85.54278186930333
clean,194,0.14360606246081886,85.68638793176414
clean,195,0.14217000183619177,85.82855793360034
clean,196,0.14074830181786524,85.96930623541817
clean,197,0.13934081879966698,86.10864705421784
clean,198,0.13794741061167315,86.24659446482951
clean,199,0.13656793650555699,86.38316240133504
clean,200,0.1352022571404632,86.5183646584755
clean,201,0.1338502345690813,86.65221489304459
clean,202,0.1325117322234064,86.78472662526798
clean,203,0.13118661490115358,86.91591324016913
clean,204,0.1298747487521439,87.04578798892128
clean,205,0.12857600126463353,87.1743639901859
clean,206,0.12729024125195565,87.30165423143785
clean,207,0.12601733883946054,87.42767157027731
clean,208,0.1247571654510864,87.55242873572837
clean,209,0.12350959379654114,87.67593832952491
clean,210,0.1222744978585979,87.79821282738351
clean,211,0.1210517528800068,87.91926458026349
clean,212,0.1198412353511884,88.03910581561468
clean,213,0.11864282299768547,88.15774863861236
clean,214,0.1174563947677143,88.27520503338008
clean,215,0.11628183082004284,88.3914868642001
clean,216,0.11511901251182621,88.50660587671193
clean,217,0.11396782238671221,88.62057369909864
clean,218,0.11282814416286158,88.7334018432615
clean,219,0.11169986272123822,88.84510170598271
clean,220,0.11058286409399898,88.95568457007671
clean,221,0.10947703545306808,89.06516160552978
clean,222,0.1083822650985411,89.17354387062831
clean,223,0.10729844244755782,89.28084231307587
clean,224,0.1062254580230757,89.38706777109894
clean,225,0.10516320344285646,89.49223097454178
clean,226,0.1041115714084242,89.59634254595021
clean,227,0.10307045569435047,89.69941300164453
clean,228,0.10203975113738295,89.80145275278191
clean,229,0.10101935362601466,89.90247210640791
clean,230,0.1000091600897548,90.00248126649767
clean,231,0.09900906848886848,90.10149033498652
clean,232,0.0980189778039744,90.1995093127905
clean,233,0.0970387880259409,90.29654810081642
clean,234,0.09606840014566842,90.39261650096209
clean,235,0.09510771614421287,90.4877242171063
clean,236,0.09415663898278126,90.58188085608907
clean,237,0.09321507259295458,90.67509592868203
clean,238,0.09228292186702447,90.76737885054904
clean,239,0.091360092648344,90.85873894319737
clean,240,0.09044649172186325,90.94918543491923
clean,241,0.08954202680462231,91.03872746172385
clean,242,0.08864660653659939,91.12737406826045
clean,243,0.08776014047123226,91.21513420873168
clean,244,0.08688253906653642,91.30201674779819
clean,245,0.08601371367585386,91.38803046147405
clean,246,0.08515357653911337,91.47318403801314
clean,247,0.08430204077370718,91.55748607878684
clean,248,0.08345902036596442,91.6409450991528
clean,249,0.08262443016231202,91.72356952931511
clean,250,0.08179818586069132,91.80536771517579
clean,251,0.08098020400207417,91.88634791917787
clean,252,0.08017040196205016,91.96651832113992
clean,253,0.07936869794245638,92.04588701908237
clean,254,0.07857501096300723,92.12446203004538
clean,255,0.07778926085339322,92.20225129089874
clean,256,0.0770113682448681,92.27926265914361
clean,257,0.0762412545624187,92.355503913706
clean,258,0.07547884201676425,92.43098275572277
clean,259,0.0747240535966256,92.50570680931939
clean,260,0.07397681306065351,92.57968362238005
clean,261,0.07323704493005323,92.65292066731008
clean,262,0.07250467448074005,92.72542534179081
clean,263,0.07177962773592128,92.79720496952673
clean,264,0.07106183145856448,92.8682668009853
clean,265,0.07035121314399362,92.93861801412929
clean,266,0.06964770101255624,93.00826571514183
clean,267,0.0689512240024186,93.07721693914425
clean,268,0.06826171176240337,93.14547865090663
clean,269,0.06757909464477052,93.2130577455514
clean,270,0.06690330369835351,93.27996104924972
clean,271,0.06623427066132592,93.34619531991105
clean,272,0.06557192795473554,93.41176724786578
clean,273,0.06491620867518577,93.47668345654097
clean,274,0.06426704658844073,93.5409505031294
clean,275,0.06362437612256144,93.60457487925196
clean,276,0.06298813236132617,93.66756301161327
clean,277,0.06235825103772186,93.72992126265098
clean,278,0.0617346685273219,93.7916559311783
clean,279,0.061117321842061756,93.85277325302036
clean,280,0.060506148623630907,93.91327940164399
clean,281,0.05990108713740483,93.9731804887814
clean,282,0.059302076266021686,94.03248256504742
clean,283,0.05870905550338534,94.09119162055077
clean,284,0.05812196494832733,94.1493135854991
clean,285,0.05754074529885145,94.20685433079795
clean,286,0.05696533784585256,94.2638196686438
clean,287,0.05639568446740384,94.32021535311121
clean,288,0.055831727622731364,94.37604708073393
clean,289,0.05527341034651556,94.43132049108044
clean,290,0.05472067624305055,94.48604116732349
clean,291,0.05417346948061663,94.54021463680408
clean,292,0.05363173478581018,94.59384637158989
clean,293,0.05309541743794455,94.64694178902782
clean,294,0.052564463263550465,94.69950625229137
clean,295,0.05203881863093329,94.75154507092229
clean,296,0.05151843044461657,94.8030635013669
clean,297,0.05100324614018348,94.85406674750709
clean,298,0.05049321367877724,94.90455996118585
clean,299,0.04998828154197099,94.95454824272781
clean,300,0.04948839872656663,95.00403664145438
clean,301,0.04899351473930835,95.05303015619366
clean,302,0.04850357959189466,95.10153373578555
clean,303,0.048018543795990354,95.14955227958153
clean,304,0.047538358358025334,95.19709063793955
clean,305,0.047062974774434,95.24415361271399
clean,306,0.046592345026695625,95.29074595774068
clean,307,0.046126421576445864,95.33687237931713
clean,308,0.04566515736067345,95.38253753667777
clean,309,0.04520850578705904,95.42774604246483
clean,310,0.044756420729186175,95.47250246319402
clean,311,0.044308856521908524,95.51681131971593
clean,312,0.04386576795668873,95.56067708767262
clean,313,0.04342711027712198,95.60410419794971
clean,314,0.04299283917434593,95.64709703712406
clean,315,0.04256291078259267,95.68965994790665
clean,316,0.04213728167478337,95.73179722958143
clean,317,0.041715908858051876,95.77351313843945
clean,318,0.041298749769438814,95.8148118882089
clean,319,0.04088576227175622,95.85569765048064
clean,320,0.04047690464902587,95.89617455512966
clean,321,0.04007213560255707,95.93624669073222
clean,322,0.03967141424652709,95.97591810497875
clean,323,0.03927470010407319,96.01519280508279
clean,324,0.03888195310300091,96.05407475818579
clean,325,0.03849313357197559,96.09256789175777
clean,326,0.038108202236273314,96.13067609399404
clean,327,0.037727120213901344,96.16840321420791
clean,328,0.037349849011761194,96.20575306321967
clean,329,0.036976350521641166,96.24272941374132
clean,330,0.036606587016422054,96.27933600075774
clean,331,0.03624052114625442,96.31557652190399
clean,332,0.03587811593479273,96.35145463783878
clean,333,0.03551933477544367,96.38697397261421
clean,334,0.035164141427685536,96.4221381140419
clean,335,0.03481250001343028,96.45695061405532
clean,336,0.03446437501328603,96.49141498906859
clean,337,0.03411973126314649,96.52553472033173
clean,338,0.03377853395053876,96.55931325428224
clean,339,0.03344074861102797,96.59275400289327
clean,340,0.03310634112490618,96.62586034401818
clean,341,0.03277527771365385,96.65863562173183
clean,342,0.03244752493651504,96.69108314666835
clean,343,0.032123049687157845,96.72320619635548
clean,344,0.031801819190263814,96.75500801554574
clean,345,0.03148380099837311,96.78649181654411
clean,346,0.03116896298838867,96.8176607795325
clean,347,0.030857273358520843,96.848518052891
clean,348,0.030548700624919434,96.87906675351591
clean,349,0.030243213618675213,96.90930996713458
clean,350,0.029940781482508783,96.93925074861708
clean,351,0.02964137366767261,96.96889212228473
clean,352,0.029344959930995174,96.99823708221572
clean,353,0.029051510331697727,97.0272885925474
clean,354,0.028760995228367392,97.05604958777576
clean,355,0.02847338527610077,97.08452297305183
clean,356,0.02818865142332072,97.11271162447515
clean,357,0.027906764909076287,97.14061838938422
clean,358,0.027627697260001582,97.16824608664422
clean,359,0.02735142028740256,97.1955975069316
clean,360,0.027077906084514325,97.22267541301612
clean,361,0.02680712702367316,97.24948254003978
clean,362,0.02653905575343174,97.27602159579321
clean,363,0.026273665195915896,97.30229526098913
clean,364,0.026010928543968248,97.32830618953307
clean,365,0.025750819258504976,97.35405700879157
clean,366,0.025493311065929447,97.3795503198575
clean,367,0.025238377955290048,97.40478869781276
clean,368,0.024985994175708015,97.42977469198847
clean,369,0.024736134233947382,97.45451082622242
clean,370,0.02448877289162965,97.47899959911403
clean,371,0.02424388516269005,97.50324348427671
clean,372,0.02400144631106116,97.52724493058777
clean,373,0.023761431847958647,97.55100636243571
clean,374,0.02352381752946542,97.57453017996518
clean,375,0.02328857935417261,97.59781875931935
clean,376,0.02305569356065007,97.62087445288
clean,377,0.022825136625044706,97.64369958950503
clean,378,0.022596885258778343,97.6662964747638
clean,379,0.022370916406202923,97.68866739117
clean,380,0.02214720724214203,97.71081459841213
clean,381,0.02192573516971663,97.73274033358184
clean,382,0.02170647781801449,97.75444681139986
clean,383,0.02148941303983065,97.77593622443969
clean,384,0.021274518909450535,97.79721074334913
clean,385,0.021061773720347787,97.81827251706947
clean,386,0.020851155983137915,97.83912367305261
clean,387,0.020642644423304546,97.85976631747592
clean,388,0.020436217979096227,97.880202535455
clean,389,0.020231855799295317,97.9004343912543
clean,390,0.020029537241299522,97.92046392849556
clean,391,0.01982924186887658,97.94029317036444
clean,392,0.01963094945018895,97.95992411981463
clean,393,0.019434639955690614,97.97935875977032
clean,394,0.019240293556151755,97.99859905332646
clean,395,0.019047890620569774,98.01764694394701
clean,396,0.018857411714378713,98.03650435566139
clean,397,0.018668837597218157,98.05517319325861
clean,398,0.01848214922125635,98.07365534247985
clean,399,0.018297327729030144,98.09195267020887
clean,400,0.0181143544517397,98.11006702466061
clean,401,0.017933210907244757,98.12800023556785
clean,402,0.017753878798160372,98.14575411436601
clean,403,0.01757634001020847,98.1633304543762
clean,404,0.017400576610057783,98.18073103098625
clean,405,0.017226570843988043,98.19795760183024
clean,406,0.017054305135545178,98.21501190696578
clean,407,0.01688376208419129,98.23189566904996
clean,408,0.01671492446334355,98.2486105935133
clean,409,0.016547775218711536,98.265158368732
clean,410,0.016382297466520868,98.28154066619852
clean,411,0.016218474491864754,98.29775914069039
clean,412,0.016056289746941843,98.31381543043733
clean,413,0.01589572684949303,98.3297111572868
clean,414,0.015736769580954046,98.34544792686775
clean,415,0.01557940188517648,98.36102732875293
clean,416,0.015423607866324573,98.37645093661922
clean,417,0.015269371787624664,98.39172030840685
clean,418,0.01511667806975936,98.4068369864766
clean,419,0.014965511289091182,98.42180249776567
clean,420,0.014815856176156217,98.43661835394182
clean,421,0.014667697614413555,98.45128605155624
clean,422,0.014521020638284199,98.46580707219452
clean,423,0.014375810431900504,98.48018288262642
clean,424,0.01423205232758562,98.49441493495401
clean,425,0.014089731804304506,98.50850466675831
clean,426,0.013948834486285477,98.52245350124457
clean,427,0.013809346141385959,98.53626284738596
clean,428,0.013671252679984036,98.54993410006591
clean,429,0.013534540153159469,98.56346864021907
clean,430,0.013399194751627874,98.5768678349707
clean,431,0.01326520280412069,98.59013303777482
clean,432,0.0131325507761062,98.60326558855093
clean,433,0.013001225268340022,98.61626681381927
clean,434,0.01287121301565719,98.62913802683492
clean,435,0.012742500885494223,98.6418805277204
clean,436,0.01261507587662436,98.65449560359703
clean,437,0.012488925117864369,98.66698452871488
clean,438,0.0123640358666961,98.67934856458157
clean,439,0.012240395508030133,98.69158896008958
clean,440,0.012117991552941021,98.70370695164252
clean,441,0.011996811637430937,98.71570376327992
clean,442,0.011876843521022806,98.72758060680094
clean,443,0.011758075085822384,98.73933868188676
clean,444,0.011640494334983487,98.75097917622173
clean,445,0.011524089391613757,98.76250326561335
clean,446,0.011408848497694635,98.77391211411104
clean,447,0.01129476001271712,98.78520687412374
clean,448,0.011181812412587533,98.79638868653633
clean,449,0.011069994288476437,98.80745868082481
clean,450,0.010959294345596504,98.8184179751704
clean,451,0.010849701402150913,98.82926767657254
clean,452,0.010741204388111214,98.84000888096064
clean,453,0.010633792344236781,98.85064267330488
clean,454,0.010527454420795834,98.86117012772566
clean,455,0.01042217987657068,98.87159230760221
clean,456,0.01031795807780611,98.88191026568002
clean,457,0.010214778497029897,98.89212504417704
clean,458,0.010112630712043824,98.90223767488908
clean,459,0.010011504404928928,98.91224917929401
clean,460,0.009911389360880207,98.92216056865489
clean,461,0.009812275467282916,98.93197284412217
clean,462,0.00971415271263254,98.94168699683479
clean,463,0.009617011185483193,98.95130400802027
clean,464,0.009520841073637598,98.96082484909391
clean,465,0.009425632662896533,98.9702504817568
clean,466,0.00933137633626302,98.97958185809307
clean,467,0.009238062572919148,98.98881992066599
clean,468,0.009145681947188677,98.99796560261318
clean,469,0.009054225127712812,99.00701982774088
clean,470,0.008963682876441226,99.01598351061732
clean,471,0.008874046047665729,99.02485755666498
clean,472,0.008785305587196035,99.03364286225217
clean,473,0.008697452531308159,99.04234031478347
clean,474,0.008610478006033873,99.05095079278948
clean,475,0.008524373225952786,99.05947516601543
clean,476,0.008439129493694963,99.06791429550913
clean,477,0.008354738198761424,99.07626903370787
clean,478,0.008271190816756757,99.08454022452463
clean,479,0.008188478908607522,99.09272870343322
clean,480,0.008106594119496435,99.1008352975527
clean,481,0.00802552817830815,99.10886082573101
clean,482,0.007945272896520805,99.11680609862753
clean,483,0.00786582016756654,99.12467191879507
clean,484,0.007787161965879363,99.13245908076095
clean,485,0.007709290346213038,99.14016837110717
clean,486,0.0076321974427600026,99.14780056854993
clean,487,0.007555875468341355,99.15535644401825
clean,488,0.007480316713667889,99.16283676073192
clean,489,0.007405513546530074,99.17024227427844
clean,490,0.007331458411044878,99.17757373268948
clean,491,0.007258143826945229,99.18483187651641
clean,492,0.00718556238868473,99.1920174389051
clean,493,0.007113706764798167,99.19913114566987
clean,494,0.007042569697134127,99.206173715367
clean,495,0.006972144000158664,99.21314585936716
clean,496,0.006902422560173704,99.2200482819273
clean,497,0.006833398334578078,99.22688168026188
clean,498,0.006765064351228034,99.23364674461311
clean,499,0.006697413707712485,99.2403441583208
clean,500,0.006630439570628255,99.24697459789142
clean,501,0.006564135174926378,99.25353873306635
clean,502,0.006498493823187346,99.26003722688954
clean,503,0.006433508884967409,99.26647073577448
clean,504,0.006369173796088035,99.27283990957056
clean,505,0.006305482058124312,99.27914539162869
clean,506,0.006242427237566517,99.28538781886624
clean,507,0.006180002965166409,99.2915678218314
clean,508,0.00611820293553933,99.29768602476695
clean,509,0.006057020906197863,99.30374304567312
clean,510,0.0059964506971113,99.30973949637023
clean,511,0.005936486190151413,99.31567598256038
clean,512,0.005877121328239809,99.32155310388862
clean,513,0.0058183501149642325,99.32737145400358
clean,514,0.0057601666138111796,99.33313162061738
clean,515,0.0057025649476543094,99.33883418556502
clean,516,0.005645539298186009,99.3444797248632
clean,517,0.0055890839052210595,99.35006880876841
clean,518,0.005533193066170838,99.35560200183458
clean,519,0.0054778611355033036,99.36107986297009
clean,520,0.005423082524146139,99.36650294549422
clean,521,0.005368851698904109,99.37187179719312
clean,522,0.005315163181919047,99.37718696037503
clean,523,0.005262011550087209,99.3824489719251
clean,524,0.005209391434576105,99.38765836335968
clean,525,0.005157297520256066,99.39281566087993
clean,526,0.005105724545046542,99.39792138542498
clean,527,0.005054667299617677,99.40297605272457
clean,528,0.005004120626594499,99.40798017335116
clean,529,0.004954079420329549,99.41293425277149
clean,530,0.004904538626135491,99.41783879139761
clean,531,0.004855493239872999,99.42269428463749
clean,532,0.00480693830746759,99.42750122294494
clean,533,0.004758868924383819,99.43226009186931
clean,534,0.004711280235142112,99.43697137210445
clean,535,0.004664167432792965,99.44163553953724
clean,536,0.004617525758476404,99.4462530652957
clean,537,0.004571350500881977,99.45082441579659
clean,538,0.004525636995865057,99.45535005279244
clean,539,0.004480380625906832,99.45983043341835
clean,540,0.004435576819659559,99.46426601023798
clean,541,0.00439122105146339,99.46865723128944
clean,542,0.0043473088409626826,99.47300454013038
clean,543,0.004303835752523355,99.4773083758829
clean,544,0.004260797395019722,99.48156917327792
clean,545,0.004218189421067109,99.48578736269899
clean,546,0.004176007526851322,99.48996337022584
clean,547,0.004134247451588635,99.49409761767743
clean,548,0.0040929049770710435,99.4981905226545
clean,549,0.004051975927310991,99.50224249858178
clean,550,0.004011456168029781,99.50625395474981
clean,551,0.003971341606344936,99.51022529635615
clean,552,0.003931628190287029,99.51415692454641
clean,553,0.0038923119083591473,99.51804923645477
clean,554,0.003853388789295309,99.52190262524407
clean,555,0.003814854901406761,99.52571748014547
clean,556,0.003776706352411452,99.52949418649786
clean,557,0.003738939288851384,99.53323312578671
clean,558,0.0037015498959789284,99.53693467568269
clean,559,0.00366453439701786,99.54059921007968
clean,560,0.0036278890530212493,99.5442270991327
clean,561,0.003591610162501979,99.5478187092952
clean,562,0.0035556940608785226,99.55137440335608
clean,563,0.00352013712027599,99.55489454047635
clean,564,0.003484935749071383,99.55837947622543
clean,565,0.003450086391580953,99.561829562617
clean,566,0.0034155855276765124,99.56524514814468
clean,567,0.0033814296724017368,99.56862657781706
clean,568,0.0033476153756595295,99.57197419319272
clean,569,0.0033141392219135923,99.57528833241463
clean,570,0.0032809978297052567,99.57856933024432
clean,571,0.003248187851397688,99.5818175180957
clean,572,0.0032157059728774584,99.58503322406858
clean,573,0.003183548913156642,99.58821677298174
clean,574,0.0031517134240317546,99.59136848640576
clean,575,0.0031201962897711155,99.59448868269551
clean,576,0.003088994326887473,99.5975776770224
clean,577,0.0030581043836264143,99.60063578140603
clean,578,0.0030275233397958345,99.6036633047458
clean,579,0.002997248106396455,99.60666055285219
clean,580,0.0029672756253233956,99.60962782847749
clean,581,0.002937602869039324,99.61256543134652
clean,582,0.002908226840375505,99.6154736581869
clean,583,0.0028791445719633657,99.61835280275886
clean,584,0.0028503531262629167,99.62120315588511
clean,585,0.002821849594980108,99.62402500548008
clean,586,0.0027936310990384072,99.62681863657912
clean,587,0.0027656947880245752,99.62958433136714
clean,588,0.0027380378401602457,99.6323223692073
clean,589,0.0027106574617619117,99.63503302666906
clean,590,0.0026835508871556613,99.6377165775562
clean,591,0.002656715378279273,99.64037329293448
clean,592,0.002630148224497475,99.64300344115895
clean,593,0.002603846742246674,99.6456072879012
clean,594,0.002577808274821791,99.64818509617601
clean,595,0.0025520301920778365,99.65073712636809
clean,596,0.002526509890174111,99.65326363625825
clean,597,0.00250124479126157,99.65576488104949
clean,598,0.002476232343326501,99.65824111339282
clean,599,0.002451470019920521,99.66069258341274
clean,600,0.0024269553197200366,99.66311953873246
clean,601,0.002402685766526247,99.66552222449896
clean,602,0.0023786589088530263,99.66790088340781
clean,603,0.002354872319756396,99.67025575572757
clean,604,0.002331323596578727,99.67258707932415
clean,605,0.002308010360607682,99.67489508968474
clean,606,0.002284930256990947,99.67718001994172
clean,607,0.002262080954437806,99.67944210089615
clean,608,0.0022394601448922913,99.68168156104105
clean,609,0.002217065543433705,99.68389862658448
clean,610,0.0021948948880066155,99.68609352147246
clean,611,0.0021729459391082173,99.68826646741157
clean,612,0.0021512164797172773,99.69041768389127
clean,613,0.002129704314938863,99.69254738820621
clean,614,0.0021084072717911795,99.694655795478
clean,615,0.002087323199063462,99.69674311867705
clean,616,0.00206644996706018,99.69880956864411
clean,617,0.0020457854674020837,99.70085535411151
clean,618,0.0020253276127277786,99.70288068172424
clean,619,0.0020050743366226698,99.70488575606083
clean,620,0.001985023593206847,99.70687077965404
clean,621,0.0019651733572771946,99.70883595301132
clean,622,0.0019455216237247441,99.71078147463504
clean,623,0.0019260664074920442,99.7127075410425
clean,624,0.0019068057434168395,99.71461434678592
clean,625,0.001887737685990487,99.71650208447188
clean,626,0.0018688603091021605,99.71837094478099
clean,627,0.00185017170603885,99.72022111648702
clean,628,0.001831669988973772,99.722052786476
clean,629,0.001813353289094266,99.7238661397651
clean,630,0.0017952197562038918,99.72566135952127
clean,631,0.0017772675586229525,99.72743862707989
clean,632,0.0017594948830463863,99.72919812196294
clean,633,0.0017418999342027064,99.73094002189714
clean,634,0.001724480934882422,99.732664502832
clean,635,0.0017072361255259239,99.73437173895752
clean,636,0.0016901637642661171,99.73606190272176
clean,637,0.001673262126629993,99.73773516484839
clean,638,0.0016565295053823093,99.73939169435374
clean,639,0.001639964210298217,99.74103165856404
clean,640,0.0016235645681916822,99.74265522313222
clean,641,0.0016073289225175813,99.74426255205474
clean,642,0.0015912556333006478,99.74585380768804
clean,643,0.0015753430769649412,99.74742915076497
clean,644,0.0015595896461917391,99.74898874041116
clean,645,0.0015439937497347955,99.7505327341609
clean,646,0.0015285538122356002,99.7520612879731
clean,647,0.0015132682741096914,99.75357455624722
clean,648,0.0014981355913619154,99.75507269183856
clean,649,0.001483154235458528,99.75655584607402
clean,650,0.0014683226931282434,99.75802416876712
clean,651,0.0014536394661632812,99.75947780823329
clean,652,0.0014391030715046327,99.76091691130478
clean,653,0.0014247120407873126,99.76234162334556
clean,654,0.001410464920397203,99.76375208826596
clean,655,0.0013963602711868361,99.76514844853712
clean,656,0.0013823966684611833,99.76653084520558
clean,657,0.0013685727018071248,99.76789941790736
clean,658,0.0013548869747523895,99.76925430488211
clean,659,0.0013413381050213502,99.77059564298713
clean,660,0.001327924723995011,99.7719235677111
clean,661,0.001314645476725218,99.77323821318782
clean,662,0.0013014990219630818,99.77453971220977
clean,663,0.0012884840317326507,99.77582819624149
clean,664,0.001275599191401966,99.7771037954329
clean,665,0.001262843199512531,99.7783666386324
clean,666,0.0012502147675235165,99.7796168533999
clean,667,0.001237712619840181,99.78085456601974
clean,668,0.0012253354936433425,99.78207990151338
clean,669,0.0012130821387188462,99.78329298365209
clean,670,0.0012009513173296682,99.78449393496942
clean,671,0.0011889418041590716,99.78568287677358
clean,672,0.0011770523861258653,99.78685992915968
clean,673,0.0011652818622565064,99.78802521102193
clean,674,0.001153629043628257,99.78917884006553
clean,675,0.0011420927531844427,99.79032093281872
clean,676,0.0011306718256491877,99.79145160464437
clean,677,0.0011193651073853061,99.79257096975175
clean,678,0.001108171456337459,99.79367914120807
clean,679,0.0010970897417621472,99.79477623094982
clean,680,0.0010861188443413994,99.79586234979416
clean,681,0.0010752576558985538,99.79693760745006
clean,682,0.0010645050793272048,99.79800211252939
clean,683,0.00105386002854857,99.79905597255792
clean,684,0.0010433214282556946,99.80009929398618
clean,685,0.0010328882139702955,99.80113218220015
clean,686,0.0010225593318580195,99.80215474153198
clean,687,0.0010123337385152809,99.8031670752705
clean,688,0.0010022104011397914,99.8041692856716
clean,689,0.000992188297118446,99.80516147396872
clean,690,0.0009822664141552195,99.80614374038286
clean,691,0.0009724437500153726,99.80711618413288
clean,692,0.0009627193125396616,99.80807890344539
clean,693,0.0009530921193885433,99.80903199556478
clean,694,0.0009435611981984948,99.80997555676295
clean,695,0.0009341255862125308,99.81090968234916
clean,696,0.000924784330365469,99.8118344666795
clean,697,0.0009155364870281346,99.81275000316653
clean,698,0.0009063811221494689,99.81365638428868
clean,699,0.0008973173109296795,99.8145537015996
clean,700,0.0008883441378202406,99.81544204573743
clean,701,0.0008794606964528384,99.81632150643388
clean,702,0.0008706660895114737,99.81719217252339
clean,703,0.0008619594286187748,99.818054131952
clean,704,0.0008533398343217868,99.8189074717863
clean,705,0.0008448064359640739,99.81975227822227
clean,706,0.0008363583716288758,99.82058863659388
clean,707,0.0008279947879117344,99.8214166313818
clean,708,0.0008197148400483911,99.82223634622181
clean,709,0.0008115176916021483,99.82304786391342
clean,710,0.0008034025147054535,99.82385126642812
clean,711,0.0007953684895483093,99.82464663491767
clean,712,0.0007874148046767004,99.82543404972233
clean,713,0.0007795406566089014,99.82621359037894
clean,714,0.0007717452500628497,99.82698533562899
clean,715,0.0007640277975582421,99.82774936342655
clean,716,0.0007563875195870651,99.82850575094612
clean,717,0.0007488236443862206,99.8292545745905
clean,718,0.0007413354079375267,99.82999590999843
clean,719,0.0007339220538682412,99.83072983205227
clean,720,0.0007265828332947422,99.83145641488557
clean,721,0.0007193170049930586,99.83217573189056
clean,722,0.0007121238349441228,99.83288785572547
clean,723,0.0007050025965753548,99.83359285832205
clean,724,0.000697952570632765,99.83429081089268
clean,725,0.0006909730449251583,99.83498178393761
clean,726,0.0006840633144662434,99.83566584725206
clean,727,0.0006772226813183124,99.83634306993338
clean,728,0.0006704504545211876,99.83701352038788
clean,729,0.0006637459499643228,99.83767726633783
clean,730,0.0006571084904720692,99.8383343748283
clean,731,0.0006505374055478796,99.83898491223385
clean,732,0.0006440320315164172,99.83962894426536
clean,733,0.0006375917111824947,99.84026653597653
clean,734,0.0006312157940584484,99.84089775177058
clean,735,0.0006249036361367644,99.84152265540672
clean,736,0.0006186545997763915,99.84214131000647
clean,737,0.000612468053759585,99.84275377806023
clean,738,0.0006063433732350632,99.84336012143346
clean,739,0.0006002799395048442,99.84396040137297
clean,740,0.0005942771401095115,99.84455467851308
clean,741,0.000588334368714527,99.84514301288179
clean,742,0.0005824510250249659,99.84572546390682
clean,743,0.0005766265147855165,99.84630209042159
clean,744,0.000570860249624161,99.8468729506712
clean,745,0.0005651516471232298,99.84743810231832
clean,746,0.000559500130663082,99.84799760244897
clean,747,0.0005539051293368402,99.8485515075783
clean,748,0.0005483660780498667,99.84909987365636
clean,749,0.0005428824172639679,99.8496427560736
clean,750,0.0005374535930968705,99.8501802096667
clean,751,0.0005320790571659018,99.85071228872387
clean,752,0.0005267582666164117,99.85123904699049
clean,753,0.0005214906839228206,99.85176053767441
clean,754,0.0005162757771017823,99.8522768134515
clean,755,0.0005111130193142799,99.8527879264708
clean,756,0.0005060018891072104,99.8532939283599
clean,757,0.0005009418702428547,99.85379487023015
clean,758,0.0004959324515425578,99.85429080268166
clean,759,0.0004909731270288376,99.85478177580869
clean,760,0.0004860633957406435,99.85526783920443
clean,761,0.00048120276180441124,99.85574904196623
clean,762,0.0004763907341924778,99.8562254327004
clean,763,0.0004716268268367685,99.85669705952724
clean,764,0.00046691055855774266,99.85716397008578
clean,765,0.0004622414529649177,99.85762621153874
clean,766,0.00045761903844265817,99.85808383057719
clean,767,0.00045304284805069983,99.85853687342524
clean,768,0.00044851241959520394,99.85898538584483
clean,769,0.00044402729538717267,99.85942941314022
clean,770,0.00043958702244140113,99.85986900016265
clean,771,0.00043519115222068194,99.86030419131487
clean,772,0.00043083924069264867,99.86073503055555
clean,773,0.00042653084828714327,99.86116156140383
clean,774,0.00042226553981095094,99.86158382694362
clean,775,0.0004180428843909567,99.862001869828
clean,776,0.00041386245557362145,99.86241573228358
clean,777,0.000409723831012343,99.86282545611459
clean,778,0.0004056265927090408,99.86323108270729
clean,779,0.00040157032675836035,99.86363265303403
clean,780,0.00039755462350399284,99.86403020765754
clean,781,0.00039357907728287955,99.86442378673479
clean,782,0.00038964328649626623,99.86481343002129
clean,783,0.00038574685365233563,99.86519917687491
clean,784,0.0003818893850962013,99.86558106626
clean,785,0.00037807049125149206,99.86595913675126
clean,786,0.00037428978633613497,99.86633342653757
clean,787,0.00037054688846183126,99.86670397342603
clean,788,0.00036684141957721295,99.8670708148456
clean,789,0.0003631730053825777,99.86743398785097
clean,790,0.0003595412753156779,99.86779352912629
clean,791,0.00035594586256593175,99.86814947498885
clean,792,0.00035238640396073606,99.86850186139282
clean,793,0.00034886253990862315,99.86885072393272
clean,794,0.00034537391454136923,99.86919609784724
clean,795,0.00034192017534451224,99.86953801802258
clean,796,0.0003385009736120992,99.8698765189962
clean,797,0.00033511596390667364,99.87021163496007
clean,798,0.00033176480422980603,99.8705433997643
clean,799,0.00032844715620683473,99.87087184692048
clean,800,0.0003251626846321187,99.87119700960511
clean,801,0.00032191105779588725,99.87151892066288
clean,802,0.0003186919472000227,99.87183761261008
clean,803,0.00031550502774280176,99.87215311763782
clean,804,0.0003123499774631,99.87246546761526
clean,805,0.00030922647768250044,99.87277469409294
clean,806,0.00030613421290581755,99.87308082830585
clean,807,0.00030307287079267553,99.87338390117662
clean,808,0.00030004214205803237,99.87368394331868
clean,809,0.0002970417206569209,99.87398098503934
clean,810,0.00029407130345759924,99.8742750563428
clean,811,0.00029113059042629175,99.87456618693322
clean,812,0.0002882192845135023,99.87485440621772
clean,813,0.0002853370916682252,99.87513974330938
clean,814,0.00028248372073846895,99.87542222703011
clean,815,0.0002796588835281,99.87570188591364
clean,816,0.0002768622947115773,99.87597874820835
clean,817,0.0002740936717771092,99.8762528418801
clean,818,0.00027135273502665314,99.87652419461513
clean,819,0.00026863920770381355,99.87679283382283
clean,820,0.0002659528156243596,99.87705878663844
clean,821,0.00026329328744623126,99.87732207992588
clean,822,0.00026066035457006365,99.87758274028045
clean,823,0.00025805375103971073,99.87784079403146
clean,824,0.0002554732135138238,99.87809626724497
clean,825,0.0002529184813795382,99.87834918572635
clean,826,0.00025038929656773234,99.87859957502292
clean,827,0.000247885403609871,99.87884746042653
clean,828,0.0002454065495811619,99.87909286697611
clean,829,0.00024295248408634507,99.8793358194602
clean,830,0.00024052295924548162,99.87957634241941
clean,831,0.0002381177296228998,99.87981446014903
clean,832,0.0002357365523266708,99.88005019670136
clean,833,0.0002333791868238677,99.88028357588819
clean,834,0.00023104539495477638,99.88051462128313
clean,835,0.0002287349409897388,99.88074335622412
clean,836,0.00022644759160073136,99.88096980381572
clean,837,0.0002241831156908347,99.88119398693141
clean,838,0.0002219412845363422,99.88141592821592
clean,839,0.00021972187168728397,99.8816356500876
clean,840,0.00021752465296742685,99.88185317474056
clean,841,0.0002153494064316419,99.88206852414699
clean,842,0.0002131959123659044,99.88228172005934
clean,843,0.0002110639532446612,99.88249278401258
clean,844,0.00020895331371661996,99.88270173732629
clean,845,0.00020686378059053823,99.88290860110686
clean,846,0.00020479514274995836,99.88311339624961
clean,847,0.0002027471913379486,99.88331614344095
clean,848,0.00020071971943025346,99.88351686316037
clean,849,0.00019871252224845648,99.88371557568261
clean,850,0.00019672539701787173,99.88391230107963
clean,851,0.00019475814305280892,99.88410705922267
clean,852,0.00019281056161446486,99.88429986978429
clean,853,0.00019088245601039944,99.8844907522403
clean,854,0.00018897363145242707,99.88467972587175
clean,855,0.00018708389512767098,99.88486680976685
clean,856,0.0001852130561701415,99.88505202282302
clean,857,0.00018336092561810347,99.88523538374864
clean,858,0.00018152731635723285,99.88541691106498
clean,859,0.00017971204317746015,99.88559662310816
clean,860,0.00017791492277297039,99.88577453803093
clean,861,0.00017613577354325116,99.88595067380447
clean,862,0.0001743744157920446,99.88612504822026
clean,863,0.00017263067164208223,99.88629767889188
clean,864,0.0001709043649071873,99.88646858325679
clean,865,0.000169195321262805,99.88663777857805
clean,866,0.00016750336806126143,99.88680528194611
clean,867,0.0001658283343886069,99.8869711102805
clean,868,0.00016417005105040516,99.88713528033152
clean,869,0.00016252835051489,99.88729780868204
clean,870,0.00016090306701244117,99.88745871174905
clean,871,0.00015929403633663242,99.88761800578538
clean,872,0.00015770109598634008,99.88777570688137
clean,873,0.00015612408503784536,99.88793183096641
clean,874,0.0001545628441874669,99.88808639381057
clean,875,0.0001530172157231391,99.88823941102629
clean,876,0.00015148704356704457,99.88839089806986
clean,877,0.00014997217313350575,99.88854087024299
clean,878,0.00014847245141424992,99.88868934269438
clean,879,0.0001469877268931441,99.88883633042127
clean,880,0.00014551784960303848,99.88898184827087
clean,881,0.00014406267113997728,99.88912591094201
clean,882,0.00014262204440740334,99.88926853298642
clean,883,0.0001411958239714295,99.88940972881039
clean,884,0.00013978386573398893,99.88954951267613
clean,885,0.0001383860270891546,99.88968789870319
clean,886,0.00013700216679524146,99.88982490086998
clean,887,0.00013563214513112598,99.8899605330151
clean,888,0.00013427582368308322,99.89009480883878
clean,889,0.00013293306544426287,99.89022774190421
clean,890,0.00013160373480047838,99.89035934563901
clean,891,0.0001302876974591527,99.89048963333646
clean,892,0.0001289848204635291,99.89061861815692
clean,893,0.0001276949722637255,99.89074631312917
clean,894,0.00012641802254620416,99.89087273115172
clean,895,0.00012515384233324767,99.89099788499402
clean,896,0.000123902303883483,99.8911217872979
clean,897,0.00012266328084820088,99.89124445057875
clean,898,0.00012143664805819299,99.89136588722681
clean,899,0.00012022228156638448,99.89148610950838
clean,900,0.00011902005876152089,99.89160512956714
clean,901,0.00011782985818342695,99.89172295942531
clean,902,0.00011665155959406093,99.8918396109849
clean,903,0.00011548504400593629,99.8919550960289
clean,904,0.00011433019355422402,99.89206942622245
clean,905,0.00011318689162465034,99.89218261311407
clean,906,0.00011205502271138812,99.89229466813678
clean,907,0.00011093447248811117,99.89240560260924
clean,908,0.00010982512775115083,99.892515427737
clean,909,0.00010872687647633938,99.89262415461344
clean,910,0.00010763960771953407,99.89273179422116
clean,911,0.00010656321163082794,99.89283835743277
clean,912,0.00010549757951139327,99.89294385501228
clean,913,0.00010444260372821645,99.89304829761598
clean,914,0.00010339817765725456,99.89315169579363
clean,915,0.00010236419591080903,99.89325405998954
clean,916,0.00010134055395383257,99.89335540054348
clean,917,0.00010032714840235712,99.89345572769189
clean,918,9.932387690980704e-05,99.8935550515688
clean,919,9.833063816699905e-05,99.89365338220694
clean,920,9.734733176003374e-05,99.8937507295387
clean,921,9.637385844030177e-05,99.89384710339714
clean,922,9.541011986868853e-05,99.893942513517
clean,923,9.445601867241749e-05,99.89403696953566
clean,924,9.351145847347198e-05,99.89413048099414
clean,925,9.257634391701686e-05,99.89422305733802
clean,926,9.165058044402485e-05,99.89431470791847
clean,927,9.073407464654792e-05,99.89440544199311
clean,928,8.982673388402418e-05,99.894495268727
clean,929,8.892846658170583e-05,99.89458419719358
clean,930,8.80391819180204e-05,99.89467223637548
clean,931,8.715879009457694e-05,99.89475939516558
clean,932,8.628720217984664e-05,99.89484568236776
clean,933,8.542433016600626e-05,99.89493110669791
clean,934,8.45700868694621e-05,99.89501567678478
clean,935,8.372438600190435e-05,99.89509940117075
clean,936,8.28871421134636e-05,99.89518228831287
clean,937,8.205827070639771e-05,99.89526434658357
clean,938,8.123768800771813e-05,99.89534558427158
clean,939,8.042531112550932e-05,99.8954260095827
clean,940,7.962105802050701e-05,99.8955056306407
clean,941,7.882484742083307e-05,99.89558445548812
clean,942,7.803659897831494e-05,99.89566249208707
clean,943,7.725623298426854e-05,99.89573974832005
clean,944,7.648367063950445e-05,99.8958162319907
clean,945,7.571883394064116e-05,99.8958919508246
clean,946,7.496164559483987e-05,99.8959669124702
clean,947,7.421202913349134e-05,99.89604112449933
clean,948,7.346990886958338e-05,99.89611459440817
clean,949,7.273520975559222e-05,99.89618732961793
clean,950,7.200785763927797e-05,99.89625933747557
clean,951,7.12877790647326e-05,99.89633062525463
clean,952,7.057490128659083e-05,99.89640120015592
clean,953,6.98691522700301e-05,99.89647106930818
clean,954,6.917046073340316e-05,99.89654023976891
clean,955,6.847875613402721e-05,99.89660871852504
clean,956,6.779396858291875e-05,99.89667651249363
clean,957,6.711602893005875e-05,99.89674362852253
clean,958,6.644486860807319e-05,99.89681007339114
clean,959,6.578041993066108e-05,99.89687585381107
clean,960,6.512261573732303e-05,99.89694097642678
clean,961,6.447138957810239e-05,99.89700544781635
clean,962,6.382667569937439e-05,99.89706927449203
clean,963,6.318840893015931e-05,99.89713246290096
clean,964,6.255652483844187e-05,99.8971950194258
clean,965,6.19309595890627e-05,99.89725695038537
clean,966,6.131164998635086e-05,99.89731826203536
clean,967,6.069853348833476e-05,99.89737896056882
clean,968,6.00915481498987e-05,99.89743905211697
clean,969,5.949063267962629e-05,99.89749854274964
clean,970,5.889572636874618e-05,99.89755743847599
clean,971,5.830676906271037e-05,99.89761574524505
clean,972,5.772370138856786e-05,99.89767346894644
clean,973,5.7146464399693286e-05,99.89773061541081
clean,974,5.657499974631719e-05,99.89778719041055
clean,975,5.600924974658028e-05,99.89784319966027
clean,976,5.544915723021404e-05,99.8978986488175
clean,977,5.489466565222756e-05,99.89795354348314
clean,978,5.4345718993431547e-05,99.89800788920213
clean,979,5.380226181728176e-05,99.89806169146395
clean,980,5.3264239198824725e-05,99.89811495570314
clean,981,5.273159679575201e-05,99.89816768729993
clean,982,5.2204280834189376e-05,99.89821989158077
clean,983,5.168223803764249e-05,99.8982715738188
clean,984,5.1165415655418656e-05,99.89832273923446
clean,985,5.06537614910485e-05,99.89837339299595
clean,986,5.014722387386428e-05,99.89842354021982
clean,987,4.964575165899987e-05,99.89847318597145
clean,988,4.9149294113703945e-05,99.89852233526557
clean,989,4.8657801187346195e-05,99.89857099306676
clean,990,4.8171223170356825e-05,99.89861916428993
clean,991,4.768951095002194e-05,99.89866685380086
clean,992,4.721261582574243e-05,99.89871406641669
clean,993,4.674048966535338e-05,99.89876080690635
clean,994,4.6273084791437213e-05,99.89880707999112
clean,995,4.5810353924480296e-05,99.89885289034504
clean,996,4.535225038182489e-05,99.89889824259542
clean,997,4.489872787871718e-05,99.8989431413233
clean,998,4.4449740599361576e-05,99.89898759106389
clean,999,4.400524321113153e-05,99.8990315963071
clean,1000,4.356519077930443e-05,99.89907516149788
clean,1001,4.312953886653759e-05,99.89911829103671
clean,1002,4.2698243461813945e-05,99.89916098928018
clean,1003,4.227126105149637e-05,99.89920326054123
clean,1004,4.184854843458652e-05,99.89924510908963
clean,1005,4.143006293588769e-05,99.89928653915257
clean,1006,4.101576229231796e-05,99.89932755491486
clean,1007,4.06056046813319e-05,99.89936816051954
clean,1008,4.01995486498663e-05,99.8994083600682
clean,1009,3.9797553156972754e-05,99.89944815762135
clean,1010,3.939957763066104e-05,99.89948755719895
clean,1011,3.900558185421232e-05,99.8995265627808
clean,1012,3.861552602302254e-05,99.89956517830683
clean,1013,3.822937077302413e-05,99.89960340767759
clean,1014,3.7847077052788336e-05,99.89964125475463
clean,1015,3.746860629405546e-05,99.89967872336092
clean,1016,3.7093920241204614e-05,99.89971581728116
clean,1017,3.672298103651883e-05,99.89975254026217
clean,1018,3.635575120597423e-05,99.89978889601338
clean,1019,3.5992193701872566e-05,99.89982488820708
clean,1020,3.563227176073269e-05,99.89986052047884
clean,1021,3.52759490453991e-05,99.89989579642788
clean,1022,3.49231895597768e-05,99.89993071961744
clean,1023,3.4573957663042165e-05,99.89996529357511
clean,1024,3.422821808385379e-05,99.89999952179319
clean,1025,3.388593590614164e-05,99.9000334077291
clean,1026,3.3547076554896194e-05,99.90006695480565
clean,1027,3.321160579616844e-05,99.90010016641145
clean,1028,3.287948973706989e-05,99.90013304590116
clean,1029,3.255069482577255e-05,99.90016559659598
clean,1030,3.222518789414153e-05,99.90019782178388
clean,1031,3.190293601562644e-05,99.90022972471986
clean,1032,3.158390663315913e-05,99.9002613086265
clean,1033,3.126806757336453e-05,99.90029257669407
clean,1034,3.095538689024124e-05,99.90032353208096
clean,1035,3.064583302148094e-05,99.90035417791398
clean,1036,3.0339374688992393e-05,99.90038451728867
clean,1037,3.003598095574489e-05,99.90041455326961
clean,1038,2.97356211405031e-05,99.90044428889075
clean,1039,2.9438264945724768e-05,99.90047372715567
clean,1040,2.9143882258608755e-05,99.90050287103793
clean,1041,2.885244344952298e-05,99.90053172348138
clean,1042,2.8563919030943907e-05,99.90056028740041
clean,1043,2.8278279842197662e-05,99.90058856568025
clean,1044,2.7995497063670882e-05,99.90061656117729
clean,1045,2.7715542060491316e-05,99.90064427671935
clean,1046,2.7438386652534064e-05,99.900671715106
clean,1047,2.7164002787571917e-05,99.90069887910879
clean,1048,2.689236275443818e-05,99.90072577147153
clean,1049,2.6623439111972402e-05,99.90075239491064
clean,1050,2.6357204745863783e-05,99.90077875211539
clean,1051,2.6093632698120928e-05,99.90080484574806
clean,1052,2.58326963376021e-05,99.9008306784444
clean,1053,2.557436937422608e-05,99.90085625281377
clean,1054,2.5318625702652753e-05,99.90088157143947
clean,1055,2.5065439444915683e-05,99.90090663687891
clean,1056,2.4814785035687237e-05,99.90093145166395
clean,1057,2.4566637193856877e-05,99.90095601830114
clean,1058,2.432097083726603e-05,99.90098033927195
clean,1059,2.4077761096918948e-05,99.90100441703305
clean,1060,2.3836983515934662e-05,99.90102825401657
clean,1061,2.3598613680064773e-05,99.90105185263023
clean,1062,2.3362627530332247e-05,99.90107521525776
clean,1063,2.3129001263555438e-05,99.90109834425903
clean,1064,2.2897711261293807e-05,99.90112124197026
clean,1065,2.266873411826964e-05,99.90114391070438
clean,1066,2.2442046770265733e-05,99.90116635275115
clean,1067,2.2217626337805996e-05,99.90118857037749
clean,1068,2.1995450069312028e-05,99.90121056582753
clean,1069,2.177549554005509e-05,99.90123234132307
clean,1070,2.155774059531268e-05,99.90125389906366
clean,1071,2.1342163194049135e-05,99.90127524122686
clean,1072,2.1128741565235032e-05,99.90129636996842
clean,1073,2.0917454151003767e-05,99.90131728742256
clean,1074,2.0708279592440704e-05,99.90133799570215
clean,1075,2.0501196829059154e-05,99.90135849689898
clean,1076,2.029618485721585e-05,99.90137879308384
clean,1077,2.0093223014328032e-05,99.90139888630684
clean,1078,1.989229076571064e-05,99.9014187785976
clean,1079,1.969336787510656e-05,99.90143847196548
clean,1080,1.949643417731295e-05,99.90145796839965
clean,1081,1.930146984818748e-05,99.90147726986947
clean,1082,1.9108455148852954e-05,99.90149637832462
clean,1083,1.8917370596227556e-05,99.9015152956952
clean,1084,1.8728196891970583e-05,99.9015340238921
clean,1085,1.8540914922482443e-05,99.901552564807
clean,1086,1.8355505758904656e-05,99.90157092031275
clean,1087,1.8171950699752415e-05,99.90158909226345
clean,1088,1.7990231214071173e-05,99.90160708249465
clean,1089,1.7810328870382364e-05,99.90162489282352
clean,1090,1.763222559247879e-05,99.90164252504911
clean,1091,1.7455903332574962e-05,99.90165998095245
clean,1092,1.728134429868078e-05,99.90167726229674
clean,1093,1.710853086933639e-05,99.90169437082761
clean,1094,1.69374455651905e-05,99.90171130827316
clean,1095,1.676807112005463e-05,99.90172807634428
clean,1096,1.6600390409848842e-05,99.90174467673467
clean,1097,1.643438649523432e-05,99.90176111112116
clean,1098,1.627004263582421e-05,99.90177738116377
clean,1099,1.6107342204918496e-05,99.90179348850597
clean,1100,1.5946268803190833e-05,99.90180943477475
clean,1101,1.57868060881583e-05,99.90182522158084
clean,1102,1.562893802997678e-05,99.90184085051885
clean,1103,1.5472648627223862e-05,99.90185632316748
clean,1104,1.5317922176905086e-05,99.90187164108966
clean,1105,1.5164742961815136e-05,99.90188680583259
clean,1106,1.5013095492122375e-05,99.90190181892808
clean,1107,1.4862964533790546e-05,99.90191668189262
clean,1108,1.4714334923837669e-05,99.90193139622754
clean,1109,1.4567191570336036e-05,99.9019459634191
clean,1110,1.4421519637153324e-05,99.90196038493873
clean,1111,1.4277304444476613e-05,99.90197466224318
clean,1112,1.413453139775811e-05,99.90198879677457
clean,1113,1.3993186087191134e-05,99.90200278996065
clean,1114,1.3853254245077551e-05,99.90201664321489
clean,1115,1.371472170319521e-05,99.90203035793657
clean,1116,1.3577574463852216e-05,99.90204393551103
clean,1117,1.344179872830864e-05,99.90205737730976
clean,1118,1.3307380754667975e-05,99.9020706846905
clean,1119,1.3174306914720546e-05,99.90208385899741
clean,1120,1.3042563864473777e-05,99.90209690156128
clean,1121,1.2912138231513381e-05,99.9021098136995
clean,1122,1.2783016828166183e-05,99.90212259671632
clean,1123,1.2655186651500117e-05,99.90213525190298
clean,1124,1.2528634783848247e-05,99.90214778053776
clean,1125,1.2403348449652185e-05,99.90216018388621
clean,1126,1.2279314972829525e-05,99.90217246320117
clean,1127,1.2156521805195553e-05,99.90218461972297
clean,1128,1.2034956597517521e-05,99.90219665467957
clean,1129,1.1914607057406101e-05,99.90220856928663
clean,1130,1.1795460977737093e-05,99.9022203647476
clean,1131,1.1677506378759972e-05,99.90223204225397
clean,1132,1.1560731309145922e-05,99.90224360298527
clean,1133,1.144512397388553e-05,99.90225504810924
clean,1134,1.1330672734288783e-05,99.90226637878197
clean,1135,1.1217366022719943e-05,99.902277596148
clean,1136,1.1105192356808402e-05,99.90228870134035
clean,1137,1.099414043892466e-05,99.90229969548079
clean,1138,1.0884199042493492e-05,99.9023105796798
clean,1139,1.0775357054626511e-05,99.90232135503686
clean,1140,1.0667603476122167e-05,99.90233202264032
clean,1141,1.0560927449887458e-05,99.90234258356776
clean,1142,1.0455318161461946e-05,99.90235303888592
clean,1143,1.0350764995337158e-05,99.90236338965092
clean,1144,1.0247257321793768e-05,99.90237363690824
clean,1145,1.0144784766907833e-05,99.90238378169299
clean,1146,1.0043336899911992e-05,99.90239382502989
clean,1147,9.94290354583427e-06,99.90240376793342
clean,1148,9.84347450128098e-06,99.90241361140791
clean,1149,9.745039776021258e-06,99.90242335644768
clean,1150,9.647589365613385e-06,99.90243300403704
clean,1151,9.551113478778461e-06,99.90244255515051
clean,1152,9.455602338448443e-06,99.90245201075284
clean,1153,9.361046309663834e-06,99.90246137179913
clean,1154,9.267435842730265e-06,99.90247063923498
clean,1155,9.174761501640205e-06,99.90247981399648
clean,1156,9.083013878807833e-06,99.90248889701036
clean,1157,8.992183751388438e-06,99.9024978891941
clean,1158,8.902261896537311e-06,99.90250679145599
clean,1159,8.813239290361707e-06,99.90251560469528
clean,1160,8.725106894758028e-06,99.90252432980215
clean,1161,8.637855827942076e-06,99.90253296765798
clean,1162,8.551477264973073e-06,99.90254151913523
clean,1163,8.465962494597079e-06,99.90254998509772
clean,1164,8.381302876614427e-06,99.90255836640058
clean,1165,8.297489827668869e-06,99.90256666389041
clean,1166,8.214514963356123e-06,99.90257487840535
clean,1167,8.13236978558507e-06,99.90258301077513
clean,1168,8.051046094692538e-06,99.90259106182123
clean,1169,7.970535634171938e-06,99.90259903235683
clean,1170,7.890830261203519e-06,99.9026069231871
clean,1171,7.811921975076075e-06,99.90261473510907
clean,1172,7.733802760867547e-06,99.90262246891182
clean,1173,7.65646473155357e-06,99.90263012537655
clean,1174,7.579900099585757e-06,99.90263770527662
clean,1175,7.504101063204871e-06,99.90264520937768
clean,1176,7.429060076447058e-06,99.90265263843776
clean,1177,7.354769465450772e-06,99.90265999320722
clean,1178,7.281221769517288e-06,99.90266727442899
clean,1179,7.208409556369588e-06,99.90267448283855
clean,1180,7.136325464784932e-06,99.90268161916401
clean,1181,7.064962204594849e-06,99.9026886841262
clean,1182,6.994312570896e-06,99.90269567843877
clean,1183,6.924369444050171e-06,99.90270260280822
clean,1184,6.855125747051716e-06,99.90270945793395
clean,1185,6.786574488160113e-06,99.90271624450844
clean,1186,6.718708746689117e-06,99.90272296321719
clean,1187,6.651521673006755e-06,99.90272961473886
clean,1188,6.585006460113618e-06,99.90273619974532
clean,1189,6.519156400486281e-06,99.9027427189017
clean,1190,6.4539648292338825e-06,99.90274917286654
clean,1191,6.389425195152398e-06,99.9027555622917
clean,1192,6.3255309328269504e-06,99.90276188782263
clean,1193,6.2622756189512074e-06,99.90276815009823
clean,1194,6.199652872851402e-06,99.9027743497511
clean,1195,6.137656328064622e-06,99.90278048740743
clean,1196,6.076279760236503e-06,99.90278656368719
clean,1197,6.015516973434387e-06,99.90279257920413
clean,1198,5.95536180014733e-06,99.90279853456593
clean,1199,5.895808186551221e-06,99.90280443037409
clean,1200,5.836850093032808e-06,99.90281026722418
clean,1201,5.778481593665674e-06,99.90281604570578
clean,1202,5.720696776734258e-06,99.90282176640255
clean,1203,5.663489815788125e-06,99.90282742989234
clean,1204,5.606854912798553e-06,99.90283303674725
clean,1205,5.550786369212801e-06,99.90283858753361
clean,1206,5.495278500688983e-06,99.90284408281211
clean,1207,5.44032570815034e-06,99.90284952313782
clean,1208,5.3859224635743885e-06,99.90285490906028
clean,1209,5.332063253149499e-06,99.9028602411235
clean,1210,5.278742605696607e-06,99.90286551986611
clean,1211,5.225955177934338e-06,99.90287074582129
clean,1212,5.1736956265813205e-06,99.90287591951692
clean,1213,5.121958679410454e-06,99.9028810414756
clean,1214,5.070739078405495e-06,99.90288611221467
clean,1215,5.020031707658745e-06,99.90289113224635
clean,1216,4.969831365997379e-06,99.90289610207772
clean,1217,4.920133051200537e-06,99.90290102221077
clean,1218,4.870931746836504e-06,99.90290589314252
clean,1219,4.822222422262712e-06,99.90291071536494
clean,1220,4.7740002031559925e-06,99.90291548936511
clean,1221,4.726260200982324e-06,99.90292021562531
clean,1222,4.678997598261958e-06,99.9029248946229
clean,1223,4.6322076059368555e-06,99.9029295268305
clean,1224,4.5858855344249605e-06,99.90293411271603
clean,1225,4.540026679933362e-06,99.9029386527427
clean,1226,4.494626409723423e-06,99.90294314736911
clean,1227,4.449680176321635e-06,99.90294759704926
clean,1228,4.405183346989361e-06,99.90295200223261
clean,1229,4.361131516361638e-06,99.90295636336411
clean,1230,4.317520193808377e-06,99.9029606808843
clean,1231,4.274344988175471e-06,99.90296495522928
clean,1232,4.231601536730523e-06,99.90296918683082
clean,1233,4.1892855335845525e-06,99.90297337611634
clean,1234,4.147392687059437e-06,99.90297752350902
clean,1235,4.105918762320471e-06,99.90298162942777
clean,1236,4.064859552954658e-06,99.90298569428732
clean,1237,4.024210966235842e-06,99.90298971849829
clean,1238,3.983968852594444e-06,99.90299370246714
clean,1239,3.944129161936871e-06,99.9029976465963
clean,1240,3.904687886802094e-06,99.90300155128416
clean,1241,3.865640991307373e-06,99.90300541692515
clean,1242,3.826984581678516e-06,99.90300924390972
clean,1243,3.7887147499304774e-06,99.90301303262447
clean,1244,3.750827602289064e-06,99.90301678345206
clean,1245,3.7133193302452128e-06,99.90302049677138
clean,1246,3.6761861252898598e-06,99.9030241729575
clean,1247,3.6394242641790697e-06,99.90302781238177
clean,1248,3.6030300236689072e-06,99.90303141541176
clean,1249,3.566999723148001e-06,99.90303498241148
clean,1250,3.531329724637544e-06,99.9030385137412
clean,1251,3.4960164185804388e-06,99.90304200975761
clean,1252,3.461056252263006e-06,99.90304547081386
clean,1253,3.4264457156041317e-06,99.90304889725957
clean,1254,3.3921812558901365e-06,99.90305228944082
clean,1255,3.3582594340941796e-06,99.90305564770024
clean,1256,3.3246768396111293e-06,99.90305897237708
clean,1257,3.2914300760467086e-06,99.90306226380714
clean,1258,3.2585157612174953e-06,99.90306552232289
clean,1259,3.2259305982051956e-06,99.90306874825349
clean,1260,3.193671318513225e-06,99.9030719419248
clean,1261,3.161734582590725e-06,99.90307510365938
clean,1262,3.130117249838804e-06,99.90307823377661
clean,1263,3.0988160659717323e-06,99.90308133259266
clean,1264,3.067827918812327e-06,99.90308440042058
clean,1265,3.037149625129132e-06,99.9030874375702
clean,1266,3.006778143799238e-06,99.90309044434832
clean,1267,2.9767103342237533e-06,99.90309342105866
clean,1268,2.9469432547557517e-06,99.90309636800191
clean,1269,2.9174738358506147e-06,99.90309928547572
clean,1270,2.8882990790179974e-06,99.9031021737748
clean,1271,2.8594160994543927e-06,99.9031050331909
clean,1272,2.8308219413020197e-06,99.90310786401282
clean,1273,2.8025137055465166e-06,99.90311066652653
clean,1274,2.774488564227795e-06,99.90311344101508
clean,1275,2.7467436893857666e-06,99.90311618775877
clean,1276,2.719276267271198e-06,99.90311890703504
clean,1277,2.69208349834571e-06,99.9031215991185
clean,1278,2.665162668336052e-06,99.90312426428117
clean,1279,2.638511034547264e-06,99.90312690279218
clean,1280,2.6121258969169503e-06,99.90312951491808
clean,1281,2.586004654858698e-06,99.90313210092273
clean,1282,2.560144608310111e-06,99.90313466106734
clean,1283,2.5345431566847765e-06,99.9031371956105
clean,1284,2.509197742028846e-06,99.90313970480823
clean,1285,2.484105763755906e-06,99.90314218891399
clean,1286,2.459264692333818e-06,99.90314464817868
clean,1287,2.434672055073861e-06,99.90314708285071
clean,1288,2.410325322443896e-06,99.90314949317603
clean,1289,2.386222078598621e-06,99.9031518793981
clean,1290,2.362359850849316e-06,99.90315424175795
clean,1291,2.3387362659832434e-06,99.90315658049421
clean,1292,2.3153489081551015e-06,99.9031588958431
clean,1293,2.292195404152153e-06,99.90316118803851
clean,1294,2.269273451815934e-06,99.90316345731196
clean,1295,2.2465807205662713e-06,99.90316570389268
clean,1296,2.2241149224555556e-06,99.90316792800759
clean,1297,2.201873755325323e-06,99.90317012988135
clean,1298,2.1798550449148024e-06,99.90317230973636
clean,1299,2.158056474854675e-06,99.90317446779284
clean,1300,2.1364759135167333e-06,99.90317660426872
clean,1301,2.115111144007642e-06,99.90317871937987
clean,1302,2.0939600489100485e-06,99.90318081333992
clean,1303,2.0730204397523266e-06,99.90318288636036
clean,1304,2.052290241749688e-06,99.90318493865057
clean,1305,2.0317673232739253e-06,99.90318697041789
clean,1306,2.011449666383669e-06,99.90318898186756
clean,1307,1.991335167872421e-06,99.90319097320271
clean,1308,1.971421824009667e-06,99.90319294462454
clean,1309,1.9517076026431823e-06,99.90319489633214
clean,1310,1.9321905426750163e-06,99.90319682852265
clean,1311,1.91286859774209e-06,99.90319874139125
clean,1312,1.8937399062224358e-06,99.90320063513116
clean,1313,1.8748025212289576e-06,99.90320250993368
clean,1314,1.8560544958745595e-06,99.90320436598817
clean,1315,1.837493954326419e-06,99.90320620348211
clean,1316,1.8191190065408591e-06,99.90320802260112
clean,1317,1.8009278335284762e-06,99.90320982352894
clean,1318,1.7829185452455931e-06,99.90321160644748
clean,1319,1.7650893795462252e-06,99.90321337153686
clean,1320,1.7474384748084049e-06,99.90321511897533
clean,1321,1.729964083097002e-06,99.90321684893941
clean,1322,1.712664442266032e-06,99.90321856160385
clean,1323,1.6955378043803648e-06,99.90322025714164
clean,1324,1.6785824215048706e-06,99.90322193572406
clean,1325,1.6617965883369834e-06,99.90322359752065
clean,1326,1.6451786422067016e-06,99.90322524269929
clean,1327,1.62872684938975e-06,99.90322687142611
clean,1328,1.6124395756378362e-06,99.90322848386569
clean,1329,1.5963151867026681e-06,99.90323008018088
clean,1330,1.5803520341250987e-06,99.90323166053288
clean,1331,1.5645485262893999e-06,99.90323322508141
clean,1332,1.5489030147364247e-06,99.90323477398442
clean,1333,1.533414007326428e-06,99.9032363073984
clean,1334,1.5180798556002628e-06,99.90323782547826
clean,1335,1.5028990674181841e-06,99.90323932837731
clean,1336,1.4878700653753185e-06,99.90324081624738
clean,1337,1.4729913573319209e-06,99.90324228923873
clean,1338,1.4582614653591008e-06,99.90324374750018
clean,1339,1.4436788262628397e-06,99.90324519117901
clean,1340,1.4292420473793754e-06,99.90324662042106
clean,1341,1.4149496223581082e-06,99.90324803537067
clean,1342,1.4008001443244211e-06,99.90324943617081
clean,1343,1.386792135349424e-06,99.90325082296295
clean,1344,1.3729242027693545e-06,99.90325219588715
clean,1345,1.35919498234216e-06,99.90325355508212
clean,1346,1.3456030103498051e-06,99.90325490068513
clean,1347,1.3321469793936558e-06,99.9032562328321
clean,1348,1.3188255252316594e-06,99.90325755165763
clean,1349,1.3056372694109086e-06,99.90325885729487
clean,1350,1.2925808761110602e-06,99.90326014987575
clean,1351,1.2796550663551898e-06,99.90326142953082
clean,1352,1.2668585185338088e-06,99.90326269638933
clean,1353,1.2541899394591383e-06,99.90326395057927
clean,1354,1.241648035943399e-06,99.90326519222731
clean,1355,1.2292315716422308e-06,99.90326642145885
clean,1356,1.2169392249461453e-06,99.90326763839808
clean,1357,1.204769858986765e-06,99.90326884316794
clean,1358,1.1927221521546016e-06,99.90327003589009
clean,1359,1.1807949533704232e-06,99.90327121668503
clean,1360,1.1689869694464505e-06,99.903272385672
clean,1361,1.1572971061468706e-06,99.9032735429691
clean,1362,1.1457241271273233e-06,99.90327468869323
clean,1363,1.1342668813085766e-06,99.90327582296011
clean,1364,1.1229242318222532e-06,99.90327694588434
clean,1365,1.1116949849565572e-06,99.90327805757931
clean,1366,1.10057806068653e-06,99.90327915815737
clean,1367,1.0895722653003759e-06,99.90328024772964
clean,1368,1.0786765471948456e-06,99.90328132640616
clean,1369,1.0678897552907074e-06,99.90328239429591
clean,1370,1.0572108948281311e-06,99.90328345150681
clean,1371,1.0466387720953207e-06,99.90328449814558
clean,1372,1.0361723923324462e-06,99.90328553431796
clean,1373,1.0258106613036944e-06,99.90328656012862
clean,1374,1.0155525558275258e-06,99.90328757568118
clean,1375,1.0053970385115463e-06,99.90328858107819
clean,1376,9.953430435416522e-07,99.90328957642123
decision_targeted,1,1.2106415178350838,1.2106415178350838
decision_targeted,2,1.198535102656733,2.4091766204918166
decision_targeted,3,1.1865497516301655,3.595726372121982
decision_targeted,4,1.1746842541138642,4.770410626235846
decision_targeted,5,1.1629374115727256,5.933348037808572
decision_targeted,6,1.1513080374569986,7.0846560752655705
decision_targeted,7,1.1397949570824295,8.224451032348
decision_targeted,8,1.1283970075116043,9.352848039859603
decision_targeted,9,1.1171130374364875,10.469961077296091
decision_targeted,10,1.1059419070621228,11.575902984358214
decision_targeted,11,1.0948824879915016,12.670785472349715
decision_targeted,12,1.083933663111587,13.754719135461302
decision_targeted,13,1.0730943264804704,14.827813461941773
decision_targeted,14,1.0623633832156667,15.89017684515744
decision_targeted,15,1.0517397493835094,16.94191659454095
decision_targeted,16,1.041222351889676,17.98313894643062
decision_targeted,17,1.0308101283707742,19.013949074801396
decision_targeted,18,1.020502027087069,20.034451101888465
decision_targeted,19,1.0102970068162023,21.044748108704667
decision_targeted,20,1.000194036748038,22.0449421454527
decision_targeted,21,0.9901920963805537,23.035134241833255
decision_targeted,22,0.9802901754167479,24.015424417250003
decision_targeted,23,0.9704872736625845,24.985911690912587
decision_targeted,24,0.9607824009259609,25.946694091838545
decision_targeted,25,0.9511745769166993,26.897868668755244
decision_targeted,26,0.9416628311475321,27.839531499902776
decision_targeted,27,0.9322462028360583,28.77177770273883
decision_targeted,28,0.9229237408076969,29.694701443546528
decision_targeted,29,0.913694503399622,30.608395946946146
decision_targeted,30,0.9045575583656245,31.51295350531177
decision_targeted,31,0.8955119827819686,32.40846548809374
decision_targeted,32,0.8865568629541514,33.29502235104789
decision_targeted,33,0.877691294324606,34.1727136453725
decision_targeted,34,0.8689143813813587,35.041628026753855
decision_targeted,35,0.8602252375675477,35.9018532643214
decision_targeted,36,0.8516229851918737,36.75347624951328
decision_targeted,37,0.8431067553399529,37.59658300485323
decision_targeted,38,0.8346756877865502,38.43125869263978
decision_targeted,39,0.8263289309086872,39.25758762354847
decision_targeted,40,0.8180656415996026,40.07565326514807
decision_targeted,41,0.8098849851836079,40.88553825033168
decision_targeted,42,0.801786135331767,41.687324385663445
decision_targeted,43,0.7937682739784506,42.481092659641895
decision_targeted,44,0.7858305912386641,43.26692325088056
decision_targeted,45,0.7779722853262783,44.04489553620684
decision_targeted,46,0.7701925624730137,44.81508809867985
decision_targeted,47,0.762490636848284,45.577578735528135
decision_targeted,48,0.754865730479807,46.33244446600794
decision_targeted,49,0.7473170731750045,47.07976153918295
decision_targeted,50,0.7398439024432548,47.8196054416262
decision_targeted,51,0.73244546341882,48.55205090504502
decision_targeted,52,0.7251210087846331,49.277171913829655
decision_targeted,53,0.717869798696789,49.995041712526444
decision_targeted,54,0.7106911007098233,50.70573281323627
decision_targeted,55,0.703584189702724,51.40931700293899
decision_targeted,56,0.6965483478056953,52.105865350744686
decision_targeted,57,0.6895828643276403,52.79544821507233
decision_targeted,58,0.68268703568436,53.47813525075669
decision_targeted,59,0.6758601653275207,54.15399541608421
decision_targeted,60,0.6691015636742463,54.82309697975845
decision_targeted,61,0.6624105480374993,55.48550752779595
decision_targeted,62,0.6557864425571225,56.141293970353075
decision_targeted,63,0.6492285781315559,56.79052254848463
decision_targeted,64,0.6427362923502358,57.43325884083487
decision_targeted,65,0.6363089294267397,58.06956777026161
decision_targeted,66,0.6299458401324713,58.69951361039408
decision_targeted,67,0.6236463817311417,59.32315999212522
decision_targeted,68,0.6174099179138324,59.94056991003905
decision_targeted,69,0.6112358187346913,60.55180572877374
decision_targeted,70,0.6051234605473468,61.15692918932109
decision_targeted,71,0.5990722259418746,61.756001415262965
decision_targeted,72,0.5930815036824555,62.34908291894542
decision_targeted,73,0.5871506886456288,62.93623360759105
decision_targeted,74,0.5812791817591716,63.51751278935022
decision_targeted,75,0.5754663899415817,64.0929791792918
decision_targeted,76,0.5697117260421578,64.66269090533396
decision_targeted,77,0.564014608781747,65.22670551411571
decision_targeted,78,0.5583744626939335,65.78507997680964
decision_targeted,79,0.5527907180669871,66.33787069487661
decision_targeted,80,0.5472628108863233,66.88513350576292
decision_targeted,81,0.5417901827774472,67.42692368854037
decision_targeted,82,0.5363722809496778,67.96329596949005
decision_targeted,83,0.5310085581401864,68.49430452763022
decision_targeted,84,0.525698472558787,69.020003000189
decision_targeted,85,0.520441487833196,69.54044448802219
decision_targeted,86,0.5152370729548608,70.05568156097704
decision_targeted,87,0.5100847022253134,70.56576626320233
decision_targeted,88,0.5049838552030508,71.07075011840539
decision_targeted,89,0.4999340166510251,71.57068413505641
decision_targeted,90,0.49493467648451883,72.06561881154093
decision_targeted,91,0.489985329719687,72.5556041412606
decision_targeted,92,0.48508547642248345,73.04068961768309
decision_targeted,93,0.4802346216582549,73.52092423934133
decision_targeted,94,0.4754322754416762,73.996356514783
decision_targeted,95,0.470677952687268,74.46703446747026
decision_targeted,96,0.4659711731603835,74.93300564063063
decision_targeted,97,0.4613114614287923,75.3943171020594
decision_targeted,98,0.4566983468145054,75.85101544887388
decision_targeted,99,0.4521313633463535,76.3031468122202
decision_targeted,100,0.4476100497128783,76.75075686193307
decision_targeted,101,0.4431339492157491,77.1938908111488
decision_targeted,102,0.43870260972357755,77.63259342087238
decision_targeted,103,0.4343155836263577,78.06690900449874
decision_targeted,104,0.4299724277900907,78.49688143228883
decision_targeted,105,0.4256727035121912,78.92255413580102
decision_targeted,106,0.4214159764770784,79.3439701122781
decision_targeted,107,0.41720181671230705,79.7611719289904
decision_targeted,108,0.41302979854518185,80.17420172753557
decision_targeted,109,0.4088995005597411,80.5831012280953
decision_targeted,110,0.40481050555413844,80.98791173364944
decision_targeted,111,0.4007624004985928,81.38867413414803
decision_targeted,112,0.3967547764936228,81.78542891064163
decision_targeted,113,0.3927872287286789,82.17821613937028
decision_targeted,114,0.3888593564413867,82.56707549581165
decision_targeted,115,0.38497076287697496,82.95204625868863
decision_targeted,116,0.38112105524820095,83.33316731393683
decision_targeted,117,0.3773098446957448,83.71047715863253
decision_targeted,118,0.3735367462487602,84.08401390488129
decision_targeted,119,0.3698013787862777,84.45381528366755
decision_targeted,120,0.36610336499843754,84.81991864866595
decision_targeted,121,0.3624423313484044,85.18236098001435
decision_targeted,122,0.3588179080349363,85.54117888804927
decision_targeted,123,0.3552297289545976,85.89640861700386
decision_targeted,124,0.3516774316650526,86.24808604866891
decision_targeted,125,0.3481606573484015,86.5962467060173
decision_targeted,126,0.34467905077491423,86.94092575679221
decision_targeted,127,0.34123226026716225,87.28215801705937
decision_targeted,128,0.3378199376645057,87.61997795472385
decision_targeted,129,0.3344417382878504,87.95441969301169
decision_targeted,130,0.33109732090497346,88.28551701391666
decision_targeted,131,0.32778634769591974,88.61330336161257
decision_targeted,132,0.3245084842189385,88.9378118458315
decision_targeted,133,0.32126339937676107,89.25907524520827
decision_targeted,134,0.31805076538299204,89.57712601059126
decision_targeted,135,0.31487025772918287,89.89199626832041
decision_targeted,136,0.31172155515187683,90.20371782347229
decision_targeted,137,0.3086043396003646,90.51232216307264
decision_targeted,138,0.30551829620435456,90.817840459277
decision_targeted,139,0.302463113242311,91.1203035725193
decision_targeted,140,0.2994384821098919,91.41974205462918
decision_targeted,141,0.2964440972887985,91.71618615191798
decision_targeted,142,0.29347965631590966,92.00966580823388
decision_targeted,143,0.2905448597527567,92.30021066798662
decision_targeted,144,0.28763941115522584,92.58785007914184
decision_targeted,145,0.284763017043673,92.87261309618552
decision_targeted,146,0.28191538687325135,93.15452848305873
decision_targeted,147,0.27909623300450903,93.4336247160632
decision_targeted,148,0.27630527067444177,93.70992998673765
decision_targeted,149,0.2735422179677016,93.98347220470535
decision_targeted,150,0.27080679578803313,94.25427900049337
decision_targeted,151,0.2680987278301359,94.5223777283235
decision_targeted,152,0.26541774055185385,94.78779546887534
decision_targeted,153,0.2627635631463363,95.05055903202168
decision_targeted,154,0.2601359275148667,95.31069495953653
decision_targeted,155,0.2575345682397199,95.56822952777625
decision_targeted,156,0.25495922255731784,95.82318875033357
decision_targeted,157,0.2524096303317549,96.07559838066533
decision_targeted,158,0.2498855340284365,96.32548391469376
decision_targeted,159,0.24738667868814446,96.57287059338191
decision_targeted,160,0.24491281190127268,96.81778340528317
decision_targeted,161,0.24246368378224759,97.0602470890654
decision_targeted,162,0.240039046944446,97.30028613600982
decision_targeted,163,0.23763865647498505,97.5379247924848
decision_targeted,164,0.2352622699102369,97.77318706239504
decision_targeted,165,0.2329096472111445,98.00609670960617
decision_targeted,166,0.2305805507390346,98.23667726034518
decision_targeted,167,0.22827474523163005,98.4649520055768
decision_targeted,168,0.22599199777931744,98.69094400335612
decision_targeted,169,0.22373207780152882,98.91467608115764
decision_targeted,170,0.22149475702353527,99.13617083818113
decision_targeted,171,0.21927980945326908,99.3554506476344
decision_targeted,172,0.21708701135875685,99.57253765899313
decision_targeted,173,0.21491614124514058,99.78745380023827
decision_targeted,174,0.21276697983270765,100.00022078007098
decision_targeted,175,0.21063931003439507,100.21086009010534
decision_targeted,176,0.20853291693403264,100.41939300703936
decision_targeted,177,0.20644758776467143,100.62584059480403
decision_targeted,178,0.20438311188705427,100.83022370669107
decision_targeted,179,0.20233928076817165,101.03256298745924
decision_targeted,180,0.2003158879604996,101.23287887541971
decision_targeted,181,0.19831272908086817,101.43119160450058
decision_targeted,182,0.19632960179008307,101.62752120629065
decision_targeted,183,0.19436630577217784,101.82188751206283
decision_targeted,184,0.19242264271446174,102.01431015477729
decision_targeted,185,0.190498416287312,102.2048085710646
decision_targeted,186,0.18859343212444912,102.39340200318904
decision_targeted,187,0.18670749780319795,102.58010950099222
decision_targeted,188,0.1848404228251752,102.76494992381737
decision_targeted,189,0.18299201859690584,102.94794194241427
decision_targeted,190,0.18116209841093678,103.12910404082521
decision_targeted,191,0.17935047742683707,103.30845451825203
decision_targeted,192,0.17755697265256742,103.48601149090459
decision_targeted,193,0.1757814029260203,103.66179289383061
decision_targeted,194,0.17402358889678737,103.83581648272738
decision_targeted,195,0.1722833530078134,104.00809983573518
decision_targeted,196,0.1705605194777462,104.17866035521291
decision_targeted,197,0.16885491428296007,104.34751526949586
decision_targeted,198,0.16716636514013317,104.51468163463599
decision_targeted,199,0.1654947014887398,104.6801763361247
decision_targeted,200,0.16383975447384103,104.84401609059853
decision_targeted,201,0.16220135692911697,105.00621744752763
decision_targeted,202,0.16057934335981372,105.16679679088745
decision_targeted,203,0.15897354992621615,105.32577034081365
decision_targeted,204,0.15738381442693594,105.48315415524058
decision_targeted,205,0.155809976282697,105.63896413152327
decision_targeted,206,0.15425187651986505,105.79321600804312
decision_targeted,207,0.15270935775465944,105.94592536579776
decision_targeted,208,0.151182264177109,106.09710762997486
decision_targeted,209,0.14967044153534914,106.24677807151019
decision_targeted,210,0.14817373711998982,106.39495180863017
decision_targeted,211,0.1466919997487821,106.54164380837895
decision_targeted,212,0.14522507975129884,106.68686888813025
decision_targeted,213,0.14377282895378585,106.83064171708403
decision_targeted,214,0.1423351006642548,106.97297681774828
decision_targeted,215,0.14091174965760445,107.11388856740587
decision_targeted,216,0.13950263216102599,107.25339119956689
decision_targeted,217,0.13810760583943704,107.39149880540631
decision_targeted,218,0.13672652978101496,107.52822533518733
decision_targeted,219,0.13535926448321334,107.66358459967054
decision_targeted,220,0.13400567183838064,107.79759027150891
decision_targeted,221,0.13266561511998987,107.93025588662888
decision_targeted,222,0.13133895896881143,108.06159484559768
decision_targeted,223,0.13002556937911436,108.1916204149768
decision_targeted,224,0.12872531368532236,108.32034572866212
decision_targeted,225,0.12743806054847084,108.44778378921058
decision_targeted,226,0.12616367994297661,108.57394746915355
decision_targeted,227,0.12490204314354969,108.6988495122971
decision_targeted,228,0.12365302271211931,108.82250253500922
decision_targeted,229,0.12241649248501574,108.9449190274942
decision_targeted,230,0.12119232756013787,109.06611135505432
decision_targeted,231,0.11998040428454715,109.18609175933886
decision_targeted,232,0.11878060024169201,109.30487235958054
decision_targeted,233,0.11759279423927183,109.42246515381981
decision_targeted,234,0.11641686629688763,109.53888202011669
decision_targeted,235,0.11525269763390611,109.6541347177506
decision_targeted,236,0.11410017065757927,109.76823488840816
decision_targeted,237,0.11295916895099367,109.88119405735915
decision_targeted,238,0.11182957726150278,109.99302363462064
decision_targeted,239,0.1107112814888751,110.10373491610952
decision_targeted,240,0.10960416867399658,110.21333908478351
decision_targeted,241,0.10850812698727452,110.32184721177074
decision_targeted,242,0.10742304571738259,110.42927025748813
decision_targeted,243,0.10634881526020479,110.53561907274832
decision_targeted,244,0.10528532710759464,110.64090439985591
decision_targeted,245,0.10423247383653234,110.74513687369245
decision_targeted,246,0.10319014909816815,110.84832702279058
decision_targeted,247,0.10215824760719272,110.95048527039776
decision_targeted,248,0.10113666513110786,111.05162193552886
decision_targeted,249,0.10012529847981,111.15174723400864
decision_targeted,250,0.09912404549498888,111.25087127950363
decision_targeted,251,0.09813280504005206,111.34900408454368
decision_targeted,252,0.09715147698965154,111.44615556153332
decision_targeted,253,0.09617996221975034,111.54233552375305
decision_targeted,254,0.09521816259756122,111.6375536863506
decision_targeted,255,0.0942659809715849,111.73181966732218
decision_targeted,256,0.09332332116186137,111.82514298848403
decision_targeted,257,0.09239008795023551,111.91753307643427
decision_targeted,258,0.0914661870707505,112.00899926350499
decision_targeted,259,0.0905515252000555,112.09955078870502
decision_targeted,260,0.08964600994804073,112.18919679865306
decision_targeted,261,0.08874954984857197,112.27794634850162
decision_targeted,262,0.08786205435006877,112.36580840285168
decision_targeted,263,0.08698343380658002,112.45279183665824
decision_targeted,264,0.08611359946849007,112.53890543612673
decision_targeted,265,0.08525246347380744,112.62415789960053
decision_targeted,266,0.08439993883908414,112.70855783843962
decision_targeted,267,0.08355593945069018,112.79211377789031
decision_targeted,268,0.08272038005618754,112.87483415794648
decision_targeted,269,0.08189317625561898,112.9567273342021
decision_targeted,270,0.0810742444930952,113.03780157869517
decision_targeted,271,0.08026350204812616,113.11806508074329
decision_targeted,272,0.07946086702766308,113.19752594777094
decision_targeted,273,0.07866625835738716,113.27619220612831
decision_targeted,274,0.07787959577382253,113.35407180190211
decision_targeted,275,0.07710079981606555,113.43117260171817
decision_targeted,276,0.07632979181789779,113.50750239353607
decision_targeted,277,0.07556649389972847,113.58306888743579
decision_targeted,278,0.07481082896072166,113.65787971639651
decision_targeted,279,0.0740627206711224,113.73194243706763
decision_targeted,280,0.07332209346441232,113.80526453053204
decision_targeted,281,0.07258887252979207,113.8778534030618
decision_targeted,282,0.07186298380447909,113.94971638686627
decision_targeted,283,0.07114435396641738,114.02086074083269
decision_targeted,284,0.07043291042677424,114.09129365125943
decision_targeted,285,0.06972858132249371,114.16102223258193
decision_targeted,286,0.06903129550927645,114.23005352809119
decision_targeted,287,0.06834098255419008,114.29839451064535
decision_targeted,288,0.06765757272862061,114.36605208337397
decision_targeted,289,0.06698099700133753,114.43303308037531
decision_targeted,290,0.06631118703131733,114.49934426740663
decision_targeted,291,0.06564807516102178,114.56499234256765
decision_targeted,292,0.06499159440943458,114.62998393697706
decision_targeted,293,0.06434167846533967,114.69432561544235
decision_targeted,294,0.0636982616806705,114.75802387712301
decision_targeted,295,0.06306127906385939,114.82108515618685
decision_targeted,296,0.06243066627320104,114.88351582246005
decision_targeted,297,0.061806359610486084,114.94532218207053
decision_targeted,298,0.06118829601437881,115.00651047808489
decision_targeted,299,0.060576413054235445,115.06708689113913
decision_targeted,300,0.05997064892369508,115.12705754006282
decision_targeted,301,0.05937094243445529,115.18642848249726
decision_targeted,302,0.058777233010118834,115.24520571550738
decision_targeted,303,0.05818946068002617,115.3033951761874
decision_targeted,304,0.05760756607321582,115.36100274226061
decision_targeted,305,0.05703149041248423,115.41803423267308
decision_targeted,306,0.056461175508360384,115.47449540818144
decision_targeted,307,0.05589656375329355,115.5303919719347
decision_targeted,308,0.05533759811575578,115.58572957005043
decision_targeted,309,0.05478422213457179,115.640513792185
decision_targeted,310,0.0542363799132346,115.69475017209822
decision_targeted,311,0.0536940161140933,115.74844418821232
decision_targeted,312,0.05315707595296715,115.80160126416527
decision_targeted,313,0.052625505193418576,115.85422676935869
decision_targeted,314,0.05209925014149519,115.90632601950017
decision_targeted,315,0.051578257640088054,115.95790427714024
decision_targeted,316,0.051062475063702095,116.00896675220392
decision_targeted,317,0.05055185031304177,116.05951860251696
decision_targeted,318,0.05004633180990936,116.10956493432687
decision_targeted,319,0.04954586849181908,116.15911080281867
decision_targeted,320,0.049050409806895345,116.20816121262555
decision_targeted,321,0.048559905708827955,116.25672111833438
decision_targeted,322,0.04807430665175616,116.30479542498611
decision_targeted,323,0.04759356358522382,116.35238898857133
decision_targeted,324,0.04711762794937613,116.39950661652071
decision_targeted,325,0.04664645166990056,116.44615306819057
decision_targeted,326,0.046179987153180946,116.49233305534375
decision_targeted,327,0.04571818728165056,116.53805124262539
decision_targeted,328,0.04526100540883249,116.58331224803422
decision_targeted,329,0.044808395354749564,116.62812064338897
decision_targeted,330,0.04436031140120633,116.67248095479016
decision_targeted,331,0.04391670828718475,116.71639766307734
decision_targeted,332,0.04347754120431091,116.75987520428166
decision_targeted,333,0.04304276579227917,116.8029179700739
decision_targeted,334,0.04261233813434728,116.84553030820825
decision_targeted,335,0.042186214753002105,116.88771652296126
decision_targeted,336,0.04176435260546896,116.92948087556672
decision_targeted,337,0.04134670907943416,116.97082758464614
decision_targeted,338,0.04093324198863968,117.01176082663477
decision_targeted,339,0.04052390956874774,117.05228473620349
decision_targeted,340,0.04011867047306339,117.09240340667654
decision_targeted,341,0.039717483768328066,117.13212089044484
decision_targeted,342,0.03932030893064109,117.17144119937547
decision_targeted,343,0.038927105841310095,117.21036830521678
decision_targeted,344,0.038537834782914615,117.24890613999969
decision_targeted,345,0.03815245643511389,117.28705859643478
decision_targeted,346,0.03777093187073888,117.32482952830551
decision_targeted,347,0.037393222552040584,117.36222275085754
decision_targeted,348,0.03701929032651208,117.39924204118404
decision_targeted,349,0.03664909742325051,117.43589113860727
decision_targeted,350,0.03628260644899228,117.47217374505627
decision_targeted,351,0.03591978038453192,117.50809352544078
decision_targeted,352,0.03556058258067196,117.54365410802146
decision_targeted,353,0.03520497675488343,117.57885908477633
decision_targeted,354,0.03485292698732678,117.61371201176365
decision_targeted,355,0.034504397717469715,117.64821640948108
decision_targeted,356,0.034159353740278675,117.68237576322136
decision_targeted,357,0.03381776020286509,117.71619352342421
decision_targeted,358,0.03347958260084738,117.74967310602506
decision_targeted,359,0.033144786774840895,117.7828178927999
decision_targeted,360,0.03281333890710414,117.81563123170699
decision_targeted,361,0.03248520551801448,117.848116437225
decision_targeted,362,0.032160353462856506,117.88027679068782
decision_targeted,363,0.03183874992819824,117.91211554061601
decision_targeted,364,0.03152036242892109,117.94363590304494
decision_targeted,365,0.03120515880465291,117.97484106184956
decision_targeted,366,0.03089310721658478,118.00573416906613
decision_targeted,367,0.030584176144429875,118.03631834521056
decision_targeted,368,0.03027833438298444,118.06659667959354
decision_targeted,369,0.02997555103914351,118.09657223063269
decision_targeted,370,0.029675795528760318,118.12624802616145
decision_targeted,371,0.029379037573477262,118.15562706373493
decision_targeted,372,0.029085247197741637,118.18471231093267
decision_targeted,373,0.028794394725778716,118.21350670565843
decision_targeted,374,0.028506450778522208,118.24201315643691
decision_targeted,375,0.028221386270701032,118.27023454270761
decision_targeted,376,0.027939172407997148,118.29817371511561
decision_targeted,377,0.027659780683933377,118.32583349579954
decision_targeted,378,0.027383182877116496,118.35321667867663
decision_targeted,379,0.027109351048338226,118.38032602972496
decision_targeted,380,0.026838257537832533,118.40716428726279
decision_targeted,381,0.02656987496246188,118.43373416222525
decision_targeted,382,0.02630417621284664,118.46003833843807
decision_targeted,383,0.02604113445070766,118.48607947288878
decision_targeted,384,0.025780723106223036,118.51186019599496
decision_targeted,385,0.025522915875143326,118.53738311187007
decision_targeted,386,0.025267686716375692,118.56265079858645
decision_targeted,387,0.025015009849227,118.58766580843567
decision_targeted,388,0.02476485975073217,118.61243066818639
decision_targeted,389,0.02451721115323835,118.6369478793396
decision_targeted,390,0.024272039041676408,118.66121991838128
decision_targeted,391,0.024029318651273,118.68524923703254
decision_targeted,392,0.023789025464765245,118.7090382624973
decision_targeted,393,0.023551135210126972,118.73258939770741
decision_targeted,394,0.023315623858024992,118.75590502156541
decision_targeted,395,0.023082467619417457,118.77898748918483
decision_targeted,396,0.022851642943251704,118.80183913212807
decision_targeted,397,0.022623126513821035,118.82446225864186
decision_targeted,398,0.02239689524867572,118.8468591538905
decision_targeted,399,0.02217292629617873,118.86903208018668
decision_targeted,400,0.021951197033217795,118.8909832772199
decision_targeted,401,0.021731685062889028,118.91271496228279
decision_targeted,402,0.021514368212265822,118.93422933049504
decision_targeted,403,0.021299224530139327,118.95552855502518
decision_targeted,404,0.021086232284829975,118.97661478731001
decision_targeted,405,0.020875369961984802,118.99749015727198
decision_targeted,406,0.02066661626236055,119.01815677353434
decision_targeted,407,0.02045995009973467,119.03861672363408
decision_targeted,408,0.02025535059874528,119.05887207423282
decision_targeted,409,0.020052797092773744,119.07892487132557
decision_targeted,410,0.01985226912182725,119.0987771404474
decision_targeted,411,0.019653746430620345,119.118430886878
decision_targeted,412,0.01945720896630121,119.13788809584429
decision_targeted,413,0.019262636876646866,119.15715073272094
decision_targeted,414,0.019070010507874713,119.17622074322881
decision_targeted,415,0.018879310402809324,119.19510005363159
decision_targeted,416,0.01869051729876503,119.21379057093034
decision_targeted,417,0.018503612125783775,119.23229418305613
decision_targeted,418,0.018318576004531906,119.25061275906063
decision_targeted,419,0.018135390244481187,119.26874814930511
decision_targeted,420,0.017954036342032964,119.28670218564713
decision_targeted,421,0.017774495978613913,119.30447668162574
decision_targeted,422,0.017596751018828627,119.32207343264457
decision_targeted,423,0.017420783508654836,119.33949421615321
decision_targeted,424,0.017246575673553366,119.35674079182675
decision_targeted,425,0.01707410991681968,119.37381490174357
decision_targeted,426,0.0169033688176512,119.39071827056122
decision_targeted,427,0.016734335129470423,119.40745260569068
decision_targeted,428,0.01656699177819121,119.42401959746886
decision_targeted,429,0.016401321860399776,119.44042091932926
decision_targeted,430,0.016237308641819936,119.45665822797105
decision_targeted,431,0.01607493555538042,119.47273316352641
decision_targeted,432,0.015914186199808,119.48864734972622
decision_targeted,433,0.01575504433783692,119.50440239406404
decision_targeted,434,0.015597493894446757,119.51999988795848
decision_targeted,435,0.015441518955512379,119.53544140691398
decision_targeted,436,0.015287103765942334,119.5507285106799
decision_targeted,437,0.015134232728286179,119.56586274340819
decision_targeted,438,0.014982890401043392,119.58084563380919
decision_targeted,439,0.014833061497000699,119.59567869530616
decision_targeted,440,0.014684730882038366,119.61036342618817
decision_targeted,441,0.014537883573183308,119.62490130976136
decision_targeted,442,0.014392504737472223,119.63929381449881
decision_targeted,443,0.014248579690089969,119.65354239418889
decision_targeted,444,0.014106093893190064,119.66764848808208
decision_targeted,445,0.013965032954260437,119.68161352103633
decision_targeted,446,0.013825382624730764,119.69543890366103
decision_targeted,447,0.01368712879846612,119.7091260324595
decision_targeted,448,0.013550257510473784,119.72267628996997
decision_targeted,449,0.0134147549353969,119.73609104490535
decision_targeted,450,0.013280607386050747,119.74937165229139
decision_targeted,451,0.013147801312172192,119.76251945360355
decision_targeted,452,0.013016323299069654,119.77553577690259
decision_targeted,453,0.012886160066045704,119.78842193696863
decision_targeted,454,0.0127572984654023,119.80117923543403
decision_targeted,455,0.01262972548076391,119.81380896091477
decision_targeted,456,0.012503428225926427,119.8263123891407
decision_targeted,457,0.012378393943663468,119.83869078308436
decision_targeted,458,0.012254610004220012,119.85094539308858
decision_targeted,459,0.01213206390420396,119.86307745699278
decision_targeted,460,0.012010743265179258,119.87508820025792
decision_targeted,461,0.011890635832514818,119.8869788360904
decision_targeted,462,0.011771729474162385,119.89875056556457
decision_targeted,463,0.011654012179434403,119.910404577744
decision_targeted,464,0.011537472057639775,119.92194204980163
decision_targeted,465,0.011422097337074888,119.93336414713869
decision_targeted,466,0.011307876363702007,119.94467202350239
decision_targeted,467,0.01119479760005504,119.95586682110243
decision_targeted,468,0.011082849624074242,119.96694967072648
decision_targeted,469,0.010972021127827247,119.97792169185428
decision_targeted,470,0.010862300916528511,119.9887839927708
decision_targeted,471,0.010753677907359815,119.99953767067817
decision_targeted,472,0.010646141128290765,120.01018381180646
decision_targeted,473,0.010539679717027184,120.02072349152348
decision_targeted,474,0.010434282919845828,120.03115777444333
decision_targeted,475,0.010329940090656464,120.04148771453399
decision_targeted,476,0.01022664068975132,120.05171435522374
decision_targeted,477,0.010124374282867166,120.06183872950658
decision_targeted,478,0.01002313054002002,120.0718618600466
decision_targeted,479,0.009922899234624083,120.08178475928122
decision_targeted,480,0.009823670242298022,120.09160842952349
decision_targeted,481,0.00972543353987021,120.10133386306333
decision_targeted,482,0.009628179204469234,120.11096204226777
decision_targeted,483,0.009531897412387025,120.12049393968016
decision_targeted,484,0.00943657843828305,120.12993051811844
decision_targeted,485,0.009342212653905335,120.13927273077235
decision_targeted,486,0.009248790527365713,120.1485215212997
decision_targeted,487,0.00915630262208822,120.15767782392177
decision_targeted,488,0.009064739595856963,120.16674256351763
decision_targeted,489,0.008974092199906636,120.17571665571754
decision_targeted,490,0.008884351277927749,120.18460100699545
decision_targeted,491,0.00879550776515714,120.19339651476056
decision_targeted,492,0.00870755268748269,120.20210406744803
decision_targeted,493,0.008620477160604878,120.21072454460864
decision_targeted,494,0.008534272388999398,120.21925881699764
decision_targeted,495,0.00844892966512134,120.22770774666273
decision_targeted,496,0.008364440368453074,120.23607218703117
decision_targeted,497,0.008280795964765275,120.24435298299593
decision_targeted,498,0.00819798800512217,120.25255097100106
decision_targeted,499,0.008116008125071517,120.26066697912611
decision_targeted,500,0.008034848043820375,120.26870182716993
decision_targeted,501,0.007954499563396666,120.2766563267333
decision_targeted,502,0.007874954567739678,120.28453128130104
decision_targeted,503,0.007796205022060576,120.2923274863231
decision_targeted,504,0.007718242971833433,120.30004572929494
decision_targeted,505,0.007641060542141531,120.30768678983708
decision_targeted,506,0.007564649936711021,120.31525143977379
decision_targeted,507,0.007489003437370911,120.32274044321113
decision_targeted,508,0.007414113402973044,120.3301545566141
decision_targeted,509,0.0073399722689657665,120.33749452888304
decision_targeted,510,0.007266572546257066,120.3447611014293
decision_targeted,511,0.0071939068208166645,120.35195500825009
decision_targeted,512,0.007121967752595992,120.35907697600265
decision_targeted,513,0.007050748075073443,120.3661277240777
decision_targeted,514,0.006980240594302245,120.37310796467199
decision_targeted,515,0.006910438188356238,120.38001840286034
decision_targeted,516,0.006841333806477223,120.38685973666682
decision_targeted,517,0.006772920468421262,120.39363265713524
decision_targeted,518,0.006705191263733923,120.40033784839898
decision_targeted,519,0.006638139351096584,120.40697598775006
decision_targeted,520,0.006571757957601676,120.41354774570763
decision_targeted,521,0.006506040378013722,120.42005378608565
decision_targeted,522,0.006440979974229322,120.42649476605988
decision_targeted,523,0.006376570174495555,120.43287133623434
decision_targeted,524,0.006312804472742073,120.43918414070708
decision_targeted,525,0.0062496764280268735,120.4454338171351
decision_targeted,526,0.006187179663754705,120.45162099679882
decision_targeted,527,0.006125307867108631,120.4577463046659
decision_targeted,528,0.006064054788424755,120.46381035945433
decision_targeted,529,0.006003414240538518,120.46981377369485
decision_targeted,530,0.005943380098131001,120.47575715379298
decision_targeted,531,0.005883946297160492,120.48164110009014
decision_targeted,532,0.005825106834194571,120.48746620692432
decision_targeted,533,0.005766855765841683,120.49323306269017
decision_targeted,534,0.005709187208182698,120.49894224989833
decision_targeted,535,0.005652095336103002,120.50459434523444
decision_targeted,536,0.005595574382766699,120.51018991961718
decision_targeted,537,0.005539618638934485,120.51572953825607
decision_targeted,538,0.005484222452537324,120.52121376070858
decision_targeted,539,0.005429380227994329,120.52664314093656
decision_targeted,540,0.005375086425715381,120.53201822736227
decision_targeted,541,0.0053213355614616376,120.53733956292373
decision_targeted,542,0.005268122205848158,120.54260768512958
decision_targeted,543,0.0052154409837896765,120.54782312611337
decision_targeted,544,0.00516328657396059,120.55298641268732
decision_targeted,545,0.005111653708212316,120.55809806639553
decision_targeted,546,0.005060537171132751,120.56315860356665
decision_targeted,547,0.005009931799435208,120.56816853536606
decision_targeted,548,0.004959832481432613,120.57312836784746
decision_targeted,549,0.004910234156596971,120.57803860200406
decision_targeted,550,0.004861131815033559,120.58289973381909
decision_targeted,551,0.004812520496898287,120.58771225431599
decision_targeted,552,0.004764395291928736,120.5924766496079
decision_targeted,553,0.004716751339003622,120.5971934009469
decision_targeted,554,0.004669583825616996,120.60186298477251
decision_targeted,555,0.004622887987352442,120.60648587275986
decision_targeted,556,0.0045766591074709595,120.61106253186733
decision_targeted,557,0.004530892516413587,120.61559342438375
decision_targeted,558,0.0044855835912471775,120.620079007975
decision_targeted,559,0.004440727755337548,120.62451973573033
decision_targeted,560,0.004396320477781046,120.62891605620811
decision_targeted,561,0.004352357273020857,120.63326841348112
decision_targeted,562,0.00430883370029278,120.63757724718138
decision_targeted,563,0.004265745363269957,120.64184299254464
decision_targeted,564,0.004223087909650758,120.64606608045426
decision_targeted,565,0.004180857030547713,120.65024693748481
decision_targeted,566,0.004139048460245931,120.65438598594503
decision_targeted,567,0.004097657975634661,120.65848364392065
decision_targeted,568,0.004056681395866235,120.66254032531651
decision_targeted,569,0.00401611458190132,120.66655643989841
decision_targeted,570,0.003975953436096802,120.6705323933345
decision_targeted,571,0.003936193901722618,120.67446858723622
decision_targeted,572,0.003896831962720171,120.67836541919894
decision_targeted,573,0.003857863643091264,120.68222328284202
decision_targeted,574,0.003819285006670725,120.68604256784869
decision_targeted,575,0.0037810921566006073,120.68982366000529
decision_targeted,576,0.00374328123504597,120.6935669412403
decision_targeted,577,0.003705848422683289,120.69727278966297
decision_targeted,578,0.003668789938444661,120.70094157960142
decision_targeted,579,0.0036321020390772674,120.70457368164048
decision_targeted,580,0.0035957810186886263,120.70816946265916
decision_targeted,581,0.0035598232085050086,120.71172928586765
decision_targeted,582,0.00352422497641669,120.71525351084404
decision_targeted,583,0.003488982726651102,120.71874249357069
decision_targeted,584,0.0034540928994033493,120.72219658647006
decision_targeted,585,0.0034195519703956734,120.72561613844044
decision_targeted,586,0.0033853564506785006,120.72900149489112
decision_targeted,587,0.0033515028861756946,120.7323529977773
decision_targeted,588,0.0033179878573150745,120.73567098563461
decision_targeted,589,0.0032848079787441975,120.73895579361334
decision_targeted,590,0.003251959898946666,120.74220775351228
decision_targeted,591,0.0032194402999721206,120.74542719381222
decision_targeted,592,0.0031872458969530726,120.74861443970917
decision_targeted,593,0.0031553734379912157,120.75176981314715
decision_targeted,594,0.0031238197036174142,120.75489363285075
decision_targeted,595,0.003092581506564329,120.75798621435732
decision_targeted,596,0.003061655691510623,120.76104787004883
decision_targeted,597,0.0030310391345977905,120.76407890918341
decision_targeted,598,0.0030007287432454177,120.76707963792666
decision_targeted,599,0.002970721455852754,120.77005035938248
decision_targeted,600,0.00294101424127291,120.77299137362374
decision_targeted,601,0.0029116040988554914,120.77590297772258
decision_targeted,602,0.0028824880578639522,120.77878546578043
decision_targeted,603,0.002853663177305066,120.78163912895769
decision_targeted,604,0.0028251265455025987,120.7844642555032
decision_targeted,605,0.002796875280054678,120.78726113078324
decision_targeted,606,0.002768906527265358,120.79003003731049
decision_targeted,607,0.002741217461974088,120.79277125477245
decision_targeted,608,0.002713805287370974,120.7954850600598
decision_targeted,609,0.002686667234499396,120.79817172729429
decision_targeted,610,0.0026598005621423226,120.80083152785642
decision_targeted,611,0.0026332025565238837,120.80346473041294
decision_targeted,612,0.0026068705309540974,120.80607160094388
decision_targeted,613,0.002580801825658341,120.80865240276952
decision_targeted,614,0.0025549938073936573,120.81120739657692
decision_targeted,615,0.0025294438693208576,120.81373684044624
decision_targeted,616,0.0025041494306350387,120.81624098987686
decision_targeted,617,0.0024791079363239987,120.81872009781316
decision_targeted,618,0.0024543168569550744,120.82117441467011
decision_targeted,619,0.0024297736884051346,120.82360418835847
decision_targeted,620,0.00240547595151952,120.82600966430996
decision_targeted,621,0.0023814211919841455,120.82839108550195
decision_targeted,622,0.002357606980069704,120.83074869248202
decision_targeted,623,0.0023340309102763968,120.83308272339227
decision_targeted,624,0.00231069060114919,120.83539341399342
decision_targeted,625,0.0022875836951357087,120.83768099768855
decision_targeted,626,0.0022647078582025415,120.83994570554674
decision_targeted,627,0.0022420607796220793,120.84218776632636
decision_targeted,628,0.002219640171816195,120.84440740649816
decision_targeted,629,0.002197443770100449,120.84660485026825
decision_targeted,630,0.002175469332399871,120.84878031960065
decision_targeted,631,0.00215371463907843,120.85093403423971
decision_targeted,632,0.0021321774926974513,120.8530662117324
decision_targeted,633,0.0021108557177598186,120.85517706745014
decision_targeted,634,0.0020897471605820783,120.85726681461071
decision_targeted,635,0.0020688496889960106,120.85933566429969
decision_targeted,636,0.0020481611920928344,120.86138382549177
decision_targeted,637,0.0020276795801805747,120.86341150507192
decision_targeted,638,0.0020074027843861586,120.86541890785628
decision_targeted,639,0.001987328756513307,120.8674062366128
decision_targeted,640,0.0019674554689572687,120.86937369208175
decision_targeted,641,0.0019477809142642855,120.87132147299602
decision_targeted,642,0.0019283031051315902,120.87324977610115
decision_targeted,643,0.0019090200740805585,120.87515879617521
decision_targeted,644,0.0018899298733430214,120.87704872604854
decision_targeted,645,0.00187103057460547,120.87891975662313
decision_targeted,646,0.0018523202688669471,120.88077207689199
decision_targeted,647,0.0018337970661690406,120.88260587395814
decision_targeted,648,0.0018154590955106187,120.88442133305364
decision_targeted,649,0.0017973045045494018,120.88621863755819
decision_targeted,650,0.0017793314595024867,120.88799796901768
decision_targeted,651,0.0017615381449047618,120.88975950716258
decision_targeted,652,0.0017439227634667986,120.89150342992602
decision_targeted,653,0.0017264835358332675,120.89322991346182
decision_targeted,654,0.0017092187004692505,120.89493913216228
decision_targeted,655,0.0016921265134612895,120.89663125867574
decision_targeted,656,0.0016752052483326452,120.89830646392406
decision_targeted,657,0.001658453195830134,120.89996491711989
decision_targeted,658,0.001641868663881496,120.90160678578377
decision_targeted,659,0.001625449977254334,120.90323223576101
decision_targeted,660,0.00160919547749927,120.90484143123848
decision_targeted,661,0.0015931035227083612,120.90643453476116
decision_targeted,662,0.0015771724874724669,120.90801170724862
decision_targeted,663,0.0015614007625970316,120.90957310801122
decision_targeted,664,0.0015457867549741877,120.91111889476619
decision_targeted,665,0.0015303288874264354,120.9126492236536
decision_targeted,666,0.0015150255985503236,120.91416424925214
decision_targeted,667,0.0014998753425601308,120.91566412459468
decision_targeted,668,0.0014848765891315452,120.91714900118382
decision_targeted,669,0.0014700278232595565,120.91861902900706
decision_targeted,670,0.0014553275450168712,120.92007435655208
decision_targeted,671,0.0014407742695681236,120.92151513082163
decision_targeted,672,0.0014263665268856585,120.92294149734849
decision_targeted,673,0.0014121028616074227,120.92435360021008
decision_targeted,674,0.001397981832980122,120.92575158204306
decision_targeted,675,0.0013840020146602683,120.92713558405771
decision_targeted,676,0.001370161994501018,120.9285057460522
decision_targeted,677,0.0013564603745663817,120.92986220642675
decision_targeted,678,0.0013428957708185862,120.93120510219757
decision_targeted,679,0.0013294668131038634,120.93253456901067
decision_targeted,680,0.0013161721449819197,120.93385074115565
decision_targeted,681,0.0013030104235411955,120.93515375157918
decision_targeted,682,0.0012899803192993886,120.93644373189846
decision_targeted,683,0.0012770805161039789,120.93772081241457
decision_targeted,684,0.0012643097109474866,120.9389851221255
decision_targeted,685,0.001251666613825364,120.94023678873933
decision_targeted,686,0.0012391499476933632,120.941475938687
decision_targeted,687,0.0012267584482259508,120.94270269713522
decision_targeted,688,0.0012144908637310436,120.94391718799895
decision_targeted,689,0.0012023459551215865,120.94511953395403
decision_targeted,690,0.00119032249554607,120.94630985644957
decision_targeted,691,0.001178419270587483,120.94748827572016
decision_targeted,692,0.0011666350778796186,120.94865491079804
decision_targeted,693,0.0011549687271070752,120.94980987952513
decision_targeted,694,0.0011434190398347255,120.95095329856497
decision_targeted,695,0.0011319848494366624,120.95208528341439
decision_targeted,696,0.00112066500093988,120.95320594841533
decision_targeted,697,0.0011094583509247968,120.95431540676626
decision_targeted,698,0.0010983637674257807,120.95541377053368
decision_targeted,699,0.001087380129746407,120.95650115066343
decision_targeted,700,0.001076506328459459,120.95757765699187
decision_targeted,701,0.001065741265165343,120.95864339825704
decision_targeted,702,0.0010550838525205108,120.95969848210956
decision_targeted,703,0.0010445330139958742,120.96074301512354
decision_targeted,704,0.0010340876838483837,120.96177710280739
decision_targeted,705,0.0010237468070215527,120.96280084961438
decision_targeted,706,0.0010135093389465055,120.96381435895333
decision_targeted,707,0.0010033742455561878,120.96481773319888
decision_targeted,708,0.000993340503100626,120.96581107370199
decision_targeted,709,0.0009834070980616616,120.96679448080005
decision_targeted,710,0.0009735730270818976,120.96776805382711
decision_targeted,711,0.0009638372968225895,120.96873189112392
decision_targeted,712,0.0009541989238499582,120.96968609004776
decision_targeted,713,0.0009446569345925582,120.97063074698235
decision_targeted,714,0.0009352103652560118,120.9715659573476
decision_targeted,715,0.0009258582616098465,120.9724918156092
decision_targeted,716,0.0009165996790017061,120.97340841528819
decision_targeted,717,0.0009074336822010309,120.97431584897038
decision_targeted,718,0.0008983593453706362,120.97521420831575
decision_targeted,719,0.0008893757519246037,120.97610358406766
decision_targeted,720,0.0008804819944145947,120.97698406606207
decision_targeted,721,0.0008716771744730067,120.97785574323652
decision_targeted,722,0.0008629604027134974,120.97871870363923
decision_targeted,723,0.0008543307986883519,120.97957303443792
decision_targeted,724,0.000845787490717953,120.98041882192862
decision_targeted,725,0.0008373296158055155,120.98125615154441
decision_targeted,726,0.0008289563196655081,120.98208510786404
decision_targeted,727,0.0008206667564252257,120.98290577462046
decision_targeted,728,0.0008124600888947953,120.98371823470933
decision_targeted,729,0.0008043354879703202,120.9845225701973
decision_targeted,730,0.0007962921331170492,120.98531886233042
decision_targeted,731,0.0007883292117867313,120.9861071915422
decision_targeted,732,0.0007804459196734115,120.98688763746185
decision_targeted,733,0.0007726414604576348,120.9876602789223
decision_targeted,734,0.0007649150458632903,120.98842519396817
decision_targeted,735,0.0007572658954160261,120.98918245986357
decision_targeted,736,0.0007496932364432496,120.9899321531
decision_targeted,737,0.0007421963040883384,120.99067434940409
decision_targeted,738,0.0007347743410690555,120.99140912374511
decision_targeted,739,0.0007274265976207062,120.99213655034274
decision_targeted,740,0.0007201523316382463,120.99285670267437
decision_targeted,741,0.0007129508083494329,120.9935696534827
decision_targeted,742,0.0007058213002437697,120.99427547478294
decision_targeted,743,0.0006987630872572481,120.9949742378702
decision_targeted,744,0.0006917754563886547,120.99566601332657
decision_targeted,745,0.0006848577017990465,120.99635087102837
decision_targeted,746,0.0006780091247975406,120.99702888015315
decision_targeted,747,0.000671229033557097,120.9977001091867
decision_targeted,748,0.0006645167432282051,120.9983646259299
decision_targeted,749,0.0006578715757825648,120.99902249750568
decision_targeted,750,0.0006512928600272971,120.9996737903657
decision_targeted,751,0.0006447799314486247,121.00031857029714
decision_targeted,752,0.0006383321321266067,121.00095690242924
decision_targeted,753,0.0006319488107919824,121.00158885124003
decision_targeted,754,0.0006256293226982734,121.00221448056271
decision_targeted,755,0.0006193730294512534,121.00283385359216
decision_targeted,756,0.0006131792991652674,121.00344703289133
decision_targeted,757,0.000607047506164804,121.00405408039748
decision_targeted,758,0.0006009770311266038,121.00465505742858
decision_targeted,759,0.0005949672608096535,121.00525002468936
decision_targeted,760,0.0005890175881972937,121.00583904227756
decision_targeted,761,0.0005831274123124786,121.00642216968987
decision_targeted,762,0.0005772961382035646,121.00699946582805
decision_targeted,763,0.0005715231768022022,121.00757098900485
decision_targeted,764,0.0005658079450370224,121.00813679694988
decision_targeted,765,0.0005601498655920523,121.00869694681546
decision_targeted,766,0.000554548366935137,121.00925149518238
decision_targeted,767,0.000549002883261096,121.00980049806563
decision_targeted,768,0.0005435128544490908,121.01034401092005
decision_targeted,769,0.0005380777258920943,121.01088208864593
decision_targeted,770,0.000532696948624789,121.01141478559455
decision_targeted,771,0.0005273699791530362,121.01194215557368
decision_targeted,772,0.0005220962793544004,121.01246425185303
decision_targeted,773,0.0005168753165776252,121.01298112716958
decision_targeted,774,0.0005117065634010487,121.01349283373295
decision_targeted,775,0.0005065894977462904,121.0139994232307
decision_targeted,776,0.0005015236027929859,121.01450094683346
decision_targeted,777,0.0004965083667514136,121.01499745520022
decision_targeted,778,0.0004915432830898681,121.01548899848328
decision_targeted,779,0.00048662785025044286,121.01597562633353
decision_targeted,780,0.0004817615717627177,121.01645738790526
decision_targeted,781,0.00047694395603059547,121.01693433186128
decision_targeted,782,0.0004721745164601998,121.01740650637774
decision_targeted,783,0.00046745277128934504,121.01787395914903
decision_targeted,784,0.0004627782436017469,121.01833673739262
decision_targeted,785,0.0004581504611564924,121.01879488785377
decision_targeted,786,0.0004535689565585699,121.01924845681032
decision_targeted,787,0.00044903326698886303,121.01969749007728
decision_targeted,788,0.0004445429343036267,121.02014203301158
decision_targeted,789,0.00044009750497764344,121.02058213051654
decision_targeted,790,0.0004356965299194826,121.02101782704645
decision_targeted,791,0.00043133956462781953,121.02144916661106
decision_targeted,792,0.00042702616897827284,121.02187619278004
decision_targeted,793,0.0004227559072802478,121.02229894868731
decision_targeted,794,0.00041852834820588214,121.02271747703551
decision_targeted,795,0.0004143430647332025,121.02313182010025
decision_targeted,796,0.00041019963408928106,121.02354201973432
decision_targeted,797,0.0004060976377360248,121.02394811737204
decision_targeted,798,0.00040203666137017535,121.02435015403341
decision_targeted,799,0.0003980162947527788,121.02474817032817
decision_targeted,800,0.00039403613182287245,121.02514220645998
decision_targeted,801,0.0003900957704843222,121.02553230223046
decision_targeted,802,0.0003861948127763526,121.02591849704322
decision_targeted,803,0.0003823328646603841,121.02630082990785
decision_targeted,804,0.00037850953600582216,121.02667933944386
decision_targeted,805,0.0003747244406469008,121.02705406388449
decision_targeted,806,0.0003709771962405739,121.02742504108073
decision_targeted,807,0.0003672674242807261,121.02779230850501
decision_targeted,808,0.0003635947500555403,121.02815590325505
decision_targeted,809,0.0003599588025480216,121.02851586205759
decision_targeted,810,0.0003563592145212624,121.02887222127208
decision_targeted,811,0.00035279562236212314,121.02922501689443
decision_targeted,812,0.0003492676661380756,121.02957428456057
decision_targeted,813,0.00034577498948351604,121.02992005955005
decision_targeted,814,0.0003423172395855545,121.03026237678964
decision_targeted,815,0.00033889406719822546,121.0306012708568
decision_targeted,816,0.0003355051265145903,121.03093677598332
decision_targeted,817,0.00033215007525200235,121.03126892605857
decision_targeted,818,0.0003288285745242092,121.03159775463305
decision_targeted,819,0.0003255402887418768,121.0319232949218
decision_targeted,820,0.00032228488586838466,121.03224557980766
decision_targeted,821,0.00031906203702192215,121.03256464184466
decision_targeted,822,0.00031587141663180773,121.03288051326129
decision_targeted,823,0.00031271270246691074,121.03319322596374
decision_targeted,824,0.00030958557545091026,121.0335028115392
decision_targeted,825,0.0003064897197333494,121.03380930125888
decision_targeted,826,0.00030342482251910496,121.03411272608136
decision_targeted,827,0.0003003905742673396,121.03441311665563
decision_targeted,828,0.00029738666853518225,121.03471050332416
decision_targeted,829,0.00029441280184983043,121.03500491612601
decision_targeted,830,0.0002914686738222372,121.03529638479984
decision_targeted,831,0.0002885539870902676,121.03558493878691
decision_targeted,832,0.0002856684472192228,121.03587060723413
decision_targeted,833,0.0002828117627444726,121.03615341899686
decision_targeted,834,0.00027998364511461205,121.03643340264196
decision_targeted,835,0.0002771838086630396,121.03671058645062
decision_targeted,836,0.0002744119705795356,121.03698499842119
decision_targeted,837,0.00027166785086762957,121.03725666627204
decision_targeted,838,0.000268951172373022,121.0375256174444
decision_targeted,839,0.00026626166064147583,121.03779187910504
decision_targeted,840,0.0002635990440325031,121.03805547814906
decision_targeted,841,0.00026096305359146754,121.03831644120265
decision_targeted,842,0.00025835342306379516,121.0385747946257
decision_targeted,843,0.00025576988882392016,121.03883056451451
decision_targeted,844,0.00025321218996054995,121.03908377670444
decision_targeted,845,0.0002506800680635024,121.03933445677248
decision_targeted,846,0.00024817326736581435,121.03958263003983
decision_targeted,847,0.00024569153467268734,121.0398283215745
decision_targeted,848,0.00024323461934727675,121.04007155619382
decision_targeted,849,0.00024080227314016156,121.04031235846696
decision_targeted,850,0.00023839425041671802,121.04055075271737
decision_targeted,851,0.00023601030791553512,121.04078676302527
decision_targeted,852,0.00023365020484789056,121.04102041323009
decision_targeted,853,0.00023131370278406393,121.04125172693287
decision_targeted,854,0.0002290005657528127,121.04148072749862
decision_targeted,855,0.0002267105600992636,121.04170743805872
decision_targeted,856,0.00022444345449912362,121.04193188151322
decision_targeted,857,0.00022219901995867986,121.04215408053318
decision_targeted,858,0.0002199770297579562,121.04237405756294
decision_targeted,859,0.0002177772594649241,121.04259183482239
decision_targeted,860,0.00021559948689287012,121.04280743430925
decision_targeted,861,0.0002134434920151307,121.04302087780124
decision_targeted,862,0.000211309057078779,121.04323218685832
decision_targeted,863,0.00020919596650514904,121.04344138282482
decision_targeted,864,0.00020710400686141384,121.04364848683164
decision_targeted,865,0.00020503296677532035,121.0438535197984
decision_targeted,866,0.00020298263710571973,121.0440565024355
decision_targeted,867,0.00020095281072940452,121.04425745524622
decision_targeted,868,0.00019894328262637373,121.04445639852884
decision_targeted,869,0.00019695384979456776,121.04465335237862
decision_targeted,870,0.0001949843113067118,121.04484833668991
decision_targeted,871,0.00019303446819662895,121.04504137115808
decision_targeted,872,0.00019110412351608375,121.04523247528158
decision_targeted,873,0.00018919308226372777,121.04542166836384
decision_targeted,874,0.00018730115144194315,121.04560896951529
decision_targeted,875,0.0001854281399289448,121.04579439765521
decision_targeted,876,0.0001835738585356239,121.04597797151374
decision_targeted,877,0.00018173811994870448,121.04615970963368
decision_targeted,878,0.00017992073874495418,121.04633963037242
decision_targeted,879,0.0001781215313769735,121.04651775190376
decision_targeted,880,0.00017634031605950895,121.04669409221981
decision_targeted,881,0.0001745769128831398,121.04686866913269
decision_targeted,882,0.0001728311437574348,121.04704150027644
decision_targeted,883,0.0001711028323256869,121.04721260310876
decision_targeted,884,0.0001693918039933351,121.04738199491274
decision_targeted,885,0.00016769788597059687,121.0475496927987
decision_targeted,886,0.00016602090710193806,121.0477157137058
decision_targeted,887,0.00016436069802239217,121.04788007440382
decision_targeted,888,0.00016271709104387355,121.04804279149485
decision_targeted,889,0.00016108992015517742,121.04820388141499
decision_targeted,890,0.00015947902093671473,121.04836336043593
decision_targeted,891,0.0001578842307310424,121.04852124466666
decision_targeted,892,0.00015630538842970054,121.04867755005506
decision_targeted,893,0.00015474233453005581,121.04883229238959
decision_targeted,894,0.00015319491120635575,121.04898548730077
decision_targeted,895,0.00015166296208235508,121.04913715026285
decision_targeted,896,0.00015014633245868936,121.04928729659531
decision_targeted,897,0.00014864486915655561,121.04943594146442
decision_targeted,898,0.00014715842044665806,121.04958309988487
decision_targeted,899,0.00014568683623394918,121.04972878672109
decision_targeted,900,0.00014422996787288866,121.04987301668896
decision_targeted,901,0.00014278766819586508,121.05001580435714
decision_targeted,902,0.00014135979152740674,121.05015716414866
decision_targeted,903,0.00013994619359891658,121.05029711034226
decision_targeted,904,0.00013854673166235898,121.0504356570739
decision_targeted,905,0.00013716126434815124,121.05057281833825
decision_targeted,906,0.0001357896517077961,121.05070860798995
decision_targeted,907,0.00013443175518546013,121.05084303974513
decision_targeted,908,0.00013308743763218445,121.05097612718276
decision_targeted,909,0.00013175656326325225,121.05110788374603
decision_targeted,910,0.00013043899762976707,121.05123832274364
decision_targeted,911,0.00012913460764707452,121.05136745735129
decision_targeted,912,0.00012784326158055137,121.05149530061286
decision_targeted,913,0.0001265648289603405,121.0516218654418
decision_targeted,914,0.00012529918066661594,121.05174716462247
decision_targeted,915,0.00012404618887273955,121.05187121081133
decision_targeted,916,0.00012280572697420666,121.05199401653829
decision_targeted,917,0.00012157766970233297,121.05211559420798
decision_targeted,918,0.00012036189301056766,121.05223595610099
decision_targeted,919,0.00011915827407449342,121.05235511437505
decision_targeted,920,0.00011796669134866988,121.05247308106638
decision_targeted,921,0.00011678702442452504,121.05258986809079
decision_targeted,922,0.00011561915417246382,121.05270548724496
decision_targeted,923,0.00011446296262818123,121.05281995020758
decision_targeted,924,0.00011331833300687322,121.05293326854058
decision_targeted,925,0.00011218514968902582,121.05304545369026
decision_targeted,926,0.00011106329819199345,121.05315651698842
decision_targeted,927,0.00010995266519842062,121.05326646965361
decision_targeted,928,0.00010885313854203105,121.05337532279214
decision_targeted,929,0.00010776460715078429,121.05348308739929
decision_targeted,930,0.00010668696110371911,121.05358977436038
decision_targeted,931,0.00010562009147463414,121.05369539445184
decision_targeted,932,0.00010456389054525062,121.05379995834238
decision_targeted,933,0.00010351825167731477,121.05390347659403
decision_targeted,934,0.0001024830691420675,121.05400595966316
decision_targeted,935,0.00010145823844709412,121.0541074179016
decision_targeted,936,0.000100443656066318,121.05420786155767
decision_targeted,937,9.943921951105494e-05,121.05430730077717
decision_targeted,938,9.844482733001314e-05,121.05440574560447
decision_targeted,939,9.74603790382389e-05,121.05450320598351
decision_targeted,940,9.648577525922519e-05,121.05459969175874
decision_targeted,941,9.5520917497538e-05,121.05469521267622
decision_targeted,942,9.456570830934652e-05,121.05478977838453
decision_targeted,943,9.362005124557982e-05,121.05488339843578
decision_targeted,944,9.268385073823993e-05,121.05497608228649
decision_targeted,945,9.175701219987786e-05,121.05506783929869
decision_targeted,946,9.083944209464789e-05,121.05515867874078
decision_targeted,947,8.993104768251214e-05,121.05524860978846
decision_targeted,948,8.903173721819257e-05,121.05533764152565
decision_targeted,949,8.814141983748414e-05,121.05542578294546
decision_targeted,950,8.72600056425199e-05,121.05551304295108
decision_targeted,951,8.638740555966251e-05,121.05559943035664
decision_targeted,952,8.552353151003445e-05,121.05568495388815
decision_targeted,953,8.466829618214433e-05,121.05576962218433
decision_targeted,954,8.382161323083892e-05,121.05585344379756
decision_targeted,955,8.298339710677283e-05,121.05593642719467
decision_targeted,956,8.215356314167366e-05,121.05601858075781
decision_targeted,957,8.13320275199203e-05,121.0560999127853
decision_targeted,958,8.051870722169951e-05,121.05618043149252
decision_targeted,959,7.971352016511446e-05,121.05626014501269
decision_targeted,960,7.891638496460018e-05,121.05633906139764
decision_targeted,961,7.812722111566472e-05,121.05641718861872
decision_targeted,962,7.734594888120228e-05,121.0564945345676
decision_targeted,963,7.657248941939088e-05,121.05657110705701
decision_targeted,964,7.580676451368618e-05,121.05664691382151
decision_targeted,965,7.504869687124938e-05,121.05672196251837
decision_targeted,966,7.429820989557356e-05,121.05679626072825
decision_targeted,967,7.35552278143814e-05,121.05686981595605
decision_targeted,968,7.28196755233057e-05,121.05694263563157
decision_targeted,969,7.20914787706306e-05,121.05701472711033
decision_targeted,970,7.137056397255037e-05,121.0570860976743
decision_targeted,971,7.065685834106716e-05,121.05715675453263
decision_targeted,972,6.99502897560933e-05,121.05722670482237
decision_targeted,973,6.92507868507164e-05,121.05729595560922
decision_targeted,974,6.855827899698852e-05,121.05736451388822
decision_targeted,975,6.78726962064502e-05,121.05743238658442
decision_targeted,976,6.719396924381726e-05,121.05749958055367
decision_targeted,977,6.652202955592657e-05,121.0575661025832
decision_targeted,978,6.585680924331427e-05,121.05763195939244
decision_targeted,979,6.519824117390272e-05,121.05769715763358
decision_targeted,980,6.45462587556267e-05,121.05776170389234
decision_targeted,981,6.390079616380717e-05,121.0578256046885
decision_targeted,982,6.326178819904271e-05,121.0578888664767
decision_targeted,983,6.26291703156312e-05,121.05795149564702
decision_targeted,984,6.200287862156983e-05,121.05801349852564
decision_targeted,985,6.138284983592257e-05,121.05807488137546
decision_targeted,986,6.076902134566353e-05,121.05813565039679
decision_targeted,987,6.016133112041189e-05,121.0581958117279
decision_targeted,988,5.955971781190783e-05,121.05825537144571
decision_targeted,989,5.89641206545366e-05,121.05831433556634
decision_targeted,990,5.837447943690677e-05,121.05837271004575
decision_targeted,991,5.7790734615537076e-05,121.05843050078036
decision_targeted,992,5.721282728643473e-05,121.05848771360763
decision_targeted,993,5.664069900035429e-05,121.05854435430663
decision_targeted,994,5.607429201859304e-05,121.05860042859865
decision_targeted,995,5.551354911403905e-05,121.05865594214774
decision_targeted,996,5.4958413613803714e-05,121.05871090056135
decision_targeted,997,5.440882947027603e-05,121.05876530939082
decision_targeted,998,5.386474117585749e-05,121.058819174132
decision_targeted,999,5.3326093762962046e-05,121.05887250022576
decision_targeted,1000,5.279283284664871e-05,121.05892529305859
decision_targeted,1001,5.226490452514554e-05,121.05897755796309
decision_targeted,1002,5.1742255465114795e-05,121.05902930021853
decision_targeted,1003,5.122483290165292e-05,121.05908052505143
decision_targeted,1004,5.071258456723626e-05,121.059131237636
decision_targeted,1005,5.020545873435367e-05,121.0591814430947
decision_targeted,1006,4.970340414445218e-05,121.05923114649883
decision_targeted,1007,4.920637010741302e-05,121.05928035286891
decision_targeted,1008,4.8714306402075636e-05,121.0593290671753
decision_targeted,1009,4.822716333308108e-05,121.05937729433862
decision_targeted,1010,4.774489170245033e-05,121.05942503923032
decision_targeted,1011,4.726744278116257e-05,121.05947230667309
decision_targeted,1012,4.679476835178775e-05,121.05951910144142
decision_targeted,1013,4.632682066585403e-05,121.05956542826209
decision_targeted,1014,4.5863552472269475e-05,121.05961129181455
decision_targeted,1015,4.5404916946267804e-05,121.05965669673148
decision_targeted,1016,4.495086776046264e-05,121.05970164759924
decision_targeted,1017,4.450135909905839e-05,121.05974614895834
decision_targeted,1018,4.405634551574167e-05,121.05979020530384
decision_targeted,1019,4.361578206157901e-05,121.05983382108587
decision_targeted,1020,4.317962424238431e-05,121.05987700071009
decision_targeted,1021,4.274782799029708e-05,121.05991974853808
decision_targeted,1022,4.232034970641507e-05,121.05996206888778
decision_targeted,1023,4.18971462039508e-05,121.06000396603397
decision_targeted,1024,4.147817476507498e-05,121.06004544420873
decision_targeted,1025,4.106339299880801e-05,121.06008650760171
decision_targeted,1026,4.065275905418275e-05,121.06012716036076
decision_targeted,1027,4.0246231478135996e-05,121.06016740659223
decision_targeted,1028,3.9843769158665054e-05,121.06020725036137
decision_targeted,1029,3.9445331466936295e-05,121.06024669569283
decision_targeted,1030,3.9050878157809166e-05,121.06028574657097
decision_targeted,1031,3.8660369384047044e-05,121.06032440694034
decision_targeted,1032,3.8273765682106387e-05,121.06036268070602
decision_targeted,1033,3.7891028028980145e-05,121.06040057173405
decision_targeted,1034,3.7512117742721784e-05,121.06043808385178
decision_targeted,1035,3.713699656771041e-05,121.06047522084833
decision_targeted,1036,3.67656266035965e-05,121.06051198647492
decision_targeted,1037,3.639797034793446e-05,121.06054838444524
decision_targeted,1038,3.6033990625128354e-05,121.06058441843587
decision_targeted,1039,3.567365072854045e-05,121.0606200920866
decision_targeted,1040,3.5316914221539264e-05,121.06065540900082
decision_targeted,1041,3.496374509381894e-05,121.06069037274588
decision_targeted,1042,3.461410763350159e-05,121.0607249868535
decision_targeted,1043,3.4267966555034945e-05,121.06075925482006
decision_targeted,1044,3.392528688550556e-05,121.06079318010694
decision_targeted,1045,3.3586034035693046e-05,121.06082676614096
decision_targeted,1046,3.325017367217242e-05,121.06086001631462
decision_targeted,1047,3.2917671973109464e-05,121.06089293398657
decision_targeted,1048,3.258849521614593e-05,121.06092552248177
decision_targeted,1049,3.226261027577948e-05,121.06095778509203
decision_targeted,1050,3.193998416861632e-05,121.06098972507618
decision_targeted,1051,3.162058430916659e-05,121.06102134566049
decision_targeted,1052,3.130437846721179e-05,121.06105265003896
decision_targeted,1053,3.099133469675053e-05,121.06108364137364
decision_targeted,1054,3.068142135020935e-05,121.06111432279499
decision_targeted,1055,3.037460713528617e-05,121.06114469740211
decision_targeted,1056,3.007086107231771e-05,121.06117476826316
decision_targeted,1057,2.977015246585779e-05,121.06120453841561
decision_targeted,1058,2.9472450933099026e-05,121.06123401086654
decision_targeted,1059,2.9177726418083694e-05,121.06126318859296
decision_targeted,1060,2.888594916328202e-05,121.06129207454211
decision_targeted,1061,2.859708966695962e-05,121.06132067163176
decision_targeted,1062,2.831111876844261e-05,121.06134898275053
decision_targeted,1063,2.8028007591274218e-05,121.0613770107581
decision_targeted,1064,2.7747727500582187e-05,121.0614047584856
decision_targeted,1065,2.7470250245187344e-05,121.06143222873581
decision_targeted,1066,2.719554773022992e-05,121.06145942428353
decision_targeted,1067,2.692359223033236e-05,121.06148634787576
decision_targeted,1068,2.6654356332755924e-05,121.06151300223209
decision_targeted,1069,2.638781276687041e-05,121.06153939004486
decision_targeted,1070,2.6123934631527845e-05,121.06156551397947
decision_targeted,1071,2.586269529558649e-05,121.06159137667476
decision_targeted,1072,2.5604068341067432e-05,121.06161698074308
decision_targeted,1073,2.534802767684141e-05,121.06164232877072
decision_targeted,1074,2.5094547368098574e-05,121.06166742331808
decision_targeted,1075,2.4843601892143852e-05,121.06169226691998
decision_targeted,1076,2.4595165882601577e-05,121.06171686208586
decision_targeted,1077,2.434921422889147e-05,121.06174121130007
decision_targeted,1078,2.4105722090439485e-05,121.06176531702215
decision_targeted,1079,2.3864664868256114e-05,121.061789181687
decision_targeted,1080,2.3626018219147227e-05,121.06181280770522
decision_targeted,1081,2.3389758027292373e-05,121.06183619746324
decision_targeted,1082,2.3155860461088196e-05,121.06185935332368
decision_targeted,1083,2.292430184525074e-05,121.06188227762553
decision_targeted,1084,2.2695058831345705e-05,121.06190497268435
decision_targeted,1085,2.24681082272582e-05,121.06192744079257
decision_targeted,1086,2.2243427167722984e-05,121.06194968421971
decision_targeted,1087,2.2020992872739953e-05,121.06197170521258
decision_targeted,1088,2.1800782946002073e-05,121.06199350599553
decision_targeted,1089,2.158277513331086e-05,121.06201508877066
decision_targeted,1090,2.13669473794198e-05,121.06203645571804
decision_targeted,1091,2.1153277899088607e-05,121.06205760899593
decision_targeted,1092,2.0941745134450684e-05,121.06207855074103
decision_targeted,1093,2.0732327698169684e-05,121.0620992830687
decision_targeted,1094,2.0525004401861224e-05,121.0621198080731
decision_targeted,1095,2.0319754355568875e-05,121.06214012782746
decision_targeted,1096,2.0116556811444752e-05,121.06216024438427
decision_targeted,1097,1.99153912632255e-05,121.06218015977552
decision_targeted,1098,1.9716237346756316e-05,121.06219987601284
decision_targeted,1099,1.9519074967888628e-05,121.0622193950878
decision_targeted,1100,1.932388421721498e-05,121.062238718972
decision_targeted,1101,1.9130645370069033e-05,121.06225784961737
decision_targeted,1102,1.8939338914947257e-05,121.06227678895627
decision_targeted,1103,1.874994552508724e-05,121.0622955389018
decision_targeted,1104,1.856244607267854e-05,121.06231410134785
decision_targeted,1105,1.8376821600440962e-05,121.06233247816945
decision_targeted,1106,1.819305339267885e-05,121.06235067122284
decision_targeted,1107,1.801112286159423e-05,121.06236868234569
decision_targeted,1108,1.7831011632551963e-05,121.06238651335732
decision_targeted,1109,1.7652701529868864e-05,121.06240416605883
decision_targeted,1110,1.747617449154859e-05,121.06242164223332
decision_targeted,1111,1.730141275402275e-05,121.06243894364607
decision_targeted,1112,1.7128398638988074e-05,121.06245607204468
decision_targeted,1113,1.6957114638671555e-05,121.06247302915932
decision_targeted,1114,1.6787543486884715e-05,121.0624898167028
decision_targeted,1115,1.661966805954762e-05,121.06250643637085
decision_targeted,1116,1.6453471388899743e-05,121.06252288984223
decision_targeted,1117,1.6288936663499953e-05,121.06253917877888
decision_targeted,1118,1.6126047285069944e-05,121.06255530482616
decision_targeted,1119,1.5964786825861665e-05,121.06257126961299
decision_targeted,1120,1.5805138971813903e-05,121.06258707475195
decision_targeted,1121,1.5647087565184847e-05,121.06260272183951
decision_targeted,1122,1.5490616718238925e-05,121.06261821245619
decision_targeted,1123,1.5335710543240566e-05,121.0626335481667
decision_targeted,1124,1.5182353422460437e-05,121.06264873052012
decision_targeted,1125,1.5030529880277754e-05,121.06266376105
decision_targeted,1126,1.4880224597391134e-05,121.06267864127457
decision_targeted,1127,1.4731422339764322e-05,121.06269337269691
decision_targeted,1128,1.4584108114945593e-05,121.06270795680501
decision_targeted,1129,1.4438267044170061e-05,121.06272239507203
decision_targeted,1130,1.4293884362359677e-05,121.06273668895639
decision_targeted,1131,1.4150945517599212e-05,121.0627508399019
decision_targeted,1132,1.4009436071660275e-05,121.06276484933795
decision_targeted,1133,1.3869341714212169e-05,121.06277871867965
decision_targeted,1134,1.3730648291243597e-05,121.06279244932793
decision_targeted,1135,1.3593341805062664e-05,121.06280604266973
decision_targeted,1136,1.345740838587517e-05,121.06281950007812
decision_targeted,1137,1.3322834320206312e-05,121.06283282291241
decision_targeted,1138,1.3189605965635565e-05,121.06284601251838
decision_targeted,1139,1.3057709921326932e-05,121.06285907022828
decision_targeted,1140,1.2927132800655272e-05,121.06287199736107
decision_targeted,1141,1.2797861472790828e-05,121.06288479522254
decision_targeted,1142,1.2669882863747262e-05,121.06289746510541
decision_targeted,1143,1.2543184055857637e-05,121.06291000828944
decision_targeted,1144,1.2417752202509291e-05,121.06292242604161
decision_targeted,1145,1.2293574656041528e-05,121.06293471961627
decision_targeted,1146,1.2170638910902198e-05,121.06294689025518
decision_targeted,1147,1.2048932518382571e-05,121.0629589391877
decision_targeted,1148,1.1928443200304173e-05,121.0629708676309
decision_targeted,1149,1.1809158792175367e-05,121.06298267678966
decision_targeted,1150,1.1691067186347937e-05,121.06299436785685
decision_targeted,1151,1.1574156530969049e-05,121.06300594201335
decision_targeted,1152,1.1458414945764162e-05,121.0630174004283
decision_targeted,1153,1.1343830806254118e-05,121.0630287442591
decision_targeted,1154,1.1230392502170616e-05,121.06303997465159
decision_targeted,1155,1.11180885653539e-05,121.06305109274015
decision_targeted,1156,1.1006907683963618e-05,121.06306209964782
decision_targeted,1157,1.0896838603002834e-05,121.06307299648643
decision_targeted,1158,1.0787870223794016e-05,121.06308378435665
decision_targeted,1159,1.067999153292476e-05,121.06309446434815
decision_targeted,1160,1.0573191616458644e-05,121.06310503753974
decision_targeted,1161,1.0467459674146085e-05,121.06311550499942
decision_targeted,1162,1.0362785076267755e-05,121.06312586778449
decision_targeted,1163,1.0259157264158603e-05,121.06313612694171
decision_targeted,1164,1.0156565679153573e-05,121.06314628350736
decision_targeted,1165,1.0055000004172143e-05,121.06315633850735
decision_targeted,1166,9.954450007398918e-06,121.06316629295736
decision_targeted,1167,9.854905513861922e-06,121.06317614786286
decision_targeted,1168,9.756356462276017e-06,121.06318590421932
decision_targeted,1169,9.658792890832046e-06,121.06319556301221
decision_targeted,1170,9.562204965618548e-06,121.06320512521717
decision_targeted,1171,9.466582909567478e-06,121.06321459180006
decision_targeted,1172,9.37191708771934e-06,121.06322396371715
decision_targeted,1173,9.278197921958053e-06,121.06323324191504
decision_targeted,1174,9.185415933643526e-06,121.06324242733098
decision_targeted,1175,9.093561772033354e-06,121.06325152089275
decision_targeted,1176,9.002626157439408e-06,121.06326052351889
decision_targeted,1177,8.912599895438689e-06,121.06326943611879
decision_targeted,1178,8.823473905295032e-06,121.06327825959266
decision_targeted,1179,8.735239163115693e-06,121.06328699483183
decision_targeted,1180,8.647886772905622e-06,121.0632956427186
decision_targeted,1181,8.56140790972404e-06,121.0633042041265
decision_targeted,1182,8.47579381968444e-06,121.0633126799203
decision_targeted,1183,8.391035876798014e-06,121.06332107095616
decision_targeted,1184,8.307125511919367e-06,121.06332937808168
decision_targeted,1185,8.224054255379087e-06,121.06333760213593
decision_targeted,1186,8.14181370856204e-06,121.06334574394964
decision_targeted,1187,8.060395572329071e-06,121.06335380434521
decision_targeted,1188,7.97979164701701e-06,121.06336178413684
decision_targeted,1189,7.89999371875183e-06,121.06336968413055
decision_targeted,1190,7.820993786822328e-06,121.06337750512432
decision_targeted,1191,7.742783850517299e-06,121.06338524790814
decision_targeted,1192,7.66535600860152e-06,121.06339291326415
decision_targeted,1193,7.588702459315755e-06,121.06340050196658
decision_targeted,1194,7.512815415111618e-06,121.063408014782
decision_targeted,1195,7.437687273181837e-06,121.06341545246926
decision_targeted,1196,7.363310388086575e-06,121.06342281577963
decision_targeted,1197,7.289677284916252e-06,121.06343010545692
decision_targeted,1198,7.216780517182997e-06,121.06343732223743
decision_targeted,1199,7.144612723664068e-06,121.06344446685014
decision_targeted,1200,7.073166599980141e-06,121.06345154001673
decision_targeted,1201,7.002434912806166e-06,121.06345854245163
decision_targeted,1202,6.93241057092564e-06,121.0634654748622
decision_targeted,1203,6.863086468911206e-06,121.06347233794867
decision_targeted,1204,6.794455629233198e-06,121.06347913240427
decision_targeted,1205,6.726511060151097e-06,121.0634858589153
decision_targeted,1206,6.659245926243784e-06,121.06349251816121
decision_targeted,1207,6.59265347735527e-06,121.06349911081469
decision_targeted,1208,6.526726934907856e-06,121.06350563754162
decision_targeted,1209,6.461459676643244e-06,121.06351209900129
decision_targeted,1210,6.396845066092283e-06,121.06351849584635
decision_targeted,1211,6.332876623105221e-06,121.06352482872296
decision_targeted,1212,6.26954786753231e-06,121.0635310982708
decision_targeted,1213,6.206852376067218e-06,121.06353730512316
decision_targeted,1214,6.144783839090451e-06,121.063543449907
decision_targeted,1215,6.083336018036789e-06,121.06354953324302
decision_targeted,1216,6.022502660130158e-06,121.06355555574567
decision_targeted,1217,5.962277640492175e-06,121.06356151802328
decision_targeted,1218,5.902654848455313e-06,121.06356742067811
decision_targeted,1219,5.843628301249737e-06,121.0635732643064
decision_targeted,1220,5.785192030316466e-06,121.0635790494984
decision_targeted,1221,5.72734009551823e-06,121.0635847768385
decision_targeted,1222,5.6700667130371585e-06,121.06359044690518
decision_targeted,1223,5.61336602800111e-06,121.06359606027121
decision_targeted,1224,5.557232370279053e-06,121.06360161750356
decision_targeted,1225,5.501660055529101e-06,121.0636071191636
decision_targeted,1226,5.446643442041932e-06,121.06361256580703
decision_targeted,1227,5.392177001795062e-06,121.06361795798404
decision_targeted,1228,5.338255249398571e-06,121.06362329623929
decision_targeted,1229,5.2848726994625395e-06,121.06362858111197
decision_targeted,1230,5.232023980283884e-06,121.06363381313594
decision_targeted,1231,5.179703734370378e-06,121.06363899283966
decision_targeted,1232,5.127906703705776e-06,121.06364412074635
decision_targeted,1233,5.076627630273833e-06,121.06364919737396
decision_targeted,1234,5.025861341323434e-06,121.06365422323529
decision_targeted,1235,4.975602735157736e-06,121.06365919883802
decision_targeted,1236,4.925846710079895e-06,121.06366412468472
decision_targeted,1237,4.876588235447343e-06,121.06366900127296
decision_targeted,1238,4.827822351671784e-06,121.06367382909531
decision_targeted,1239,4.779544156008342e-06,121.06367860863944
decision_targeted,1240,4.731748703079575e-06,121.06368334038811
decision_targeted,1241,4.684431189616589e-06,121.0636880248193
decision_targeted,1242,4.63758689761562e-06,121.0636926624062
decision_targeted,1243,4.591211023807773e-06,121.06369725361722
decision_targeted,1244,4.545298907032702e-06,121.06370179891613
decision_targeted,1245,4.499845928762625e-06,121.06370629876204
decision_targeted,1246,4.454847470469758e-06,121.06371075360951
decision_targeted,1247,4.410298984680594e-06,121.06371516390848
decision_targeted,1248,4.366196009186751e-06,121.06371953010446
decision_targeted,1249,4.32253405335814e-06,121.0637238526385
decision_targeted,1250,4.279308697618944e-06,121.06372813194719
decision_targeted,1251,4.236515607658475e-06,121.06373236846278
decision_targeted,1252,4.1941504633769e-06,121.06373656261323
decision_targeted,1253,4.1522089588852396e-06,121.06374071482219
decision_targeted,1254,4.110686859348789e-06,121.06374482550905
decision_targeted,1255,4.069580000987116e-06,121.06374889508905
decision_targeted,1256,4.028884191598081e-06,121.06375292397323
decision_targeted,1257,3.98859535266638e-06,121.06375691256858
decision_targeted,1258,3.948709405676709e-06,121.06376086127798
decision_targeted,1259,3.909222300535475e-06,121.06376477050028
decision_targeted,1260,3.870130086625068e-06,121.06376864063037
decision_targeted,1261,3.831428784906166e-06,121.06377247205916
decision_targeted,1262,3.7931145016045775e-06,121.06377626517363
decision_targeted,1263,3.7551833713678207e-06,121.06378002035697
decision_targeted,1264,3.7176315288434125e-06,121.06378373798847
decision_targeted,1265,3.6804552223657083e-06,121.06378741844367
decision_targeted,1266,3.6436506434256444e-06,121.06379106209431
decision_targeted,1267,3.607214139833559e-06,121.06379466930844
decision_targeted,1268,3.571142002556371e-06,121.06379824045044
decision_targeted,1269,3.5354305794044194e-06,121.06380177588102
decision_targeted,1270,3.5000762892423154e-06,121.0638052759573
decision_targeted,1271,3.4650755083021068e-06,121.0638087410328
decision_targeted,1272,3.4304247833460977e-06,121.06381217145756
decision_targeted,1273,3.3961205190280452e-06,121.06381556757805
decision_targeted,1274,3.3621593047428178e-06,121.06381892973735
decision_targeted,1275,3.3285377298852836e-06,121.06382225827505
decision_targeted,1276,3.2952523554286017e-06,121.06382555352738
decision_targeted,1277,3.2622998134002046e-06,121.06382881582718
decision_targeted,1278,3.2296768068817983e-06,121.06383204550397
decision_targeted,1279,3.197380038955089e-06,121.06383524288401
decision_targeted,1280,3.1654062553343465e-06,121.06383840829025
decision_targeted,1281,3.1337521875229868e-06,121.06384154204244
decision_targeted,1282,3.102414666500408e-06,121.0638446444571
decision_targeted,1283,3.0713905090351545e-06,121.0638477158476
decision_targeted,1284,3.040676617160898e-06,121.0638507565242
decision_targeted,1285,3.010269850278746e-06,121.06385376679404
decision_targeted,1286,2.980167138844081e-06,121.06385674696116
decision_targeted,1287,2.9503654701557025e-06,121.06385969732662
decision_targeted,1288,2.9208618173015566e-06,121.06386261818844
decision_targeted,1289,2.8916532244238624e-06,121.06386550984163
decision_targeted,1290,2.8627366788214204e-06,121.0638683725783
decision_targeted,1291,2.834109309901578e-06,121.0638712066876
decision_targeted,1292,2.8057682044391186e-06,121.06387401245578
decision_targeted,1293,2.777710520263099e-06,121.06387679016629
decision_targeted,1294,2.7499334152025767e-06,121.06387954009969
decision_targeted,1295,2.7224340897191723e-06,121.06388226253378
decision_targeted,1296,2.695209744274507e-06,121.06388495774351
decision_targeted,1297,2.6682576503844757e-06,121.06388762600116
decision_targeted,1298,2.641575079564973e-06,121.06389026757623
decision_targeted,1299,2.6151593317536026e-06,121.06389288273553
decision_targeted,1300,2.5890077353096785e-06,121.06389547174325
decision_targeted,1301,2.5631176612250783e-06,121.0638980348609
decision_targeted,1302,2.5374864804916797e-06,121.06390057234736
decision_targeted,1303,2.5121116067339244e-06,121.06390308445896
decision_targeted,1304,2.4869904962088185e-06,121.06390557144945
decision_targeted,1305,2.4621205909625132e-06,121.06390803357004
decision_targeted,1306,2.4374993898845787e-06,121.06391047106942
decision_targeted,1307,2.413124391864585e-06,121.0639128841938
decision_targeted,1308,2.3889931526355213e-06,121.06391527318695
decision_targeted,1309,2.3651032137195216e-06,121.06391763829015
decision_targeted,1310,2.341452187692994e-06,121.06391997974234
decision_targeted,1311,2.3180376729214913e-06,121.06392229777998
decision_targeted,1312,2.2948572819814217e-06,121.06392459263725
decision_targeted,1313,2.2719086985034664e-06,121.06392686454595
decision_targeted,1314,2.2491896345400164e-06,121.06392911373555
decision_targeted,1315,2.2266977453000436e-06,121.06393134043327
decision_targeted,1316,2.2044307570467936e-06,121.06393354486403
decision_targeted,1317,2.1823864528869308e-06,121.06393572725045
decision_targeted,1318,2.1605625732945555e-06,121.06393788781301
decision_targeted,1319,2.1389569440088962e-06,121.06394002676996
decision_targeted,1320,2.1175673907691817e-06,121.06394214433735
decision_targeted,1321,2.096391710892931e-06,121.06394424072906
decision_targeted,1322,2.075427801173646e-06,121.06394631615686
decision_targeted,1323,2.054673515772265e-06,121.06394837083036
decision_targeted,1324,2.0341267941148544e-06,121.06395040495713
decision_targeted,1325,2.0137855187840614e-06,121.06395241874264
decision_targeted,1326,1.9936476718385165e-06,121.0639544123903
decision_targeted,1327,1.973711206915141e-06,121.06395638610147
decision_targeted,1328,1.9539740492291457e-06,121.06395834007552
decision_targeted,1329,1.934434322947709e-06,121.06396027450984
decision_targeted,1330,1.9150899817077516e-06,121.0639621895998
decision_targeted,1331,1.8959390786221775e-06,121.06396408553888
decision_targeted,1332,1.8769796952256002e-06,121.06396596251858
decision_targeted,1333,1.8582098988417783e-06,121.06396782072846
decision_targeted,1334,1.8396278278487443e-06,121.06396966035626
decision_targeted,1335,1.8212315211485475e-06,121.06397148158777
decision_targeted,1336,1.8030192023843483e-06,121.06397328460696
decision_targeted,1337,1.7849890099341792e-06,121.06397506959595
decision_targeted,1338,1.7671391105977818e-06,121.06397683673507
decision_targeted,1339,1.7494677422291716e-06,121.06397858620278
decision_targeted,1340,1.7319730432063807e-06,121.06398031817582
decision_targeted,1341,1.7146533082268434e-06,121.06398203282913
decision_targeted,1342,1.697506775144575e-06,121.0639837303359
decision_targeted,1343,1.6805317244461548e-06,121.06398541086762
decision_targeted,1344,1.6637264081964531e-06,121.06398707459402
decision_targeted,1345,1.647089163725468e-06,121.06398872168316
decision_targeted,1346,1.6306182430980698e-06,121.0639903523014
decision_targeted,1347,1.6143120689093848e-06,121.06399196661346
decision_targeted,1348,1.598168950067702e-06,121.06399356478241
decision_targeted,1349,1.582187266535584e-06,121.06399514696966
decision_targeted,1350,1.5663653698538837e-06,121.06399671333503
decision_targeted,1351,1.5507017394611466e-06,121.06399826403677
decision_targeted,1352,1.535194712687371e-06,121.06399979923148
decision_targeted,1353,1.5198427831819572e-06,121.06400131907424
decision_targeted,1354,1.5046443309074675e-06,121.06400282371857
decision_targeted,1355,1.4895978921458664e-06,121.06400431331645
decision_targeted,1356,1.4747019321248445e-06,121.06400578801836
decision_targeted,1357,1.4599549018612379e-06,121.06400724797325
decision_targeted,1358,1.445355337637011e-06,121.06400869332859
decision_targeted,1359,1.4309018041558375e-06,121.06401012423038
decision_targeted,1360,1.4165927666454081e-06,121.06401154082315
decision_targeted,1361,1.4024268466528156e-06,121.06401294324999
decision_targeted,1362,1.3884025804600242e-06,121.06401433165257
decision_targeted,1363,1.3745185611924171e-06,121.06401570617112
decision_targeted,1364,1.3607733677645228e-06,121.06401706694447
decision_targeted,1365,1.3471656501451434e-06,121.06401841411011
decision_targeted,1366,1.3336939872488074e-06,121.06401974780408
decision_targeted,1367,1.3203570290443167e-06,121.06402106816111
decision_targeted,1368,1.3071534823438924e-06,121.06402237531458
decision_targeted,1369,1.2940819402729176e-06,121.0640236693965
decision_targeted,1370,1.2811411238544679e-06,121.06402495053763
decision_targeted,1371,1.2683297114790548e-06,121.06402621886733
decision_targeted,1372,1.2556464099588993e-06,121.06402747451372
decision_targeted,1373,1.243089940317077e-06,121.06402871760366
decision_targeted,1374,1.2306590519983729e-06,121.06402994826271
decision_targeted,1375,1.218352451815008e-06,121.06403116661517
decision_targeted,1376,1.2061689602660408e-06,121.06403237278408
decision_targeted,1377,1.1941072415311282e-06,121.06403356689131
decision_targeted,1378,1.182166158741893e-06,121.06403474905747
decision_targeted,1379,1.1703444897648296e-06,121.06403591940196
decision_targeted,1380,1.1586410835207062e-06,121.06403707804301
decision_targeted,1381,1.1470546610325982e-06,121.06403822509768
decision_targeted,1382,1.135584113853838e-06,121.06403936068179
decision_targeted,1383,1.1242282624834843e-06,121.06404048491004
decision_targeted,1384,1.1129859842640144e-06,121.06404159789602
decision_targeted,1385,1.101856156537906e-06,121.06404269975215
decision_targeted,1386,1.090837571382508e-06,121.0640437905897
decision_targeted,1387,1.0799291771945718e-06,121.06404487051887
decision_targeted,1388,1.069129893949139e-06,121.06404593964876
decision_targeted,1389,1.0584385989886869e-06,121.06404699808735
decision_targeted,1390,1.0478542122882573e-06,121.06404804594155
decision_targeted,1391,1.0373756822446012e-06,121.0640490833172
decision_targeted,1392,1.0270019004110509e-06,121.0640501103191
decision_targeted,1393,1.0167319004494857e-06,121.06405112705099
decision_targeted,1394,1.0065645881240926e-06,121.06405213361555
decision_targeted,1395,9.964989260424773e-07,121.06405313011447
